ERROR:nicegui:'Label' object has no attribute 'add_to'
Traceback (most recent call last):
  File "C:\Users\Hugh\Python_venvs\workstation1_venv\Lib\site-packages\nicegui\events.py", line 433, in handle_event
    result = cast(Callable[[], Any], handler)()
  File "F:\VulcanConnect2025-09\frontend\pages\frames_export.py", line 19, in find_and_display
    ui.label(results).style('color: blue').add_to(tab)
    ^^^^^^^^^^^^^^^^^^^^^^^^^^^^^^^^^^^^^^^^^^^^^
AttributeError: 'Label' object has no attribute 'add_to'
ERROR:nicegui:'Label' object has no attribute 'add_to'
Traceback (most recent call last):
  File "C:\Users\Hugh\Python_venvs\workstation1_venv\Lib\site-packages\nicegui\events.py", line 433, in handle_event
    result = cast(Callable[[], Any], handler)()
  File "F:\VulcanConnect2025-09\frontend\pages\frames_export.py", line 19, in find_and_display
    ui.label(results).style('color: blue').add_to(tab)
    ^^^^^^^^^^^^^^^^^^^^^^^^^^^^^^^^^^^^^^^^^^^^^
AttributeError: 'Label' object has no attribute 'add_to'
ERROR:nicegui:'Label' object has no attribute 'add_to'
Traceback (most recent call last):
  File "C:\Users\Hugh\Python_venvs\workstation1_venv\Lib\site-packages\nicegui\events.py", line 433, in handle_event
    result = cast(Callable[[], Any], handler)()
  File "F:\VulcanConnect2025-09\frontend\pages\frames_export.py", line 19, in find_and_display
    ui.label(results).style('color: blue').add_to(tab)
    ^^^^^^^^^^^^^^^^^^^^^^^^^^^^^^^^^^^^^^^^^^^^^
AttributeError: 'Label' object has no attribute 'add_to'
ERROR:nicegui:'Label' object has no attribute 'add_to'
Traceback (most recent call last):
  File "C:\Users\Hugh\Python_venvs\workstation1_venv\Lib\site-packages\nicegui\events.py", line 433, in handle_event
    result = cast(Callable[[], Any], handler)()
  File "F:\VulcanConnect2025-09\frontend\pages\frames_export.py", line 19, in find_and_display
    ui.label(results).style('color: blue').add_to(tab)
    ^^^^^^^^^^^^^^^^^^^^^^^^^^^^^^^^^^^^^^^^^^^^^
AttributeError: 'Label' object has no attribute 'add_to'
ERROR:nicegui:'Label' object has no attribute 'add_to'
Traceback (most recent call last):
  File "C:\Users\Hugh\Python_venvs\workstation1_venv\Lib\site-packages\nicegui\events.py", line 433, in handle_event
    result = cast(Callable[[], Any], handler)()
  File "F:\VulcanConnect2025-09\frontend\pages\frames_export.py", line 20, in find_and_display
    ui.label(results).style('color: blue').add_to(tab)
    ^^^^^^^^^^^^^^^^^^^^^^^^^^^^^^^^^^^^^^^^^^^^^
AttributeError: 'Label' object has no attribute 'add_to'
ERROR:nicegui:'Label' object has no attribute 'add_to'
Traceback (most recent call last):
  File "C:\Users\Hugh\Python_venvs\workstation1_venv\Lib\site-packages\nicegui\events.py", line 433, in handle_event
    result = cast(Callable[[], Any], handler)()
  File "F:\VulcanConnect2025-09\frontend\pages\frames_export.py", line 20, in find_and_display
    ui.label(results).style('color: blue').add_to(tab)
    ^^^^^^^^^^^^^^^^^^^^^^^^^^^^^^^^^^^^^^^^^^^^^
AttributeError: 'Label' object has no attribute 'add_to'
ERROR:nicegui:'Label' object has no attribute 'add_to'
Traceback (most recent call last):
  File "C:\Users\Hugh\Python_venvs\workstation1_venv\Lib\site-packages\nicegui\events.py", line 433, in handle_event
    result = cast(Callable[[], Any], handler)()
  File "F:\VulcanConnect2025-09\frontend\pages\frames_export.py", line 22, in find_and_display
    ui.label(results).style('color: blue').add_to(tab)
    ^^^^^^^^^^^^^^^^^^^^^^^^^^^^^^^^^^^^^^^^^^^^^
AttributeError: 'Label' object has no attribute 'add_to'
ERROR:nicegui:'Label' object has no attribute 'add_to'
Traceback (most recent call last):
  File "C:\Users\Hugh\Python_venvs\workstation1_venv\Lib\site-packages\nicegui\events.py", line 433, in handle_event
    result = cast(Callable[[], Any], handler)()
  File "F:\VulcanConnect2025-09\frontend\pages\frames_export.py", line 22, in find_and_display
    ui.label(results).style('color: blue').add_to(tab)
    ^^^^^^^^^^^^^^^^^^^^^^^^^^^^^^^^^^^^^^^^^^^^^
AttributeError: 'Label' object has no attribute 'add_to'
ERROR:nicegui:'Label' object has no attribute 'add_to'
Traceback (most recent call last):
  File "C:\Users\Hugh\Python_venvs\workstation1_venv\Lib\site-packages\nicegui\events.py", line 433, in handle_event
    result = cast(Callable[[], Any], handler)()
  File "F:\VulcanConnect2025-09\frontend\pages\frames_export.py", line 22, in find_and_display
    ui.label(results).style('color: blue').add_to(tab)
    ^^^^^^^^^^^^^^^^^^^^^^^^^^^^^^^^^^^^^^^^^^^^^
AttributeError: 'Label' object has no attribute 'add_to'
ERROR:nicegui:'Label' object has no attribute 'add_to'
Traceback (most recent call last):
  File "C:\Users\Hugh\Python_venvs\workstation1_venv\Lib\site-packages\nicegui\events.py", line 433, in handle_event
    result = cast(Callable[[], Any], handler)()
  File "F:\VulcanConnect2025-09\frontend\pages\frames_export.py", line 22, in find_and_display
    ui.label(results).style('color: blue').add_to(tab)
    ^^^^^^^^^^^^^^^^^^^^^^^^^^^^^^^^^^^^^^^^^^^^^
AttributeError: 'Label' object has no attribute 'add_to'
ERROR:nicegui:'Label' object has no attribute 'add_to'
Traceback (most recent call last):
  File "C:\Users\Hugh\Python_venvs\workstation1_venv\Lib\site-packages\nicegui\events.py", line 433, in handle_event
    result = cast(Callable[[], Any], handler)()
  File "F:\VulcanConnect2025-09\frontend\pages\frames_export.py", line 22, in find_and_display
    ui.label(results).style('color: blue').add_to(tab)
    ^^^^^^^^^^^^^^^^^^^^^^^^^^^^^^^^^^^^^^^^^^^^^
AttributeError: 'Label' object has no attribute 'add_to'
ERROR:nicegui:'Label' object has no attribute 'add_to'
Traceback (most recent call last):
  File "C:\Users\Hugh\Python_venvs\workstation1_venv\Lib\site-packages\nicegui\events.py", line 433, in handle_event
    result = cast(Callable[[], Any], handler)()
  File "F:\VulcanConnect2025-09\frontend\pages\frames_export.py", line 22, in find_and_display
    ui.label(results).style('color: blue').add_to(tab)
    ^^^^^^^^^^^^^^^^^^^^^^^^^^^^^^^^^^^^^^^^^^^^^
AttributeError: 'Label' object has no attribute 'add_to'
ERROR:nicegui:'Label' object has no attribute 'add_to'
Traceback (most recent call last):
  File "C:\Users\Hugh\Python_venvs\workstation1_venv\Lib\site-packages\nicegui\events.py", line 433, in handle_event
    result = cast(Callable[[], Any], handler)()
  File "F:\VulcanConnect2025-09\frontend\pages\frames_export.py", line 22, in find_and_display
    ui.label(results).style('color: blue').add_to(tab)
    ^^^^^^^^^^^^^^^^^^^^^^^^^^^^^^^^^^^^^^^^^^^^^
AttributeError: 'Label' object has no attribute 'add_to'
ERROR:nicegui:'Label' object has no attribute 'add_to'
Traceback (most recent call last):
  File "C:\Users\Hugh\Python_venvs\workstation1_venv\Lib\site-packages\nicegui\events.py", line 433, in handle_event
    result = cast(Callable[[], Any], handler)()
  File "F:\VulcanConnect2025-09\frontend\pages\frames_export.py", line 24, in find_and_display
    label.add_to(tab)  # Add the label to the tab
    ^^^^^^^^^^^^
AttributeError: 'Label' object has no attribute 'add_to'
ERROR:nicegui:'Label' object has no attribute 'add_to'
Traceback (most recent call last):
  File "C:\Users\Hugh\Python_venvs\workstation1_venv\Lib\site-packages\nicegui\events.py", line 433, in handle_event
    result = cast(Callable[[], Any], handler)()
  File "F:\VulcanConnect2025-09\frontend\pages\frames_export.py", line 24, in find_and_display
    label.add_to(tab)  # Add the label to the tab
    ^^^^^^^^^^^^
AttributeError: 'Label' object has no attribute 'add_to'
ERROR:nicegui:'Label' object has no attribute 'add_to'
Traceback (most recent call last):
  File "C:\Users\Hugh\Python_venvs\workstation1_venv\Lib\site-packages\nicegui\events.py", line 433, in handle_event
    result = cast(Callable[[], Any], handler)()
  File "F:\VulcanConnect2025-09\frontend\pages\frames_export.py", line 24, in find_and_display
    label.add_to(tab)  # Add the label to the tab
    ^^^^^^^^^^^^
AttributeError: 'Label' object has no attribute 'add_to'
ERROR:nicegui:'Label' object has no attribute 'add_to'
Traceback (most recent call last):
  File "C:\Users\Hugh\Python_venvs\workstation1_venv\Lib\site-packages\nicegui\events.py", line 433, in handle_event
    result = cast(Callable[[], Any], handler)()
  File "F:\VulcanConnect2025-09\frontend\pages\frames_export.py", line 23, in find_and_display
    label.add_to(results_tab)  # Add the label to the tab
    ^^^^^^^^^^^^
AttributeError: 'Label' object has no attribute 'add_to'
ERROR:nicegui:'Label' object has no attribute 'add_to'
Traceback (most recent call last):
  File "C:\Users\Hugh\Python_venvs\workstation1_venv\Lib\site-packages\nicegui\events.py", line 433, in handle_event
    result = cast(Callable[[], Any], handler)()
  File "F:\VulcanConnect2025-09\frontend\pages\frames_export.py", line 23, in find_and_display
    label.add_to(results_tab)  # Add the label to the tab
    ^^^^^^^^^^^^
AttributeError: 'Label' object has no attribute 'add_to'
ERROR:nicegui:'Label' object has no attribute 'add_to'
Traceback (most recent call last):
  File "C:\Users\Hugh\Python_venvs\workstation1_venv\Lib\site-packages\nicegui\events.py", line 433, in handle_event
    result = cast(Callable[[], Any], handler)()
  File "F:\VulcanConnect2025-09\frontend\pages\frames_export.py", line 31, in find_and_display
    label.add_to(results_tab)  # Add the label to the tab
    ^^^^^^^^^^^^
AttributeError: 'Label' object has no attribute 'add_to'
ERROR:nicegui:'FrameUIState' object has no attribute 'encode_button'
  + Exception Group Traceback (most recent call last):
  |   File "C:\Users\Hugh\Python_venvs\workstation1_venv\Lib\site-packages\starlette\_utils.py", line 77, in collapse_excgroups
  |     yield
  |   File "C:\Users\Hugh\Python_venvs\workstation1_venv\Lib\site-packages\starlette\middleware\base.py", line 183, in __call__
  |     async with anyio.create_task_group() as task_group:
  |                ~~~~~~~~~~~~~~~~~~~~~~~^^
  |   File "C:\Users\Hugh\Python_venvs\workstation1_venv\Lib\site-packages\anyio\_backends\_asyncio.py", line 772, in __aexit__
  |     raise BaseExceptionGroup(
  |         "unhandled errors in a TaskGroup", self._exceptions
  |     ) from None
  | ExceptionGroup: unhandled errors in a TaskGroup (1 sub-exception)
  +-+---------------- 1 ----------------
    | Traceback (most recent call last):
    |   File "C:\Users\Hugh\Python_venvs\workstation1_venv\Lib\site-packages\starlette\middleware\errors.py", line 164, in __call__
    |     await self.app(scope, receive, _send)
    |   File "C:\Users\Hugh\Python_venvs\workstation1_venv\Lib\site-packages\starlette\middleware\base.py", line 182, in __call__
    |     with recv_stream, send_stream, collapse_excgroups():
    |                                    ~~~~~~~~~~~~~~~~~~^^
    |   File "C:\Users\Hugh\AppData\Local\Programs\Python\Python313\Lib\contextlib.py", line 162, in __exit__
    |     self.gen.throw(value)
    |     ~~~~~~~~~~~~~~^^^^^^^
    |   File "C:\Users\Hugh\Python_venvs\workstation1_venv\Lib\site-packages\starlette\_utils.py", line 83, in collapse_excgroups
    |     raise exc
    |   File "C:\Users\Hugh\Python_venvs\workstation1_venv\Lib\site-packages\starlette\middleware\base.py", line 184, in __call__
    |     response = await self.dispatch_func(request, call_next)
    |                ^^^^^^^^^^^^^^^^^^^^^^^^^^^^^^^^^^^^^^^^^^^^
    |   File "C:\Users\Hugh\Python_venvs\workstation1_venv\Lib\site-packages\nicegui\middlewares.py", line 23, in dispatch
    |     response = await call_next(request)
    |                ^^^^^^^^^^^^^^^^^^^^^^^^
    |   File "C:\Users\Hugh\Python_venvs\workstation1_venv\Lib\site-packages\starlette\middleware\base.py", line 159, in call_next
    |     raise app_exc
    |   File "C:\Users\Hugh\Python_venvs\workstation1_venv\Lib\site-packages\starlette\middleware\base.py", line 144, in coro
    |     await self.app(scope, receive_or_disconnect, send_no_error)
    |   File "C:\Users\Hugh\Python_venvs\workstation1_venv\Lib\site-packages\starlette\middleware\base.py", line 182, in __call__
    |     with recv_stream, send_stream, collapse_excgroups():
    |                                    ~~~~~~~~~~~~~~~~~~^^
    |   File "C:\Users\Hugh\AppData\Local\Programs\Python\Python313\Lib\contextlib.py", line 162, in __exit__
    |     self.gen.throw(value)
    |     ~~~~~~~~~~~~~~^^^^^^^
    |   File "C:\Users\Hugh\Python_venvs\workstation1_venv\Lib\site-packages\starlette\_utils.py", line 83, in collapse_excgroups
    |     raise exc
    |   File "C:\Users\Hugh\Python_venvs\workstation1_venv\Lib\site-packages\starlette\middleware\base.py", line 184, in __call__
    |     response = await self.dispatch_func(request, call_next)
    |                ^^^^^^^^^^^^^^^^^^^^^^^^^^^^^^^^^^^^^^^^^^^^
    |   File "C:\Users\Hugh\Python_venvs\workstation1_venv\Lib\site-packages\nicegui\middlewares.py", line 13, in dispatch
    |     response = await call_next(request)
    |                ^^^^^^^^^^^^^^^^^^^^^^^^
    |   File "C:\Users\Hugh\Python_venvs\workstation1_venv\Lib\site-packages\starlette\middleware\base.py", line 159, in call_next
    |     raise app_exc
    |   File "C:\Users\Hugh\Python_venvs\workstation1_venv\Lib\site-packages\starlette\middleware\base.py", line 144, in coro
    |     await self.app(scope, receive_or_disconnect, send_no_error)
    |   File "C:\Users\Hugh\Python_venvs\workstation1_venv\Lib\site-packages\starlette\middleware\gzip.py", line 29, in __call__
    |     await responder(scope, receive, send)
    |   File "C:\Users\Hugh\Python_venvs\workstation1_venv\Lib\site-packages\starlette\middleware\gzip.py", line 130, in __call__
    |     await super().__call__(scope, receive, send)
    |   File "C:\Users\Hugh\Python_venvs\workstation1_venv\Lib\site-packages\starlette\middleware\gzip.py", line 46, in __call__
    |     await self.app(scope, receive, self.send_with_compression)
    |   File "C:\Users\Hugh\Python_venvs\workstation1_venv\Lib\site-packages\starlette\middleware\exceptions.py", line 63, in __call__
    |     await wrap_app_handling_exceptions(self.app, conn)(scope, receive, send)
    |   File "C:\Users\Hugh\Python_venvs\workstation1_venv\Lib\site-packages\starlette\_exception_handler.py", line 53, in wrapped_app
    |     raise exc
    |   File "C:\Users\Hugh\Python_venvs\workstation1_venv\Lib\site-packages\starlette\_exception_handler.py", line 42, in wrapped_app
    |     await app(scope, receive, sender)
    |   File "C:\Users\Hugh\Python_venvs\workstation1_venv\Lib\site-packages\starlette\routing.py", line 716, in __call__
    |     await self.middleware_stack(scope, receive, send)
    |   File "C:\Users\Hugh\Python_venvs\workstation1_venv\Lib\site-packages\starlette\routing.py", line 736, in app
    |     await route.handle(scope, receive, send)
    |   File "C:\Users\Hugh\Python_venvs\workstation1_venv\Lib\site-packages\starlette\routing.py", line 290, in handle
    |     await self.app(scope, receive, send)
    |   File "C:\Users\Hugh\Python_venvs\workstation1_venv\Lib\site-packages\starlette\routing.py", line 78, in app
    |     await wrap_app_handling_exceptions(app, request)(scope, receive, send)
    |   File "C:\Users\Hugh\Python_venvs\workstation1_venv\Lib\site-packages\starlette\_exception_handler.py", line 53, in wrapped_app
    |     raise exc
    |   File "C:\Users\Hugh\Python_venvs\workstation1_venv\Lib\site-packages\starlette\_exception_handler.py", line 42, in wrapped_app
    |     await app(scope, receive, sender)
    |   File "C:\Users\Hugh\Python_venvs\workstation1_venv\Lib\site-packages\starlette\routing.py", line 75, in app
    |     response = await f(request)
    |                ^^^^^^^^^^^^^^^^
    |   File "C:\Users\Hugh\Python_venvs\workstation1_venv\Lib\site-packages\fastapi\routing.py", line 302, in app
    |     raw_response = await run_endpoint_function(
    |                    ^^^^^^^^^^^^^^^^^^^^^^^^^^^^
    |     ...<3 lines>...
    |     )
    |     ^
    |   File "C:\Users\Hugh\Python_venvs\workstation1_venv\Lib\site-packages\fastapi\routing.py", line 213, in run_endpoint_function
    |     return await dependant.call(**values)
    |            ^^^^^^^^^^^^^^^^^^^^^^^^^^^^^^
    |   File "C:\Users\Hugh\Python_venvs\workstation1_venv\Lib\site-packages\nicegui\page.py", line 148, in decorated
    |     return create_error_page(e, request)
    |   File "C:\Users\Hugh\Python_venvs\workstation1_venv\Lib\site-packages\nicegui\page.py", line 115, in create_error_page
    |     raise e
    |   File "C:\Users\Hugh\Python_venvs\workstation1_venv\Lib\site-packages\nicegui\page.py", line 146, in decorated
    |     result = func(*dec_args, **dec_kwargs)
    |   File "F:\VulcanConnect2025-09\frontend\pages\frames_export.py", line 37, in frames_export_page
    |     ui_state.encode_button.on_click(encode(ui_state))
    |     ^^^^^^^^^^^^^^^^^^^^^^
    | AttributeError: 'FrameUIState' object has no attribute 'encode_button'
    +------------------------------------

During handling of the above exception, another exception occurred:

Traceback (most recent call last):
  File "C:\Users\Hugh\Python_venvs\workstation1_venv\Lib\site-packages\starlette\middleware\errors.py", line 164, in __call__
    await self.app(scope, receive, _send)
  File "C:\Users\Hugh\Python_venvs\workstation1_venv\Lib\site-packages\starlette\middleware\base.py", line 182, in __call__
    with recv_stream, send_stream, collapse_excgroups():
                                   ~~~~~~~~~~~~~~~~~~^^
  File "C:\Users\Hugh\AppData\Local\Programs\Python\Python313\Lib\contextlib.py", line 162, in __exit__
    self.gen.throw(value)
    ~~~~~~~~~~~~~~^^^^^^^
  File "C:\Users\Hugh\Python_venvs\workstation1_venv\Lib\site-packages\starlette\_utils.py", line 83, in collapse_excgroups
    raise exc
  File "C:\Users\Hugh\Python_venvs\workstation1_venv\Lib\site-packages\starlette\middleware\base.py", line 184, in __call__
    response = await self.dispatch_func(request, call_next)
               ^^^^^^^^^^^^^^^^^^^^^^^^^^^^^^^^^^^^^^^^^^^^
  File "C:\Users\Hugh\Python_venvs\workstation1_venv\Lib\site-packages\nicegui\middlewares.py", line 23, in dispatch
    response = await call_next(request)
               ^^^^^^^^^^^^^^^^^^^^^^^^
  File "C:\Users\Hugh\Python_venvs\workstation1_venv\Lib\site-packages\starlette\middleware\base.py", line 159, in call_next
    raise app_exc
  File "C:\Users\Hugh\Python_venvs\workstation1_venv\Lib\site-packages\starlette\middleware\base.py", line 144, in coro
    await self.app(scope, receive_or_disconnect, send_no_error)
  File "C:\Users\Hugh\Python_venvs\workstation1_venv\Lib\site-packages\starlette\middleware\base.py", line 182, in __call__
    with recv_stream, send_stream, collapse_excgroups():
                                   ~~~~~~~~~~~~~~~~~~^^
  File "C:\Users\Hugh\AppData\Local\Programs\Python\Python313\Lib\contextlib.py", line 162, in __exit__
    self.gen.throw(value)
    ~~~~~~~~~~~~~~^^^^^^^
  File "C:\Users\Hugh\Python_venvs\workstation1_venv\Lib\site-packages\starlette\_utils.py", line 83, in collapse_excgroups
    raise exc
  File "C:\Users\Hugh\Python_venvs\workstation1_venv\Lib\site-packages\starlette\middleware\base.py", line 184, in __call__
    response = await self.dispatch_func(request, call_next)
               ^^^^^^^^^^^^^^^^^^^^^^^^^^^^^^^^^^^^^^^^^^^^
  File "C:\Users\Hugh\Python_venvs\workstation1_venv\Lib\site-packages\nicegui\middlewares.py", line 13, in dispatch
    response = await call_next(request)
               ^^^^^^^^^^^^^^^^^^^^^^^^
  File "C:\Users\Hugh\Python_venvs\workstation1_venv\Lib\site-packages\starlette\middleware\base.py", line 159, in call_next
    raise app_exc
  File "C:\Users\Hugh\Python_venvs\workstation1_venv\Lib\site-packages\starlette\middleware\base.py", line 144, in coro
    await self.app(scope, receive_or_disconnect, send_no_error)
  File "C:\Users\Hugh\Python_venvs\workstation1_venv\Lib\site-packages\starlette\middleware\gzip.py", line 29, in __call__
    await responder(scope, receive, send)
  File "C:\Users\Hugh\Python_venvs\workstation1_venv\Lib\site-packages\starlette\middleware\gzip.py", line 130, in __call__
    await super().__call__(scope, receive, send)
  File "C:\Users\Hugh\Python_venvs\workstation1_venv\Lib\site-packages\starlette\middleware\gzip.py", line 46, in __call__
    await self.app(scope, receive, self.send_with_compression)
  File "C:\Users\Hugh\Python_venvs\workstation1_venv\Lib\site-packages\starlette\middleware\exceptions.py", line 63, in __call__
    await wrap_app_handling_exceptions(self.app, conn)(scope, receive, send)
  File "C:\Users\Hugh\Python_venvs\workstation1_venv\Lib\site-packages\starlette\_exception_handler.py", line 53, in wrapped_app
    raise exc
  File "C:\Users\Hugh\Python_venvs\workstation1_venv\Lib\site-packages\starlette\_exception_handler.py", line 42, in wrapped_app
    await app(scope, receive, sender)
  File "C:\Users\Hugh\Python_venvs\workstation1_venv\Lib\site-packages\starlette\routing.py", line 716, in __call__
    await self.middleware_stack(scope, receive, send)
  File "C:\Users\Hugh\Python_venvs\workstation1_venv\Lib\site-packages\starlette\routing.py", line 736, in app
    await route.handle(scope, receive, send)
  File "C:\Users\Hugh\Python_venvs\workstation1_venv\Lib\site-packages\starlette\routing.py", line 290, in handle
    await self.app(scope, receive, send)
  File "C:\Users\Hugh\Python_venvs\workstation1_venv\Lib\site-packages\starlette\routing.py", line 78, in app
    await wrap_app_handling_exceptions(app, request)(scope, receive, send)
  File "C:\Users\Hugh\Python_venvs\workstation1_venv\Lib\site-packages\starlette\_exception_handler.py", line 53, in wrapped_app
    raise exc
  File "C:\Users\Hugh\Python_venvs\workstation1_venv\Lib\site-packages\starlette\_exception_handler.py", line 42, in wrapped_app
    await app(scope, receive, sender)
  File "C:\Users\Hugh\Python_venvs\workstation1_venv\Lib\site-packages\starlette\routing.py", line 75, in app
    response = await f(request)
               ^^^^^^^^^^^^^^^^
  File "C:\Users\Hugh\Python_venvs\workstation1_venv\Lib\site-packages\fastapi\routing.py", line 302, in app
    raw_response = await run_endpoint_function(
                   ^^^^^^^^^^^^^^^^^^^^^^^^^^^^
    ...<3 lines>...
    )
    ^
  File "C:\Users\Hugh\Python_venvs\workstation1_venv\Lib\site-packages\fastapi\routing.py", line 213, in run_endpoint_function
    return await dependant.call(**values)
           ^^^^^^^^^^^^^^^^^^^^^^^^^^^^^^
  File "C:\Users\Hugh\Python_venvs\workstation1_venv\Lib\site-packages\nicegui\page.py", line 148, in decorated
    return create_error_page(e, request)
  File "C:\Users\Hugh\Python_venvs\workstation1_venv\Lib\site-packages\nicegui\page.py", line 115, in create_error_page
    raise e
  File "C:\Users\Hugh\Python_venvs\workstation1_venv\Lib\site-packages\nicegui\page.py", line 146, in decorated
    result = func(*dec_args, **dec_kwargs)
  File "F:\VulcanConnect2025-09\frontend\pages\frames_export.py", line 37, in frames_export_page
    ui_state.encode_button.on_click(encode(ui_state))
    ^^^^^^^^^^^^^^^^^^^^^^
AttributeError: 'FrameUIState' object has no attribute 'encode_button'
ERROR:nicegui:'FrameUIState' object has no attribute 'encode_button'
  + Exception Group Traceback (most recent call last):
  |   File "C:\Users\Hugh\Python_venvs\workstation1_venv\Lib\site-packages\starlette\_utils.py", line 77, in collapse_excgroups
  |     yield
  |   File "C:\Users\Hugh\Python_venvs\workstation1_venv\Lib\site-packages\starlette\middleware\base.py", line 183, in __call__
  |     async with anyio.create_task_group() as task_group:
  |                ~~~~~~~~~~~~~~~~~~~~~~~^^
  |   File "C:\Users\Hugh\Python_venvs\workstation1_venv\Lib\site-packages\anyio\_backends\_asyncio.py", line 772, in __aexit__
  |     raise BaseExceptionGroup(
  |         "unhandled errors in a TaskGroup", self._exceptions
  |     ) from None
  | ExceptionGroup: unhandled errors in a TaskGroup (1 sub-exception)
  +-+---------------- 1 ----------------
    | Traceback (most recent call last):
    |   File "C:\Users\Hugh\Python_venvs\workstation1_venv\Lib\site-packages\starlette\middleware\errors.py", line 164, in __call__
    |     await self.app(scope, receive, _send)
    |   File "C:\Users\Hugh\Python_venvs\workstation1_venv\Lib\site-packages\starlette\middleware\base.py", line 182, in __call__
    |     with recv_stream, send_stream, collapse_excgroups():
    |                                    ~~~~~~~~~~~~~~~~~~^^
    |   File "C:\Users\Hugh\AppData\Local\Programs\Python\Python313\Lib\contextlib.py", line 162, in __exit__
    |     self.gen.throw(value)
    |     ~~~~~~~~~~~~~~^^^^^^^
    |   File "C:\Users\Hugh\Python_venvs\workstation1_venv\Lib\site-packages\starlette\_utils.py", line 83, in collapse_excgroups
    |     raise exc
    |   File "C:\Users\Hugh\Python_venvs\workstation1_venv\Lib\site-packages\starlette\middleware\base.py", line 184, in __call__
    |     response = await self.dispatch_func(request, call_next)
    |                ^^^^^^^^^^^^^^^^^^^^^^^^^^^^^^^^^^^^^^^^^^^^
    |   File "C:\Users\Hugh\Python_venvs\workstation1_venv\Lib\site-packages\nicegui\middlewares.py", line 23, in dispatch
    |     response = await call_next(request)
    |                ^^^^^^^^^^^^^^^^^^^^^^^^
    |   File "C:\Users\Hugh\Python_venvs\workstation1_venv\Lib\site-packages\starlette\middleware\base.py", line 159, in call_next
    |     raise app_exc
    |   File "C:\Users\Hugh\Python_venvs\workstation1_venv\Lib\site-packages\starlette\middleware\base.py", line 144, in coro
    |     await self.app(scope, receive_or_disconnect, send_no_error)
    |   File "C:\Users\Hugh\Python_venvs\workstation1_venv\Lib\site-packages\starlette\middleware\base.py", line 182, in __call__
    |     with recv_stream, send_stream, collapse_excgroups():
    |                                    ~~~~~~~~~~~~~~~~~~^^
    |   File "C:\Users\Hugh\AppData\Local\Programs\Python\Python313\Lib\contextlib.py", line 162, in __exit__
    |     self.gen.throw(value)
    |     ~~~~~~~~~~~~~~^^^^^^^
    |   File "C:\Users\Hugh\Python_venvs\workstation1_venv\Lib\site-packages\starlette\_utils.py", line 83, in collapse_excgroups
    |     raise exc
    |   File "C:\Users\Hugh\Python_venvs\workstation1_venv\Lib\site-packages\starlette\middleware\base.py", line 184, in __call__
    |     response = await self.dispatch_func(request, call_next)
    |                ^^^^^^^^^^^^^^^^^^^^^^^^^^^^^^^^^^^^^^^^^^^^
    |   File "C:\Users\Hugh\Python_venvs\workstation1_venv\Lib\site-packages\nicegui\middlewares.py", line 13, in dispatch
    |     response = await call_next(request)
    |                ^^^^^^^^^^^^^^^^^^^^^^^^
    |   File "C:\Users\Hugh\Python_venvs\workstation1_venv\Lib\site-packages\starlette\middleware\base.py", line 159, in call_next
    |     raise app_exc
    |   File "C:\Users\Hugh\Python_venvs\workstation1_venv\Lib\site-packages\starlette\middleware\base.py", line 144, in coro
    |     await self.app(scope, receive_or_disconnect, send_no_error)
    |   File "C:\Users\Hugh\Python_venvs\workstation1_venv\Lib\site-packages\starlette\middleware\gzip.py", line 29, in __call__
    |     await responder(scope, receive, send)
    |   File "C:\Users\Hugh\Python_venvs\workstation1_venv\Lib\site-packages\starlette\middleware\gzip.py", line 130, in __call__
    |     await super().__call__(scope, receive, send)
    |   File "C:\Users\Hugh\Python_venvs\workstation1_venv\Lib\site-packages\starlette\middleware\gzip.py", line 46, in __call__
    |     await self.app(scope, receive, self.send_with_compression)
    |   File "C:\Users\Hugh\Python_venvs\workstation1_venv\Lib\site-packages\starlette\middleware\exceptions.py", line 63, in __call__
    |     await wrap_app_handling_exceptions(self.app, conn)(scope, receive, send)
    |   File "C:\Users\Hugh\Python_venvs\workstation1_venv\Lib\site-packages\starlette\_exception_handler.py", line 53, in wrapped_app
    |     raise exc
    |   File "C:\Users\Hugh\Python_venvs\workstation1_venv\Lib\site-packages\starlette\_exception_handler.py", line 42, in wrapped_app
    |     await app(scope, receive, sender)
    |   File "C:\Users\Hugh\Python_venvs\workstation1_venv\Lib\site-packages\starlette\routing.py", line 716, in __call__
    |     await self.middleware_stack(scope, receive, send)
    |   File "C:\Users\Hugh\Python_venvs\workstation1_venv\Lib\site-packages\starlette\routing.py", line 736, in app
    |     await route.handle(scope, receive, send)
    |   File "C:\Users\Hugh\Python_venvs\workstation1_venv\Lib\site-packages\starlette\routing.py", line 290, in handle
    |     await self.app(scope, receive, send)
    |   File "C:\Users\Hugh\Python_venvs\workstation1_venv\Lib\site-packages\starlette\routing.py", line 78, in app
    |     await wrap_app_handling_exceptions(app, request)(scope, receive, send)
    |   File "C:\Users\Hugh\Python_venvs\workstation1_venv\Lib\site-packages\starlette\_exception_handler.py", line 53, in wrapped_app
    |     raise exc
    |   File "C:\Users\Hugh\Python_venvs\workstation1_venv\Lib\site-packages\starlette\_exception_handler.py", line 42, in wrapped_app
    |     await app(scope, receive, sender)
    |   File "C:\Users\Hugh\Python_venvs\workstation1_venv\Lib\site-packages\starlette\routing.py", line 75, in app
    |     response = await f(request)
    |                ^^^^^^^^^^^^^^^^
    |   File "C:\Users\Hugh\Python_venvs\workstation1_venv\Lib\site-packages\fastapi\routing.py", line 302, in app
    |     raw_response = await run_endpoint_function(
    |                    ^^^^^^^^^^^^^^^^^^^^^^^^^^^^
    |     ...<3 lines>...
    |     )
    |     ^
    |   File "C:\Users\Hugh\Python_venvs\workstation1_venv\Lib\site-packages\fastapi\routing.py", line 213, in run_endpoint_function
    |     return await dependant.call(**values)
    |            ^^^^^^^^^^^^^^^^^^^^^^^^^^^^^^
    |   File "C:\Users\Hugh\Python_venvs\workstation1_venv\Lib\site-packages\nicegui\page.py", line 148, in decorated
    |     return create_error_page(e, request)
    |   File "C:\Users\Hugh\Python_venvs\workstation1_venv\Lib\site-packages\nicegui\page.py", line 115, in create_error_page
    |     raise e
    |   File "C:\Users\Hugh\Python_venvs\workstation1_venv\Lib\site-packages\nicegui\page.py", line 146, in decorated
    |     result = func(*dec_args, **dec_kwargs)
    |   File "F:\VulcanConnect2025-09\frontend\pages\frames_export.py", line 37, in frames_export_page
    |     ui_state.encode_button.on_click(encode(ui_state))
    |     ^^^^^^^^^^^^^^^^^^^^^^
    | AttributeError: 'FrameUIState' object has no attribute 'encode_button'
    +------------------------------------

During handling of the above exception, another exception occurred:

Traceback (most recent call last):
  File "C:\Users\Hugh\Python_venvs\workstation1_venv\Lib\site-packages\starlette\middleware\errors.py", line 164, in __call__
    await self.app(scope, receive, _send)
  File "C:\Users\Hugh\Python_venvs\workstation1_venv\Lib\site-packages\starlette\middleware\base.py", line 182, in __call__
    with recv_stream, send_stream, collapse_excgroups():
                                   ~~~~~~~~~~~~~~~~~~^^
  File "C:\Users\Hugh\AppData\Local\Programs\Python\Python313\Lib\contextlib.py", line 162, in __exit__
    self.gen.throw(value)
    ~~~~~~~~~~~~~~^^^^^^^
  File "C:\Users\Hugh\Python_venvs\workstation1_venv\Lib\site-packages\starlette\_utils.py", line 83, in collapse_excgroups
    raise exc
  File "C:\Users\Hugh\Python_venvs\workstation1_venv\Lib\site-packages\starlette\middleware\base.py", line 184, in __call__
    response = await self.dispatch_func(request, call_next)
               ^^^^^^^^^^^^^^^^^^^^^^^^^^^^^^^^^^^^^^^^^^^^
  File "C:\Users\Hugh\Python_venvs\workstation1_venv\Lib\site-packages\nicegui\middlewares.py", line 23, in dispatch
    response = await call_next(request)
               ^^^^^^^^^^^^^^^^^^^^^^^^
  File "C:\Users\Hugh\Python_venvs\workstation1_venv\Lib\site-packages\starlette\middleware\base.py", line 159, in call_next
    raise app_exc
  File "C:\Users\Hugh\Python_venvs\workstation1_venv\Lib\site-packages\starlette\middleware\base.py", line 144, in coro
    await self.app(scope, receive_or_disconnect, send_no_error)
  File "C:\Users\Hugh\Python_venvs\workstation1_venv\Lib\site-packages\starlette\middleware\base.py", line 182, in __call__
    with recv_stream, send_stream, collapse_excgroups():
                                   ~~~~~~~~~~~~~~~~~~^^
  File "C:\Users\Hugh\AppData\Local\Programs\Python\Python313\Lib\contextlib.py", line 162, in __exit__
    self.gen.throw(value)
    ~~~~~~~~~~~~~~^^^^^^^
  File "C:\Users\Hugh\Python_venvs\workstation1_venv\Lib\site-packages\starlette\_utils.py", line 83, in collapse_excgroups
    raise exc
  File "C:\Users\Hugh\Python_venvs\workstation1_venv\Lib\site-packages\starlette\middleware\base.py", line 184, in __call__
    response = await self.dispatch_func(request, call_next)
               ^^^^^^^^^^^^^^^^^^^^^^^^^^^^^^^^^^^^^^^^^^^^
  File "C:\Users\Hugh\Python_venvs\workstation1_venv\Lib\site-packages\nicegui\middlewares.py", line 13, in dispatch
    response = await call_next(request)
               ^^^^^^^^^^^^^^^^^^^^^^^^
  File "C:\Users\Hugh\Python_venvs\workstation1_venv\Lib\site-packages\starlette\middleware\base.py", line 159, in call_next
    raise app_exc
  File "C:\Users\Hugh\Python_venvs\workstation1_venv\Lib\site-packages\starlette\middleware\base.py", line 144, in coro
    await self.app(scope, receive_or_disconnect, send_no_error)
  File "C:\Users\Hugh\Python_venvs\workstation1_venv\Lib\site-packages\starlette\middleware\gzip.py", line 29, in __call__
    await responder(scope, receive, send)
  File "C:\Users\Hugh\Python_venvs\workstation1_venv\Lib\site-packages\starlette\middleware\gzip.py", line 130, in __call__
    await super().__call__(scope, receive, send)
  File "C:\Users\Hugh\Python_venvs\workstation1_venv\Lib\site-packages\starlette\middleware\gzip.py", line 46, in __call__
    await self.app(scope, receive, self.send_with_compression)
  File "C:\Users\Hugh\Python_venvs\workstation1_venv\Lib\site-packages\starlette\middleware\exceptions.py", line 63, in __call__
    await wrap_app_handling_exceptions(self.app, conn)(scope, receive, send)
  File "C:\Users\Hugh\Python_venvs\workstation1_venv\Lib\site-packages\starlette\_exception_handler.py", line 53, in wrapped_app
    raise exc
  File "C:\Users\Hugh\Python_venvs\workstation1_venv\Lib\site-packages\starlette\_exception_handler.py", line 42, in wrapped_app
    await app(scope, receive, sender)
  File "C:\Users\Hugh\Python_venvs\workstation1_venv\Lib\site-packages\starlette\routing.py", line 716, in __call__
    await self.middleware_stack(scope, receive, send)
  File "C:\Users\Hugh\Python_venvs\workstation1_venv\Lib\site-packages\starlette\routing.py", line 736, in app
    await route.handle(scope, receive, send)
  File "C:\Users\Hugh\Python_venvs\workstation1_venv\Lib\site-packages\starlette\routing.py", line 290, in handle
    await self.app(scope, receive, send)
  File "C:\Users\Hugh\Python_venvs\workstation1_venv\Lib\site-packages\starlette\routing.py", line 78, in app
    await wrap_app_handling_exceptions(app, request)(scope, receive, send)
  File "C:\Users\Hugh\Python_venvs\workstation1_venv\Lib\site-packages\starlette\_exception_handler.py", line 53, in wrapped_app
    raise exc
  File "C:\Users\Hugh\Python_venvs\workstation1_venv\Lib\site-packages\starlette\_exception_handler.py", line 42, in wrapped_app
    await app(scope, receive, sender)
  File "C:\Users\Hugh\Python_venvs\workstation1_venv\Lib\site-packages\starlette\routing.py", line 75, in app
    response = await f(request)
               ^^^^^^^^^^^^^^^^
  File "C:\Users\Hugh\Python_venvs\workstation1_venv\Lib\site-packages\fastapi\routing.py", line 302, in app
    raw_response = await run_endpoint_function(
                   ^^^^^^^^^^^^^^^^^^^^^^^^^^^^
    ...<3 lines>...
    )
    ^
  File "C:\Users\Hugh\Python_venvs\workstation1_venv\Lib\site-packages\fastapi\routing.py", line 213, in run_endpoint_function
    return await dependant.call(**values)
           ^^^^^^^^^^^^^^^^^^^^^^^^^^^^^^
  File "C:\Users\Hugh\Python_venvs\workstation1_venv\Lib\site-packages\nicegui\page.py", line 148, in decorated
    return create_error_page(e, request)
  File "C:\Users\Hugh\Python_venvs\workstation1_venv\Lib\site-packages\nicegui\page.py", line 115, in create_error_page
    raise e
  File "C:\Users\Hugh\Python_venvs\workstation1_venv\Lib\site-packages\nicegui\page.py", line 146, in decorated
    result = func(*dec_args, **dec_kwargs)
  File "F:\VulcanConnect2025-09\frontend\pages\frames_export.py", line 37, in frames_export_page
    ui_state.encode_button.on_click(encode(ui_state))
    ^^^^^^^^^^^^^^^^^^^^^^
AttributeError: 'FrameUIState' object has no attribute 'encode_button'
ERROR:nicegui:'NoneType' object has no attribute 'on_click'
  + Exception Group Traceback (most recent call last):
  |   File "C:\Users\Hugh\Python_venvs\workstation1_venv\Lib\site-packages\starlette\_utils.py", line 77, in collapse_excgroups
  |     yield
  |   File "C:\Users\Hugh\Python_venvs\workstation1_venv\Lib\site-packages\starlette\middleware\base.py", line 183, in __call__
  |     async with anyio.create_task_group() as task_group:
  |                ~~~~~~~~~~~~~~~~~~~~~~~^^
  |   File "C:\Users\Hugh\Python_venvs\workstation1_venv\Lib\site-packages\anyio\_backends\_asyncio.py", line 772, in __aexit__
  |     raise BaseExceptionGroup(
  |         "unhandled errors in a TaskGroup", self._exceptions
  |     ) from None
  | ExceptionGroup: unhandled errors in a TaskGroup (1 sub-exception)
  +-+---------------- 1 ----------------
    | Traceback (most recent call last):
    |   File "C:\Users\Hugh\Python_venvs\workstation1_venv\Lib\site-packages\starlette\middleware\errors.py", line 164, in __call__
    |     await self.app(scope, receive, _send)
    |   File "C:\Users\Hugh\Python_venvs\workstation1_venv\Lib\site-packages\starlette\middleware\base.py", line 182, in __call__
    |     with recv_stream, send_stream, collapse_excgroups():
    |                                    ~~~~~~~~~~~~~~~~~~^^
    |   File "C:\Users\Hugh\AppData\Local\Programs\Python\Python313\Lib\contextlib.py", line 162, in __exit__
    |     self.gen.throw(value)
    |     ~~~~~~~~~~~~~~^^^^^^^
    |   File "C:\Users\Hugh\Python_venvs\workstation1_venv\Lib\site-packages\starlette\_utils.py", line 83, in collapse_excgroups
    |     raise exc
    |   File "C:\Users\Hugh\Python_venvs\workstation1_venv\Lib\site-packages\starlette\middleware\base.py", line 184, in __call__
    |     response = await self.dispatch_func(request, call_next)
    |                ^^^^^^^^^^^^^^^^^^^^^^^^^^^^^^^^^^^^^^^^^^^^
    |   File "C:\Users\Hugh\Python_venvs\workstation1_venv\Lib\site-packages\nicegui\middlewares.py", line 23, in dispatch
    |     response = await call_next(request)
    |                ^^^^^^^^^^^^^^^^^^^^^^^^
    |   File "C:\Users\Hugh\Python_venvs\workstation1_venv\Lib\site-packages\starlette\middleware\base.py", line 159, in call_next
    |     raise app_exc
    |   File "C:\Users\Hugh\Python_venvs\workstation1_venv\Lib\site-packages\starlette\middleware\base.py", line 144, in coro
    |     await self.app(scope, receive_or_disconnect, send_no_error)
    |   File "C:\Users\Hugh\Python_venvs\workstation1_venv\Lib\site-packages\starlette\middleware\base.py", line 182, in __call__
    |     with recv_stream, send_stream, collapse_excgroups():
    |                                    ~~~~~~~~~~~~~~~~~~^^
    |   File "C:\Users\Hugh\AppData\Local\Programs\Python\Python313\Lib\contextlib.py", line 162, in __exit__
    |     self.gen.throw(value)
    |     ~~~~~~~~~~~~~~^^^^^^^
    |   File "C:\Users\Hugh\Python_venvs\workstation1_venv\Lib\site-packages\starlette\_utils.py", line 83, in collapse_excgroups
    |     raise exc
    |   File "C:\Users\Hugh\Python_venvs\workstation1_venv\Lib\site-packages\starlette\middleware\base.py", line 184, in __call__
    |     response = await self.dispatch_func(request, call_next)
    |                ^^^^^^^^^^^^^^^^^^^^^^^^^^^^^^^^^^^^^^^^^^^^
    |   File "C:\Users\Hugh\Python_venvs\workstation1_venv\Lib\site-packages\nicegui\middlewares.py", line 13, in dispatch
    |     response = await call_next(request)
    |                ^^^^^^^^^^^^^^^^^^^^^^^^
    |   File "C:\Users\Hugh\Python_venvs\workstation1_venv\Lib\site-packages\starlette\middleware\base.py", line 159, in call_next
    |     raise app_exc
    |   File "C:\Users\Hugh\Python_venvs\workstation1_venv\Lib\site-packages\starlette\middleware\base.py", line 144, in coro
    |     await self.app(scope, receive_or_disconnect, send_no_error)
    |   File "C:\Users\Hugh\Python_venvs\workstation1_venv\Lib\site-packages\starlette\middleware\gzip.py", line 29, in __call__
    |     await responder(scope, receive, send)
    |   File "C:\Users\Hugh\Python_venvs\workstation1_venv\Lib\site-packages\starlette\middleware\gzip.py", line 130, in __call__
    |     await super().__call__(scope, receive, send)
    |   File "C:\Users\Hugh\Python_venvs\workstation1_venv\Lib\site-packages\starlette\middleware\gzip.py", line 46, in __call__
    |     await self.app(scope, receive, self.send_with_compression)
    |   File "C:\Users\Hugh\Python_venvs\workstation1_venv\Lib\site-packages\starlette\middleware\exceptions.py", line 63, in __call__
    |     await wrap_app_handling_exceptions(self.app, conn)(scope, receive, send)
    |   File "C:\Users\Hugh\Python_venvs\workstation1_venv\Lib\site-packages\starlette\_exception_handler.py", line 53, in wrapped_app
    |     raise exc
    |   File "C:\Users\Hugh\Python_venvs\workstation1_venv\Lib\site-packages\starlette\_exception_handler.py", line 42, in wrapped_app
    |     await app(scope, receive, sender)
    |   File "C:\Users\Hugh\Python_venvs\workstation1_venv\Lib\site-packages\starlette\routing.py", line 716, in __call__
    |     await self.middleware_stack(scope, receive, send)
    |   File "C:\Users\Hugh\Python_venvs\workstation1_venv\Lib\site-packages\starlette\routing.py", line 736, in app
    |     await route.handle(scope, receive, send)
    |   File "C:\Users\Hugh\Python_venvs\workstation1_venv\Lib\site-packages\starlette\routing.py", line 290, in handle
    |     await self.app(scope, receive, send)
    |   File "C:\Users\Hugh\Python_venvs\workstation1_venv\Lib\site-packages\starlette\routing.py", line 78, in app
    |     await wrap_app_handling_exceptions(app, request)(scope, receive, send)
    |   File "C:\Users\Hugh\Python_venvs\workstation1_venv\Lib\site-packages\starlette\_exception_handler.py", line 53, in wrapped_app
    |     raise exc
    |   File "C:\Users\Hugh\Python_venvs\workstation1_venv\Lib\site-packages\starlette\_exception_handler.py", line 42, in wrapped_app
    |     await app(scope, receive, sender)
    |   File "C:\Users\Hugh\Python_venvs\workstation1_venv\Lib\site-packages\starlette\routing.py", line 75, in app
    |     response = await f(request)
    |                ^^^^^^^^^^^^^^^^
    |   File "C:\Users\Hugh\Python_venvs\workstation1_venv\Lib\site-packages\fastapi\routing.py", line 302, in app
    |     raw_response = await run_endpoint_function(
    |                    ^^^^^^^^^^^^^^^^^^^^^^^^^^^^
    |     ...<3 lines>...
    |     )
    |     ^
    |   File "C:\Users\Hugh\Python_venvs\workstation1_venv\Lib\site-packages\fastapi\routing.py", line 213, in run_endpoint_function
    |     return await dependant.call(**values)
    |            ^^^^^^^^^^^^^^^^^^^^^^^^^^^^^^
    |   File "C:\Users\Hugh\Python_venvs\workstation1_venv\Lib\site-packages\nicegui\page.py", line 148, in decorated
    |     return create_error_page(e, request)
    |   File "C:\Users\Hugh\Python_venvs\workstation1_venv\Lib\site-packages\nicegui\page.py", line 115, in create_error_page
    |     raise e
    |   File "C:\Users\Hugh\Python_venvs\workstation1_venv\Lib\site-packages\nicegui\page.py", line 146, in decorated
    |     result = func(*dec_args, **dec_kwargs)
    |   File "F:\VulcanConnect2025-09\frontend\pages\frames_export.py", line 37, in frames_export_page
    |     ui_state.encode_button.on_click(encode(ui_state))
    |     ^^^^^^^^^^^^^^^^^^^^^^^^^^^^^^^
    | AttributeError: 'NoneType' object has no attribute 'on_click'
    +------------------------------------

During handling of the above exception, another exception occurred:

Traceback (most recent call last):
  File "C:\Users\Hugh\Python_venvs\workstation1_venv\Lib\site-packages\starlette\middleware\errors.py", line 164, in __call__
    await self.app(scope, receive, _send)
  File "C:\Users\Hugh\Python_venvs\workstation1_venv\Lib\site-packages\starlette\middleware\base.py", line 182, in __call__
    with recv_stream, send_stream, collapse_excgroups():
                                   ~~~~~~~~~~~~~~~~~~^^
  File "C:\Users\Hugh\AppData\Local\Programs\Python\Python313\Lib\contextlib.py", line 162, in __exit__
    self.gen.throw(value)
    ~~~~~~~~~~~~~~^^^^^^^
  File "C:\Users\Hugh\Python_venvs\workstation1_venv\Lib\site-packages\starlette\_utils.py", line 83, in collapse_excgroups
    raise exc
  File "C:\Users\Hugh\Python_venvs\workstation1_venv\Lib\site-packages\starlette\middleware\base.py", line 184, in __call__
    response = await self.dispatch_func(request, call_next)
               ^^^^^^^^^^^^^^^^^^^^^^^^^^^^^^^^^^^^^^^^^^^^
  File "C:\Users\Hugh\Python_venvs\workstation1_venv\Lib\site-packages\nicegui\middlewares.py", line 23, in dispatch
    response = await call_next(request)
               ^^^^^^^^^^^^^^^^^^^^^^^^
  File "C:\Users\Hugh\Python_venvs\workstation1_venv\Lib\site-packages\starlette\middleware\base.py", line 159, in call_next
    raise app_exc
  File "C:\Users\Hugh\Python_venvs\workstation1_venv\Lib\site-packages\starlette\middleware\base.py", line 144, in coro
    await self.app(scope, receive_or_disconnect, send_no_error)
  File "C:\Users\Hugh\Python_venvs\workstation1_venv\Lib\site-packages\starlette\middleware\base.py", line 182, in __call__
    with recv_stream, send_stream, collapse_excgroups():
                                   ~~~~~~~~~~~~~~~~~~^^
  File "C:\Users\Hugh\AppData\Local\Programs\Python\Python313\Lib\contextlib.py", line 162, in __exit__
    self.gen.throw(value)
    ~~~~~~~~~~~~~~^^^^^^^
  File "C:\Users\Hugh\Python_venvs\workstation1_venv\Lib\site-packages\starlette\_utils.py", line 83, in collapse_excgroups
    raise exc
  File "C:\Users\Hugh\Python_venvs\workstation1_venv\Lib\site-packages\starlette\middleware\base.py", line 184, in __call__
    response = await self.dispatch_func(request, call_next)
               ^^^^^^^^^^^^^^^^^^^^^^^^^^^^^^^^^^^^^^^^^^^^
  File "C:\Users\Hugh\Python_venvs\workstation1_venv\Lib\site-packages\nicegui\middlewares.py", line 13, in dispatch
    response = await call_next(request)
               ^^^^^^^^^^^^^^^^^^^^^^^^
  File "C:\Users\Hugh\Python_venvs\workstation1_venv\Lib\site-packages\starlette\middleware\base.py", line 159, in call_next
    raise app_exc
  File "C:\Users\Hugh\Python_venvs\workstation1_venv\Lib\site-packages\starlette\middleware\base.py", line 144, in coro
    await self.app(scope, receive_or_disconnect, send_no_error)
  File "C:\Users\Hugh\Python_venvs\workstation1_venv\Lib\site-packages\starlette\middleware\gzip.py", line 29, in __call__
    await responder(scope, receive, send)
  File "C:\Users\Hugh\Python_venvs\workstation1_venv\Lib\site-packages\starlette\middleware\gzip.py", line 130, in __call__
    await super().__call__(scope, receive, send)
  File "C:\Users\Hugh\Python_venvs\workstation1_venv\Lib\site-packages\starlette\middleware\gzip.py", line 46, in __call__
    await self.app(scope, receive, self.send_with_compression)
  File "C:\Users\Hugh\Python_venvs\workstation1_venv\Lib\site-packages\starlette\middleware\exceptions.py", line 63, in __call__
    await wrap_app_handling_exceptions(self.app, conn)(scope, receive, send)
  File "C:\Users\Hugh\Python_venvs\workstation1_venv\Lib\site-packages\starlette\_exception_handler.py", line 53, in wrapped_app
    raise exc
  File "C:\Users\Hugh\Python_venvs\workstation1_venv\Lib\site-packages\starlette\_exception_handler.py", line 42, in wrapped_app
    await app(scope, receive, sender)
  File "C:\Users\Hugh\Python_venvs\workstation1_venv\Lib\site-packages\starlette\routing.py", line 716, in __call__
    await self.middleware_stack(scope, receive, send)
  File "C:\Users\Hugh\Python_venvs\workstation1_venv\Lib\site-packages\starlette\routing.py", line 736, in app
    await route.handle(scope, receive, send)
  File "C:\Users\Hugh\Python_venvs\workstation1_venv\Lib\site-packages\starlette\routing.py", line 290, in handle
    await self.app(scope, receive, send)
  File "C:\Users\Hugh\Python_venvs\workstation1_venv\Lib\site-packages\starlette\routing.py", line 78, in app
    await wrap_app_handling_exceptions(app, request)(scope, receive, send)
  File "C:\Users\Hugh\Python_venvs\workstation1_venv\Lib\site-packages\starlette\_exception_handler.py", line 53, in wrapped_app
    raise exc
  File "C:\Users\Hugh\Python_venvs\workstation1_venv\Lib\site-packages\starlette\_exception_handler.py", line 42, in wrapped_app
    await app(scope, receive, sender)
  File "C:\Users\Hugh\Python_venvs\workstation1_venv\Lib\site-packages\starlette\routing.py", line 75, in app
    response = await f(request)
               ^^^^^^^^^^^^^^^^
  File "C:\Users\Hugh\Python_venvs\workstation1_venv\Lib\site-packages\fastapi\routing.py", line 302, in app
    raw_response = await run_endpoint_function(
                   ^^^^^^^^^^^^^^^^^^^^^^^^^^^^
    ...<3 lines>...
    )
    ^
  File "C:\Users\Hugh\Python_venvs\workstation1_venv\Lib\site-packages\fastapi\routing.py", line 213, in run_endpoint_function
    return await dependant.call(**values)
           ^^^^^^^^^^^^^^^^^^^^^^^^^^^^^^
  File "C:\Users\Hugh\Python_venvs\workstation1_venv\Lib\site-packages\nicegui\page.py", line 148, in decorated
    return create_error_page(e, request)
  File "C:\Users\Hugh\Python_venvs\workstation1_venv\Lib\site-packages\nicegui\page.py", line 115, in create_error_page
    raise e
  File "C:\Users\Hugh\Python_venvs\workstation1_venv\Lib\site-packages\nicegui\page.py", line 146, in decorated
    result = func(*dec_args, **dec_kwargs)
  File "F:\VulcanConnect2025-09\frontend\pages\frames_export.py", line 37, in frames_export_page
    ui_state.encode_button.on_click(encode(ui_state))
    ^^^^^^^^^^^^^^^^^^^^^^^^^^^^^^^
AttributeError: 'NoneType' object has no attribute 'on_click'
ERROR:nicegui:'NoneType' object has no attribute 'on_click'
  + Exception Group Traceback (most recent call last):
  |   File "C:\Users\Hugh\Python_venvs\workstation1_venv\Lib\site-packages\starlette\_utils.py", line 77, in collapse_excgroups
  |     yield
  |   File "C:\Users\Hugh\Python_venvs\workstation1_venv\Lib\site-packages\starlette\middleware\base.py", line 183, in __call__
  |     async with anyio.create_task_group() as task_group:
  |                ~~~~~~~~~~~~~~~~~~~~~~~^^
  |   File "C:\Users\Hugh\Python_venvs\workstation1_venv\Lib\site-packages\anyio\_backends\_asyncio.py", line 772, in __aexit__
  |     raise BaseExceptionGroup(
  |         "unhandled errors in a TaskGroup", self._exceptions
  |     ) from None
  | ExceptionGroup: unhandled errors in a TaskGroup (1 sub-exception)
  +-+---------------- 1 ----------------
    | Traceback (most recent call last):
    |   File "C:\Users\Hugh\Python_venvs\workstation1_venv\Lib\site-packages\starlette\middleware\errors.py", line 164, in __call__
    |     await self.app(scope, receive, _send)
    |   File "C:\Users\Hugh\Python_venvs\workstation1_venv\Lib\site-packages\starlette\middleware\base.py", line 182, in __call__
    |     with recv_stream, send_stream, collapse_excgroups():
    |                                    ~~~~~~~~~~~~~~~~~~^^
    |   File "C:\Users\Hugh\AppData\Local\Programs\Python\Python313\Lib\contextlib.py", line 162, in __exit__
    |     self.gen.throw(value)
    |     ~~~~~~~~~~~~~~^^^^^^^
    |   File "C:\Users\Hugh\Python_venvs\workstation1_venv\Lib\site-packages\starlette\_utils.py", line 83, in collapse_excgroups
    |     raise exc
    |   File "C:\Users\Hugh\Python_venvs\workstation1_venv\Lib\site-packages\starlette\middleware\base.py", line 184, in __call__
    |     response = await self.dispatch_func(request, call_next)
    |                ^^^^^^^^^^^^^^^^^^^^^^^^^^^^^^^^^^^^^^^^^^^^
    |   File "C:\Users\Hugh\Python_venvs\workstation1_venv\Lib\site-packages\nicegui\middlewares.py", line 23, in dispatch
    |     response = await call_next(request)
    |                ^^^^^^^^^^^^^^^^^^^^^^^^
    |   File "C:\Users\Hugh\Python_venvs\workstation1_venv\Lib\site-packages\starlette\middleware\base.py", line 159, in call_next
    |     raise app_exc
    |   File "C:\Users\Hugh\Python_venvs\workstation1_venv\Lib\site-packages\starlette\middleware\base.py", line 144, in coro
    |     await self.app(scope, receive_or_disconnect, send_no_error)
    |   File "C:\Users\Hugh\Python_venvs\workstation1_venv\Lib\site-packages\starlette\middleware\base.py", line 182, in __call__
    |     with recv_stream, send_stream, collapse_excgroups():
    |                                    ~~~~~~~~~~~~~~~~~~^^
    |   File "C:\Users\Hugh\AppData\Local\Programs\Python\Python313\Lib\contextlib.py", line 162, in __exit__
    |     self.gen.throw(value)
    |     ~~~~~~~~~~~~~~^^^^^^^
    |   File "C:\Users\Hugh\Python_venvs\workstation1_venv\Lib\site-packages\starlette\_utils.py", line 83, in collapse_excgroups
    |     raise exc
    |   File "C:\Users\Hugh\Python_venvs\workstation1_venv\Lib\site-packages\starlette\middleware\base.py", line 184, in __call__
    |     response = await self.dispatch_func(request, call_next)
    |                ^^^^^^^^^^^^^^^^^^^^^^^^^^^^^^^^^^^^^^^^^^^^
    |   File "C:\Users\Hugh\Python_venvs\workstation1_venv\Lib\site-packages\nicegui\middlewares.py", line 13, in dispatch
    |     response = await call_next(request)
    |                ^^^^^^^^^^^^^^^^^^^^^^^^
    |   File "C:\Users\Hugh\Python_venvs\workstation1_venv\Lib\site-packages\starlette\middleware\base.py", line 159, in call_next
    |     raise app_exc
    |   File "C:\Users\Hugh\Python_venvs\workstation1_venv\Lib\site-packages\starlette\middleware\base.py", line 144, in coro
    |     await self.app(scope, receive_or_disconnect, send_no_error)
    |   File "C:\Users\Hugh\Python_venvs\workstation1_venv\Lib\site-packages\starlette\middleware\gzip.py", line 29, in __call__
    |     await responder(scope, receive, send)
    |   File "C:\Users\Hugh\Python_venvs\workstation1_venv\Lib\site-packages\starlette\middleware\gzip.py", line 130, in __call__
    |     await super().__call__(scope, receive, send)
    |   File "C:\Users\Hugh\Python_venvs\workstation1_venv\Lib\site-packages\starlette\middleware\gzip.py", line 46, in __call__
    |     await self.app(scope, receive, self.send_with_compression)
    |   File "C:\Users\Hugh\Python_venvs\workstation1_venv\Lib\site-packages\starlette\middleware\exceptions.py", line 63, in __call__
    |     await wrap_app_handling_exceptions(self.app, conn)(scope, receive, send)
    |   File "C:\Users\Hugh\Python_venvs\workstation1_venv\Lib\site-packages\starlette\_exception_handler.py", line 53, in wrapped_app
    |     raise exc
    |   File "C:\Users\Hugh\Python_venvs\workstation1_venv\Lib\site-packages\starlette\_exception_handler.py", line 42, in wrapped_app
    |     await app(scope, receive, sender)
    |   File "C:\Users\Hugh\Python_venvs\workstation1_venv\Lib\site-packages\starlette\routing.py", line 716, in __call__
    |     await self.middleware_stack(scope, receive, send)
    |   File "C:\Users\Hugh\Python_venvs\workstation1_venv\Lib\site-packages\starlette\routing.py", line 736, in app
    |     await route.handle(scope, receive, send)
    |   File "C:\Users\Hugh\Python_venvs\workstation1_venv\Lib\site-packages\starlette\routing.py", line 290, in handle
    |     await self.app(scope, receive, send)
    |   File "C:\Users\Hugh\Python_venvs\workstation1_venv\Lib\site-packages\starlette\routing.py", line 78, in app
    |     await wrap_app_handling_exceptions(app, request)(scope, receive, send)
    |   File "C:\Users\Hugh\Python_venvs\workstation1_venv\Lib\site-packages\starlette\_exception_handler.py", line 53, in wrapped_app
    |     raise exc
    |   File "C:\Users\Hugh\Python_venvs\workstation1_venv\Lib\site-packages\starlette\_exception_handler.py", line 42, in wrapped_app
    |     await app(scope, receive, sender)
    |   File "C:\Users\Hugh\Python_venvs\workstation1_venv\Lib\site-packages\starlette\routing.py", line 75, in app
    |     response = await f(request)
    |                ^^^^^^^^^^^^^^^^
    |   File "C:\Users\Hugh\Python_venvs\workstation1_venv\Lib\site-packages\fastapi\routing.py", line 302, in app
    |     raw_response = await run_endpoint_function(
    |                    ^^^^^^^^^^^^^^^^^^^^^^^^^^^^
    |     ...<3 lines>...
    |     )
    |     ^
    |   File "C:\Users\Hugh\Python_venvs\workstation1_venv\Lib\site-packages\fastapi\routing.py", line 213, in run_endpoint_function
    |     return await dependant.call(**values)
    |            ^^^^^^^^^^^^^^^^^^^^^^^^^^^^^^
    |   File "C:\Users\Hugh\Python_venvs\workstation1_venv\Lib\site-packages\nicegui\page.py", line 148, in decorated
    |     return create_error_page(e, request)
    |   File "C:\Users\Hugh\Python_venvs\workstation1_venv\Lib\site-packages\nicegui\page.py", line 115, in create_error_page
    |     raise e
    |   File "C:\Users\Hugh\Python_venvs\workstation1_venv\Lib\site-packages\nicegui\page.py", line 146, in decorated
    |     result = func(*dec_args, **dec_kwargs)
    |   File "F:\VulcanConnect2025-09\frontend\pages\frames_export.py", line 37, in frames_export_page
    |     ui_state.encode_button.on_click(encode(ui_state))
    |     ^^^^^^^^^^^^^^^^^^^^^^^^^^^^^^^
    | AttributeError: 'NoneType' object has no attribute 'on_click'
    +------------------------------------

During handling of the above exception, another exception occurred:

Traceback (most recent call last):
  File "C:\Users\Hugh\Python_venvs\workstation1_venv\Lib\site-packages\starlette\middleware\errors.py", line 164, in __call__
    await self.app(scope, receive, _send)
  File "C:\Users\Hugh\Python_venvs\workstation1_venv\Lib\site-packages\starlette\middleware\base.py", line 182, in __call__
    with recv_stream, send_stream, collapse_excgroups():
                                   ~~~~~~~~~~~~~~~~~~^^
  File "C:\Users\Hugh\AppData\Local\Programs\Python\Python313\Lib\contextlib.py", line 162, in __exit__
    self.gen.throw(value)
    ~~~~~~~~~~~~~~^^^^^^^
  File "C:\Users\Hugh\Python_venvs\workstation1_venv\Lib\site-packages\starlette\_utils.py", line 83, in collapse_excgroups
    raise exc
  File "C:\Users\Hugh\Python_venvs\workstation1_venv\Lib\site-packages\starlette\middleware\base.py", line 184, in __call__
    response = await self.dispatch_func(request, call_next)
               ^^^^^^^^^^^^^^^^^^^^^^^^^^^^^^^^^^^^^^^^^^^^
  File "C:\Users\Hugh\Python_venvs\workstation1_venv\Lib\site-packages\nicegui\middlewares.py", line 23, in dispatch
    response = await call_next(request)
               ^^^^^^^^^^^^^^^^^^^^^^^^
  File "C:\Users\Hugh\Python_venvs\workstation1_venv\Lib\site-packages\starlette\middleware\base.py", line 159, in call_next
    raise app_exc
  File "C:\Users\Hugh\Python_venvs\workstation1_venv\Lib\site-packages\starlette\middleware\base.py", line 144, in coro
    await self.app(scope, receive_or_disconnect, send_no_error)
  File "C:\Users\Hugh\Python_venvs\workstation1_venv\Lib\site-packages\starlette\middleware\base.py", line 182, in __call__
    with recv_stream, send_stream, collapse_excgroups():
                                   ~~~~~~~~~~~~~~~~~~^^
  File "C:\Users\Hugh\AppData\Local\Programs\Python\Python313\Lib\contextlib.py", line 162, in __exit__
    self.gen.throw(value)
    ~~~~~~~~~~~~~~^^^^^^^
  File "C:\Users\Hugh\Python_venvs\workstation1_venv\Lib\site-packages\starlette\_utils.py", line 83, in collapse_excgroups
    raise exc
  File "C:\Users\Hugh\Python_venvs\workstation1_venv\Lib\site-packages\starlette\middleware\base.py", line 184, in __call__
    response = await self.dispatch_func(request, call_next)
               ^^^^^^^^^^^^^^^^^^^^^^^^^^^^^^^^^^^^^^^^^^^^
  File "C:\Users\Hugh\Python_venvs\workstation1_venv\Lib\site-packages\nicegui\middlewares.py", line 13, in dispatch
    response = await call_next(request)
               ^^^^^^^^^^^^^^^^^^^^^^^^
  File "C:\Users\Hugh\Python_venvs\workstation1_venv\Lib\site-packages\starlette\middleware\base.py", line 159, in call_next
    raise app_exc
  File "C:\Users\Hugh\Python_venvs\workstation1_venv\Lib\site-packages\starlette\middleware\base.py", line 144, in coro
    await self.app(scope, receive_or_disconnect, send_no_error)
  File "C:\Users\Hugh\Python_venvs\workstation1_venv\Lib\site-packages\starlette\middleware\gzip.py", line 29, in __call__
    await responder(scope, receive, send)
  File "C:\Users\Hugh\Python_venvs\workstation1_venv\Lib\site-packages\starlette\middleware\gzip.py", line 130, in __call__
    await super().__call__(scope, receive, send)
  File "C:\Users\Hugh\Python_venvs\workstation1_venv\Lib\site-packages\starlette\middleware\gzip.py", line 46, in __call__
    await self.app(scope, receive, self.send_with_compression)
  File "C:\Users\Hugh\Python_venvs\workstation1_venv\Lib\site-packages\starlette\middleware\exceptions.py", line 63, in __call__
    await wrap_app_handling_exceptions(self.app, conn)(scope, receive, send)
  File "C:\Users\Hugh\Python_venvs\workstation1_venv\Lib\site-packages\starlette\_exception_handler.py", line 53, in wrapped_app
    raise exc
  File "C:\Users\Hugh\Python_venvs\workstation1_venv\Lib\site-packages\starlette\_exception_handler.py", line 42, in wrapped_app
    await app(scope, receive, sender)
  File "C:\Users\Hugh\Python_venvs\workstation1_venv\Lib\site-packages\starlette\routing.py", line 716, in __call__
    await self.middleware_stack(scope, receive, send)
  File "C:\Users\Hugh\Python_venvs\workstation1_venv\Lib\site-packages\starlette\routing.py", line 736, in app
    await route.handle(scope, receive, send)
  File "C:\Users\Hugh\Python_venvs\workstation1_venv\Lib\site-packages\starlette\routing.py", line 290, in handle
    await self.app(scope, receive, send)
  File "C:\Users\Hugh\Python_venvs\workstation1_venv\Lib\site-packages\starlette\routing.py", line 78, in app
    await wrap_app_handling_exceptions(app, request)(scope, receive, send)
  File "C:\Users\Hugh\Python_venvs\workstation1_venv\Lib\site-packages\starlette\_exception_handler.py", line 53, in wrapped_app
    raise exc
  File "C:\Users\Hugh\Python_venvs\workstation1_venv\Lib\site-packages\starlette\_exception_handler.py", line 42, in wrapped_app
    await app(scope, receive, sender)
  File "C:\Users\Hugh\Python_venvs\workstation1_venv\Lib\site-packages\starlette\routing.py", line 75, in app
    response = await f(request)
               ^^^^^^^^^^^^^^^^
  File "C:\Users\Hugh\Python_venvs\workstation1_venv\Lib\site-packages\fastapi\routing.py", line 302, in app
    raw_response = await run_endpoint_function(
                   ^^^^^^^^^^^^^^^^^^^^^^^^^^^^
    ...<3 lines>...
    )
    ^
  File "C:\Users\Hugh\Python_venvs\workstation1_venv\Lib\site-packages\fastapi\routing.py", line 213, in run_endpoint_function
    return await dependant.call(**values)
           ^^^^^^^^^^^^^^^^^^^^^^^^^^^^^^
  File "C:\Users\Hugh\Python_venvs\workstation1_venv\Lib\site-packages\nicegui\page.py", line 148, in decorated
    return create_error_page(e, request)
  File "C:\Users\Hugh\Python_venvs\workstation1_venv\Lib\site-packages\nicegui\page.py", line 115, in create_error_page
    raise e
  File "C:\Users\Hugh\Python_venvs\workstation1_venv\Lib\site-packages\nicegui\page.py", line 146, in decorated
    result = func(*dec_args, **dec_kwargs)
  File "F:\VulcanConnect2025-09\frontend\pages\frames_export.py", line 37, in frames_export_page
    ui_state.encode_button.on_click(encode(ui_state))
    ^^^^^^^^^^^^^^^^^^^^^^^^^^^^^^^
AttributeError: 'NoneType' object has no attribute 'on_click'
ERROR:nicegui:'NoneType' object has no attribute 'value' and no __dict__ for setting new attributes
Traceback (most recent call last):
  File "C:\Users\Hugh\Python_venvs\workstation1_venv\Lib\site-packages\nicegui\events.py", line 433, in handle_event
    result = cast(Callable[[], Any], handler)()
  File "F:\VulcanConnect2025-09\frontend\pages\frames_export.py", line 26, in find_and_display
    ui_state.url_input.value = "https://cad.onshape.com/documents/b86b36176abab19222a08b65/w/eff05c25870425deb186d6fc/e/16d4fc235a86612d2290645b"
    ^^^^^^^^^^^^^^^^^^^^^^^^
AttributeError: 'NoneType' object has no attribute 'value' and no __dict__ for setting new attributes
ERROR:nicegui:'NoneType' object has no attribute 'value' and no __dict__ for setting new attributes
Traceback (most recent call last):
  File "C:\Users\Hugh\Python_venvs\workstation1_venv\Lib\site-packages\nicegui\events.py", line 433, in handle_event
    result = cast(Callable[[], Any], handler)()
  File "F:\VulcanConnect2025-09\frontend\pages\frames_export.py", line 26, in find_and_display
    ui_state.url_input.value = "https://cad.onshape.com/documents/b86b36176abab19222a08b65/w/eff05c25870425deb186d6fc/e/16d4fc235a86612d2290645b"
    ^^^^^^^^^^^^^^^^^^^^^^^^
AttributeError: 'NoneType' object has no attribute 'value' and no __dict__ for setting new attributes
ERROR:nicegui:'NoneType' object has no attribute 'value' and no __dict__ for setting new attributes
Traceback (most recent call last):
  File "C:\Users\Hugh\Python_venvs\workstation1_venv\Lib\site-packages\nicegui\events.py", line 433, in handle_event
    result = cast(Callable[[], Any], handler)()
  File "F:\VulcanConnect2025-09\frontend\pages\frames_export.py", line 26, in find_and_display
    ui_state.url_input.value = "https://cad.onshape.com/documents/b86b36176abab19222a08b65/w/eff05c25870425deb186d6fc/e/16d4fc235a86612d2290645b"
    ^^^^^^^^^^^^^^^^^^^^^^^^
AttributeError: 'NoneType' object has no attribute 'value' and no __dict__ for setting new attributes
ERROR:nicegui:'NoneType' object has no attribute 'value' and no __dict__ for setting new attributes
Traceback (most recent call last):
  File "C:\Users\Hugh\Python_venvs\workstation1_venv\Lib\site-packages\nicegui\events.py", line 433, in handle_event
    result = cast(Callable[[], Any], handler)()
  File "F:\VulcanConnect2025-09\frontend\pages\frames_export.py", line 26, in find_and_display
    ui_state.url_input.value = "https://cad.onshape.com/documents/b86b36176abab19222a08b65/w/eff05c25870425deb186d6fc/e/16d4fc235a86612d2290645b"
    ^^^^^^^^^^^^^^^^^^^^^^^^
AttributeError: 'NoneType' object has no attribute 'value' and no __dict__ for setting new attributes
ERROR:nicegui:'NoneType' object has no attribute 'value' and no __dict__ for setting new attributes
Traceback (most recent call last):
  File "C:\Users\Hugh\Python_venvs\workstation1_venv\Lib\site-packages\nicegui\events.py", line 433, in handle_event
    result = cast(Callable[[], Any], handler)()
  File "F:\VulcanConnect2025-09\frontend\pages\frames_export.py", line 26, in find_and_display
    ui_state.url_input.value = "https://cad.onshape.com/documents/b86b36176abab19222a08b65/w/eff05c25870425deb186d6fc/e/16d4fc235a86612d2290645b"
    ^^^^^^^^^^^^^^^^^^^^^^^^
AttributeError: 'NoneType' object has no attribute 'value' and no __dict__ for setting new attributes
ERROR:nicegui:'NoneType' object has no attribute 'value' and no __dict__ for setting new attributes
Traceback (most recent call last):
  File "C:\Users\Hugh\Python_venvs\workstation1_venv\Lib\site-packages\nicegui\events.py", line 433, in handle_event
    result = cast(Callable[[], Any], handler)()
  File "F:\VulcanConnect2025-09\frontend\pages\frames_export.py", line 26, in find_and_display
    ui_state.url_input.value = "https://cad.onshape.com/documents/b86b36176abab19222a08b65/w/eff05c25870425deb186d6fc/e/16d4fc235a86612d2290645b"
    ^^^^^^^^^^^^^^^^^^^^^^^^
AttributeError: 'NoneType' object has no attribute 'value' and no __dict__ for setting new attributes
ERROR:nicegui:'NoneType' object has no attribute 'value' and no __dict__ for setting new attributes
Traceback (most recent call last):
  File "C:\Users\Hugh\Python_venvs\workstation1_venv\Lib\site-packages\nicegui\events.py", line 433, in handle_event
    result = cast(Callable[[], Any], handler)()
  File "F:\VulcanConnect2025-09\frontend\pages\frames_export.py", line 28, in find_and_display
    ui_state.url_input.value = "https://cad.onshape.com/documents/b86b36176abab19222a08b65/w/eff05c25870425deb186d6fc/e/16d4fc235a86612d2290645b"
    ^^^^^^^^^^^^^^^^^^^^^^^^
AttributeError: 'NoneType' object has no attribute 'value' and no __dict__ for setting new attributes
ERROR:nicegui:'NoneType' object has no attribute 'value' and no __dict__ for setting new attributes
Traceback (most recent call last):
  File "C:\Users\Hugh\Python_venvs\workstation1_venv\Lib\site-packages\nicegui\events.py", line 433, in handle_event
    result = cast(Callable[[], Any], handler)()
  File "F:\VulcanConnect2025-09\frontend\pages\frames_export.py", line 28, in find_and_display
    ui_state.url_input.value = "https://cad.onshape.com/documents/b86b36176abab19222a08b65/w/eff05c25870425deb186d6fc/e/16d4fc235a86612d2290645b"
    ^^^^^^^^^^^^^^^^^^^^^^^^
AttributeError: 'NoneType' object has no attribute 'value' and no __dict__ for setting new attributes
INFO:info:onshape instance created: url = https://cad.onshape.com, access key = YMWFxhbGYh86oHwIUQ2GZbvj
INFO:info:nonce created: gPcM5lDuYqBbdg926HoTq6l4C
INFO:info:{'query': '', 'hmac_str': b'post\ngpcm5lduyqbbdg926hotq6l4c\nmon, 11 aug 2025 11:41:23 gmt\napplication/json\n/api/v12/elements/d/b86b36176abab19222a08b65/e/16d4fc235a86612d2290645b/configurationencodings\n\n', 'signature': b's3B9jHgJdZX+m6WuiCFdM6OkxrFzCK1kA3BTvPCmfZA=', 'auth': 'On YMWFxhbGYh86oHwIUQ2GZbvj:HmacSHA256:s3B9jHgJdZX+m6WuiCFdM6OkxrFzCK1kA3BTvPCmfZA='}
INFO:info:{"parameters": [{"parameterId": "List_jWOLlSBalULfaK", "parameterValue": null}]}
INFO:info:{'Content-Type': 'application/json', 'Date': 'Mon, 11 Aug 2025 11:41:23 GMT', 'On-Nonce': 'gPcM5lDuYqBbdg926HoTq6l4C', 'Authorization': 'On YMWFxhbGYh86oHwIUQ2GZbvj:HmacSHA256:s3B9jHgJdZX+m6WuiCFdM6OkxrFzCK1kA3BTvPCmfZA=', 'User-Agent': 'Onshape Python Sample App', 'Accept': 'application/json'}
INFO:info:request url: https://cad.onshape.com/api/v12/elements/d/b86b36176abab19222a08b65/e/16d4fc235a86612d2290645b/configurationencodings?
ERROR:nicegui:'NoneType' object has no attribute 'on_click'
  + Exception Group Traceback (most recent call last):
  |   File "C:\Users\Hugh\Python_venvs\workstation1_venv\Lib\site-packages\starlette\_utils.py", line 77, in collapse_excgroups
  |     yield
  |   File "C:\Users\Hugh\Python_venvs\workstation1_venv\Lib\site-packages\starlette\middleware\base.py", line 183, in __call__
  |     async with anyio.create_task_group() as task_group:
  |                ~~~~~~~~~~~~~~~~~~~~~~~^^
  |   File "C:\Users\Hugh\Python_venvs\workstation1_venv\Lib\site-packages\anyio\_backends\_asyncio.py", line 772, in __aexit__
  |     raise BaseExceptionGroup(
  |         "unhandled errors in a TaskGroup", self._exceptions
  |     ) from None
  | ExceptionGroup: unhandled errors in a TaskGroup (1 sub-exception)
  +-+---------------- 1 ----------------
    | Traceback (most recent call last):
    |   File "C:\Users\Hugh\Python_venvs\workstation1_venv\Lib\site-packages\starlette\middleware\errors.py", line 164, in __call__
    |     await self.app(scope, receive, _send)
    |   File "C:\Users\Hugh\Python_venvs\workstation1_venv\Lib\site-packages\starlette\middleware\base.py", line 182, in __call__
    |     with recv_stream, send_stream, collapse_excgroups():
    |                                    ~~~~~~~~~~~~~~~~~~^^
    |   File "C:\Users\Hugh\AppData\Local\Programs\Python\Python313\Lib\contextlib.py", line 162, in __exit__
    |     self.gen.throw(value)
    |     ~~~~~~~~~~~~~~^^^^^^^
    |   File "C:\Users\Hugh\Python_venvs\workstation1_venv\Lib\site-packages\starlette\_utils.py", line 83, in collapse_excgroups
    |     raise exc
    |   File "C:\Users\Hugh\Python_venvs\workstation1_venv\Lib\site-packages\starlette\middleware\base.py", line 184, in __call__
    |     response = await self.dispatch_func(request, call_next)
    |                ^^^^^^^^^^^^^^^^^^^^^^^^^^^^^^^^^^^^^^^^^^^^
    |   File "C:\Users\Hugh\Python_venvs\workstation1_venv\Lib\site-packages\nicegui\middlewares.py", line 23, in dispatch
    |     response = await call_next(request)
    |                ^^^^^^^^^^^^^^^^^^^^^^^^
    |   File "C:\Users\Hugh\Python_venvs\workstation1_venv\Lib\site-packages\starlette\middleware\base.py", line 159, in call_next
    |     raise app_exc
    |   File "C:\Users\Hugh\Python_venvs\workstation1_venv\Lib\site-packages\starlette\middleware\base.py", line 144, in coro
    |     await self.app(scope, receive_or_disconnect, send_no_error)
    |   File "C:\Users\Hugh\Python_venvs\workstation1_venv\Lib\site-packages\starlette\middleware\base.py", line 182, in __call__
    |     with recv_stream, send_stream, collapse_excgroups():
    |                                    ~~~~~~~~~~~~~~~~~~^^
    |   File "C:\Users\Hugh\AppData\Local\Programs\Python\Python313\Lib\contextlib.py", line 162, in __exit__
    |     self.gen.throw(value)
    |     ~~~~~~~~~~~~~~^^^^^^^
    |   File "C:\Users\Hugh\Python_venvs\workstation1_venv\Lib\site-packages\starlette\_utils.py", line 83, in collapse_excgroups
    |     raise exc
    |   File "C:\Users\Hugh\Python_venvs\workstation1_venv\Lib\site-packages\starlette\middleware\base.py", line 184, in __call__
    |     response = await self.dispatch_func(request, call_next)
    |                ^^^^^^^^^^^^^^^^^^^^^^^^^^^^^^^^^^^^^^^^^^^^
    |   File "C:\Users\Hugh\Python_venvs\workstation1_venv\Lib\site-packages\nicegui\middlewares.py", line 13, in dispatch
    |     response = await call_next(request)
    |                ^^^^^^^^^^^^^^^^^^^^^^^^
    |   File "C:\Users\Hugh\Python_venvs\workstation1_venv\Lib\site-packages\starlette\middleware\base.py", line 159, in call_next
    |     raise app_exc
    |   File "C:\Users\Hugh\Python_venvs\workstation1_venv\Lib\site-packages\starlette\middleware\base.py", line 144, in coro
    |     await self.app(scope, receive_or_disconnect, send_no_error)
    |   File "C:\Users\Hugh\Python_venvs\workstation1_venv\Lib\site-packages\starlette\middleware\gzip.py", line 29, in __call__
    |     await responder(scope, receive, send)
    |   File "C:\Users\Hugh\Python_venvs\workstation1_venv\Lib\site-packages\starlette\middleware\gzip.py", line 130, in __call__
    |     await super().__call__(scope, receive, send)
    |   File "C:\Users\Hugh\Python_venvs\workstation1_venv\Lib\site-packages\starlette\middleware\gzip.py", line 46, in __call__
    |     await self.app(scope, receive, self.send_with_compression)
    |   File "C:\Users\Hugh\Python_venvs\workstation1_venv\Lib\site-packages\starlette\middleware\exceptions.py", line 63, in __call__
    |     await wrap_app_handling_exceptions(self.app, conn)(scope, receive, send)
    |   File "C:\Users\Hugh\Python_venvs\workstation1_venv\Lib\site-packages\starlette\_exception_handler.py", line 53, in wrapped_app
    |     raise exc
    |   File "C:\Users\Hugh\Python_venvs\workstation1_venv\Lib\site-packages\starlette\_exception_handler.py", line 42, in wrapped_app
    |     await app(scope, receive, sender)
    |   File "C:\Users\Hugh\Python_venvs\workstation1_venv\Lib\site-packages\starlette\routing.py", line 716, in __call__
    |     await self.middleware_stack(scope, receive, send)
    |   File "C:\Users\Hugh\Python_venvs\workstation1_venv\Lib\site-packages\starlette\routing.py", line 736, in app
    |     await route.handle(scope, receive, send)
    |   File "C:\Users\Hugh\Python_venvs\workstation1_venv\Lib\site-packages\starlette\routing.py", line 290, in handle
    |     await self.app(scope, receive, send)
    |   File "C:\Users\Hugh\Python_venvs\workstation1_venv\Lib\site-packages\starlette\routing.py", line 78, in app
    |     await wrap_app_handling_exceptions(app, request)(scope, receive, send)
    |   File "C:\Users\Hugh\Python_venvs\workstation1_venv\Lib\site-packages\starlette\_exception_handler.py", line 53, in wrapped_app
    |     raise exc
    |   File "C:\Users\Hugh\Python_venvs\workstation1_venv\Lib\site-packages\starlette\_exception_handler.py", line 42, in wrapped_app
    |     await app(scope, receive, sender)
    |   File "C:\Users\Hugh\Python_venvs\workstation1_venv\Lib\site-packages\starlette\routing.py", line 75, in app
    |     response = await f(request)
    |                ^^^^^^^^^^^^^^^^
    |   File "C:\Users\Hugh\Python_venvs\workstation1_venv\Lib\site-packages\fastapi\routing.py", line 302, in app
    |     raw_response = await run_endpoint_function(
    |                    ^^^^^^^^^^^^^^^^^^^^^^^^^^^^
    |     ...<3 lines>...
    |     )
    |     ^
    |   File "C:\Users\Hugh\Python_venvs\workstation1_venv\Lib\site-packages\fastapi\routing.py", line 213, in run_endpoint_function
    |     return await dependant.call(**values)
    |            ^^^^^^^^^^^^^^^^^^^^^^^^^^^^^^
    |   File "C:\Users\Hugh\Python_venvs\workstation1_venv\Lib\site-packages\nicegui\page.py", line 148, in decorated
    |     return create_error_page(e, request)
    |   File "C:\Users\Hugh\Python_venvs\workstation1_venv\Lib\site-packages\nicegui\page.py", line 115, in create_error_page
    |     raise e
    |   File "C:\Users\Hugh\Python_venvs\workstation1_venv\Lib\site-packages\nicegui\page.py", line 146, in decorated
    |     result = func(*dec_args, **dec_kwargs)
    |   File "F:\VulcanConnect2025-09\frontend\pages\frames_export.py", line 46, in frames_export_page
    |     ui_state.process_button.on_click(encode_and_process)
    |     ^^^^^^^^^^^^^^^^^^^^^^^^^^^^^^^^
    | AttributeError: 'NoneType' object has no attribute 'on_click'
    +------------------------------------

During handling of the above exception, another exception occurred:

Traceback (most recent call last):
  File "C:\Users\Hugh\Python_venvs\workstation1_venv\Lib\site-packages\starlette\middleware\errors.py", line 164, in __call__
    await self.app(scope, receive, _send)
  File "C:\Users\Hugh\Python_venvs\workstation1_venv\Lib\site-packages\starlette\middleware\base.py", line 182, in __call__
    with recv_stream, send_stream, collapse_excgroups():
                                   ~~~~~~~~~~~~~~~~~~^^
  File "C:\Users\Hugh\AppData\Local\Programs\Python\Python313\Lib\contextlib.py", line 162, in __exit__
    self.gen.throw(value)
    ~~~~~~~~~~~~~~^^^^^^^
  File "C:\Users\Hugh\Python_venvs\workstation1_venv\Lib\site-packages\starlette\_utils.py", line 83, in collapse_excgroups
    raise exc
  File "C:\Users\Hugh\Python_venvs\workstation1_venv\Lib\site-packages\starlette\middleware\base.py", line 184, in __call__
    response = await self.dispatch_func(request, call_next)
               ^^^^^^^^^^^^^^^^^^^^^^^^^^^^^^^^^^^^^^^^^^^^
  File "C:\Users\Hugh\Python_venvs\workstation1_venv\Lib\site-packages\nicegui\middlewares.py", line 23, in dispatch
    response = await call_next(request)
               ^^^^^^^^^^^^^^^^^^^^^^^^
  File "C:\Users\Hugh\Python_venvs\workstation1_venv\Lib\site-packages\starlette\middleware\base.py", line 159, in call_next
    raise app_exc
  File "C:\Users\Hugh\Python_venvs\workstation1_venv\Lib\site-packages\starlette\middleware\base.py", line 144, in coro
    await self.app(scope, receive_or_disconnect, send_no_error)
  File "C:\Users\Hugh\Python_venvs\workstation1_venv\Lib\site-packages\starlette\middleware\base.py", line 182, in __call__
    with recv_stream, send_stream, collapse_excgroups():
                                   ~~~~~~~~~~~~~~~~~~^^
  File "C:\Users\Hugh\AppData\Local\Programs\Python\Python313\Lib\contextlib.py", line 162, in __exit__
    self.gen.throw(value)
    ~~~~~~~~~~~~~~^^^^^^^
  File "C:\Users\Hugh\Python_venvs\workstation1_venv\Lib\site-packages\starlette\_utils.py", line 83, in collapse_excgroups
    raise exc
  File "C:\Users\Hugh\Python_venvs\workstation1_venv\Lib\site-packages\starlette\middleware\base.py", line 184, in __call__
    response = await self.dispatch_func(request, call_next)
               ^^^^^^^^^^^^^^^^^^^^^^^^^^^^^^^^^^^^^^^^^^^^
  File "C:\Users\Hugh\Python_venvs\workstation1_venv\Lib\site-packages\nicegui\middlewares.py", line 13, in dispatch
    response = await call_next(request)
               ^^^^^^^^^^^^^^^^^^^^^^^^
  File "C:\Users\Hugh\Python_venvs\workstation1_venv\Lib\site-packages\starlette\middleware\base.py", line 159, in call_next
    raise app_exc
  File "C:\Users\Hugh\Python_venvs\workstation1_venv\Lib\site-packages\starlette\middleware\base.py", line 144, in coro
    await self.app(scope, receive_or_disconnect, send_no_error)
  File "C:\Users\Hugh\Python_venvs\workstation1_venv\Lib\site-packages\starlette\middleware\gzip.py", line 29, in __call__
    await responder(scope, receive, send)
  File "C:\Users\Hugh\Python_venvs\workstation1_venv\Lib\site-packages\starlette\middleware\gzip.py", line 130, in __call__
    await super().__call__(scope, receive, send)
  File "C:\Users\Hugh\Python_venvs\workstation1_venv\Lib\site-packages\starlette\middleware\gzip.py", line 46, in __call__
    await self.app(scope, receive, self.send_with_compression)
  File "C:\Users\Hugh\Python_venvs\workstation1_venv\Lib\site-packages\starlette\middleware\exceptions.py", line 63, in __call__
    await wrap_app_handling_exceptions(self.app, conn)(scope, receive, send)
  File "C:\Users\Hugh\Python_venvs\workstation1_venv\Lib\site-packages\starlette\_exception_handler.py", line 53, in wrapped_app
    raise exc
  File "C:\Users\Hugh\Python_venvs\workstation1_venv\Lib\site-packages\starlette\_exception_handler.py", line 42, in wrapped_app
    await app(scope, receive, sender)
  File "C:\Users\Hugh\Python_venvs\workstation1_venv\Lib\site-packages\starlette\routing.py", line 716, in __call__
    await self.middleware_stack(scope, receive, send)
  File "C:\Users\Hugh\Python_venvs\workstation1_venv\Lib\site-packages\starlette\routing.py", line 736, in app
    await route.handle(scope, receive, send)
  File "C:\Users\Hugh\Python_venvs\workstation1_venv\Lib\site-packages\starlette\routing.py", line 290, in handle
    await self.app(scope, receive, send)
  File "C:\Users\Hugh\Python_venvs\workstation1_venv\Lib\site-packages\starlette\routing.py", line 78, in app
    await wrap_app_handling_exceptions(app, request)(scope, receive, send)
  File "C:\Users\Hugh\Python_venvs\workstation1_venv\Lib\site-packages\starlette\_exception_handler.py", line 53, in wrapped_app
    raise exc
  File "C:\Users\Hugh\Python_venvs\workstation1_venv\Lib\site-packages\starlette\_exception_handler.py", line 42, in wrapped_app
    await app(scope, receive, sender)
  File "C:\Users\Hugh\Python_venvs\workstation1_venv\Lib\site-packages\starlette\routing.py", line 75, in app
    response = await f(request)
               ^^^^^^^^^^^^^^^^
  File "C:\Users\Hugh\Python_venvs\workstation1_venv\Lib\site-packages\fastapi\routing.py", line 302, in app
    raw_response = await run_endpoint_function(
                   ^^^^^^^^^^^^^^^^^^^^^^^^^^^^
    ...<3 lines>...
    )
    ^
  File "C:\Users\Hugh\Python_venvs\workstation1_venv\Lib\site-packages\fastapi\routing.py", line 213, in run_endpoint_function
    return await dependant.call(**values)
           ^^^^^^^^^^^^^^^^^^^^^^^^^^^^^^
  File "C:\Users\Hugh\Python_venvs\workstation1_venv\Lib\site-packages\nicegui\page.py", line 148, in decorated
    return create_error_page(e, request)
  File "C:\Users\Hugh\Python_venvs\workstation1_venv\Lib\site-packages\nicegui\page.py", line 115, in create_error_page
    raise e
  File "C:\Users\Hugh\Python_venvs\workstation1_venv\Lib\site-packages\nicegui\page.py", line 146, in decorated
    result = func(*dec_args, **dec_kwargs)
  File "F:\VulcanConnect2025-09\frontend\pages\frames_export.py", line 46, in frames_export_page
    ui_state.process_button.on_click(encode_and_process)
    ^^^^^^^^^^^^^^^^^^^^^^^^^^^^^^^^
AttributeError: 'NoneType' object has no attribute 'on_click'
ERROR:nicegui:module 'nicegui.ui' has no attribute 'sleep'
Traceback (most recent call last):
  File "F:\VulcanConnect2025-09\frontend\configuration_encoding.py", line 42, in encode_config
    ui.notify(f"\u2705 Encoded Configuration String:\n{encoded}")
    ~~~~~~~~~^^^^^^^^^^^^^^^^^^^^^^^^^^^^^^^^^^^^^^^^^^^^^^^^
  File "C:\Users\Hugh\Python_venvs\workstation1_venv\Lib\site-packages\nicegui\functions\notify.py", line 52, in notify
    client = context.client
             ^^^^^^^^^^^^^^
  File "C:\Users\Hugh\Python_venvs\workstation1_venv\Lib\site-packages\nicegui\context.py", line 31, in client
    return self.slot.parent.client
           ^^^^^^^^^
  File "C:\Users\Hugh\Python_venvs\workstation1_venv\Lib\site-packages\nicegui\context.py", line 23, in slot
    raise RuntimeError('The current slot cannot be determined because the slot stack for this task is empty.\n'
                       'This may happen if you try to create UI from a background task.\n'
                       'To fix this, enter the target slot explicitly using `with container_element:`.')
RuntimeError: The current slot cannot be determined because the slot stack for this task is empty.
This may happen if you try to create UI from a background task.
To fix this, enter the target slot explicitly using `with container_element:`.

During handling of the above exception, another exception occurred:

Traceback (most recent call last):
  File "F:\VulcanConnect2025-09\frontend\pages\frames_export.py", line 51, in async_processing
    await asyncio.to_thread(encode_and_process, urlFrame, ui_state)
  File "C:\Users\Hugh\AppData\Local\Programs\Python\Python313\Lib\asyncio\threads.py", line 25, in to_thread
    return await loop.run_in_executor(None, func_call)
           ^^^^^^^^^^^^^^^^^^^^^^^^^^^^^^^^^^^^^^^^^^^
  File "C:\Users\Hugh\AppData\Local\Programs\Python\Python313\Lib\concurrent\futures\thread.py", line 59, in run
    result = self.fn(*self.args, **self.kwargs)
  File "F:\VulcanConnect2025-09\frontend\pages\frames_export.py", line 69, in encode_and_process
    encode_config(ui_state)
    ~~~~~~~~~~~~~^^^^^^^^^^
  File "F:\VulcanConnect2025-09\frontend\configuration_encoding.py", line 54, in encode_config
    ui.notify(f"\u274c Failed to encode: {e}", type='negative')
    ~~~~~~~~~^^^^^^^^^^^^^^^^^^^^^^^^^^^^^^^^^^^^^^^^^^^^^^
  File "C:\Users\Hugh\Python_venvs\workstation1_venv\Lib\site-packages\nicegui\functions\notify.py", line 52, in notify
    client = context.client
             ^^^^^^^^^^^^^^
  File "C:\Users\Hugh\Python_venvs\workstation1_venv\Lib\site-packages\nicegui\context.py", line 31, in client
    return self.slot.parent.client
           ^^^^^^^^^
  File "C:\Users\Hugh\Python_venvs\workstation1_venv\Lib\site-packages\nicegui\context.py", line 23, in slot
    raise RuntimeError('The current slot cannot be determined because the slot stack for this task is empty.\n'
                       'This may happen if you try to create UI from a background task.\n'
                       'To fix this, enter the target slot explicitly using `with container_element:`.')
RuntimeError: The current slot cannot be determined because the slot stack for this task is empty.
This may happen if you try to create UI from a background task.
To fix this, enter the target slot explicitly using `with container_element:`.

During handling of the above exception, another exception occurred:

Traceback (most recent call last):
  File "C:\Users\Hugh\Python_venvs\workstation1_venv\Lib\site-packages\nicegui\events.py", line 439, in wait_for_result
    await result
  File "F:\VulcanConnect2025-09\frontend\pages\frames_export.py", line 60, in async_processing
    await ui.sleep(2)
          ^^^^^^^^
AttributeError: module 'nicegui.ui' has no attribute 'sleep'. Did you mean: 'step'?
ERROR:nicegui:module 'nicegui.ui' has no attribute 'sleep'
Traceback (most recent call last):
  File "F:\VulcanConnect2025-09\frontend\configuration_encoding.py", line 42, in encode_config
    ui.notify(f"\u2705 Encoded Configuration String:\n{encoded}")
    ~~~~~~~~~^^^^^^^^^^^^^^^^^^^^^^^^^^^^^^^^^^^^^^^^^^^^^^^^
  File "C:\Users\Hugh\Python_venvs\workstation1_venv\Lib\site-packages\nicegui\functions\notify.py", line 52, in notify
    client = context.client
             ^^^^^^^^^^^^^^
  File "C:\Users\Hugh\Python_venvs\workstation1_venv\Lib\site-packages\nicegui\context.py", line 31, in client
    return self.slot.parent.client
           ^^^^^^^^^
  File "C:\Users\Hugh\Python_venvs\workstation1_venv\Lib\site-packages\nicegui\context.py", line 23, in slot
    raise RuntimeError('The current slot cannot be determined because the slot stack for this task is empty.\n'
                       'This may happen if you try to create UI from a background task.\n'
                       'To fix this, enter the target slot explicitly using `with container_element:`.')
RuntimeError: The current slot cannot be determined because the slot stack for this task is empty.
This may happen if you try to create UI from a background task.
To fix this, enter the target slot explicitly using `with container_element:`.

During handling of the above exception, another exception occurred:

Traceback (most recent call last):
  File "F:\VulcanConnect2025-09\frontend\pages\frames_export.py", line 51, in async_processing
    await asyncio.to_thread(encode_and_process, urlFrame, ui_state)
  File "C:\Users\Hugh\AppData\Local\Programs\Python\Python313\Lib\asyncio\threads.py", line 25, in to_thread
    return await loop.run_in_executor(None, func_call)
           ^^^^^^^^^^^^^^^^^^^^^^^^^^^^^^^^^^^^^^^^^^^
  File "C:\Users\Hugh\AppData\Local\Programs\Python\Python313\Lib\concurrent\futures\thread.py", line 59, in run
    result = self.fn(*self.args, **self.kwargs)
  File "F:\VulcanConnect2025-09\frontend\pages\frames_export.py", line 69, in encode_and_process
    encode_config(ui_state)
    ~~~~~~~~~~~~~^^^^^^^^^^
  File "F:\VulcanConnect2025-09\frontend\configuration_encoding.py", line 54, in encode_config
    ui.notify(f"\u274c Failed to encode: {e}", type='negative')
    ~~~~~~~~~^^^^^^^^^^^^^^^^^^^^^^^^^^^^^^^^^^^^^^^^^^^^^^
  File "C:\Users\Hugh\Python_venvs\workstation1_venv\Lib\site-packages\nicegui\functions\notify.py", line 52, in notify
    client = context.client
             ^^^^^^^^^^^^^^
  File "C:\Users\Hugh\Python_venvs\workstation1_venv\Lib\site-packages\nicegui\context.py", line 31, in client
    return self.slot.parent.client
           ^^^^^^^^^
  File "C:\Users\Hugh\Python_venvs\workstation1_venv\Lib\site-packages\nicegui\context.py", line 23, in slot
    raise RuntimeError('The current slot cannot be determined because the slot stack for this task is empty.\n'
                       'This may happen if you try to create UI from a background task.\n'
                       'To fix this, enter the target slot explicitly using `with container_element:`.')
RuntimeError: The current slot cannot be determined because the slot stack for this task is empty.
This may happen if you try to create UI from a background task.
To fix this, enter the target slot explicitly using `with container_element:`.

During handling of the above exception, another exception occurred:

Traceback (most recent call last):
  File "C:\Users\Hugh\Python_venvs\workstation1_venv\Lib\site-packages\nicegui\events.py", line 439, in wait_for_result
    await result
  File "F:\VulcanConnect2025-09\frontend\pages\frames_export.py", line 60, in async_processing
    await ui.sleep(2)
          ^^^^^^^^
AttributeError: module 'nicegui.ui' has no attribute 'sleep'. Did you mean: 'step'?
ERROR:nicegui:module 'nicegui.ui' has no attribute 'sleep'
Traceback (most recent call last):
  File "F:\VulcanConnect2025-09\frontend\pages\frames_export.py", line 51, in async_processing
    await asyncio.to_thread(encode_and_process, urlFrame, ui_state)
  File "C:\Users\Hugh\AppData\Local\Programs\Python\Python313\Lib\asyncio\threads.py", line 25, in to_thread
    return await loop.run_in_executor(None, func_call)
           ^^^^^^^^^^^^^^^^^^^^^^^^^^^^^^^^^^^^^^^^^^^
  File "C:\Users\Hugh\AppData\Local\Programs\Python\Python313\Lib\concurrent\futures\thread.py", line 59, in run
    result = self.fn(*self.args, **self.kwargs)
  File "F:\VulcanConnect2025-09\frontend\pages\frames_export.py", line 72, in encode_and_process
    ui.notify("Processing frames")
    ~~~~~~~~~^^^^^^^^^^^^^^^^^^^^^
  File "C:\Users\Hugh\Python_venvs\workstation1_venv\Lib\site-packages\nicegui\functions\notify.py", line 52, in notify
    client = context.client
             ^^^^^^^^^^^^^^
  File "C:\Users\Hugh\Python_venvs\workstation1_venv\Lib\site-packages\nicegui\context.py", line 31, in client
    return self.slot.parent.client
           ^^^^^^^^^
  File "C:\Users\Hugh\Python_venvs\workstation1_venv\Lib\site-packages\nicegui\context.py", line 23, in slot
    raise RuntimeError('The current slot cannot be determined because the slot stack for this task is empty.\n'
                       'This may happen if you try to create UI from a background task.\n'
                       'To fix this, enter the target slot explicitly using `with container_element:`.')
RuntimeError: The current slot cannot be determined because the slot stack for this task is empty.
This may happen if you try to create UI from a background task.
To fix this, enter the target slot explicitly using `with container_element:`.

During handling of the above exception, another exception occurred:

Traceback (most recent call last):
  File "C:\Users\Hugh\Python_venvs\workstation1_venv\Lib\site-packages\nicegui\events.py", line 439, in wait_for_result
    await result
  File "F:\VulcanConnect2025-09\frontend\pages\frames_export.py", line 60, in async_processing
    await ui.sleep(2)
          ^^^^^^^^
AttributeError: module 'nicegui.ui' has no attribute 'sleep'. Did you mean: 'step'?
ERROR:nicegui:run() takes 0 positional arguments but 1 was given
Traceback (most recent call last):
  File "F:\VulcanConnect2025-09\frontend\configuration_encoding.py", line 42, in encode_config
    ui.notify(f"\u2705 Encoded Configuration String:\n{encoded}")
    ~~~~~~~~~^^^^^^^^^^^^^^^^^^^^^^^^^^^^^^^^^^^^^^^^^^^^^^^^
  File "C:\Users\Hugh\Python_venvs\workstation1_venv\Lib\site-packages\nicegui\functions\notify.py", line 52, in notify
    client = context.client
             ^^^^^^^^^^^^^^
  File "C:\Users\Hugh\Python_venvs\workstation1_venv\Lib\site-packages\nicegui\context.py", line 31, in client
    return self.slot.parent.client
           ^^^^^^^^^
  File "C:\Users\Hugh\Python_venvs\workstation1_venv\Lib\site-packages\nicegui\context.py", line 23, in slot
    raise RuntimeError('The current slot cannot be determined because the slot stack for this task is empty.\n'
                       'This may happen if you try to create UI from a background task.\n'
                       'To fix this, enter the target slot explicitly using `with container_element:`.')
RuntimeError: The current slot cannot be determined because the slot stack for this task is empty.
This may happen if you try to create UI from a background task.
To fix this, enter the target slot explicitly using `with container_element:`.

During handling of the above exception, another exception occurred:

Traceback (most recent call last):
  File "F:\VulcanConnect2025-09\frontend\pages\frames_export.py", line 51, in async_processing
    await asyncio.to_thread(encode_and_process, urlFrame, ui_state)
  File "C:\Users\Hugh\AppData\Local\Programs\Python\Python313\Lib\asyncio\threads.py", line 25, in to_thread
    return await loop.run_in_executor(None, func_call)
           ^^^^^^^^^^^^^^^^^^^^^^^^^^^^^^^^^^^^^^^^^^^
  File "C:\Users\Hugh\AppData\Local\Programs\Python\Python313\Lib\concurrent\futures\thread.py", line 59, in run
    result = self.fn(*self.args, **self.kwargs)
  File "F:\VulcanConnect2025-09\frontend\pages\frames_export.py", line 74, in encode_and_process
    encode_config(ui_state)
    ~~~~~~~~~~~~~^^^^^^^^^^
  File "F:\VulcanConnect2025-09\frontend\configuration_encoding.py", line 54, in encode_config
    ui.notify(f"\u274c Failed to encode: {e}", type='negative')
    ~~~~~~~~~^^^^^^^^^^^^^^^^^^^^^^^^^^^^^^^^^^^^^^^^^^^^^^
  File "C:\Users\Hugh\Python_venvs\workstation1_venv\Lib\site-packages\nicegui\functions\notify.py", line 52, in notify
    client = context.client
             ^^^^^^^^^^^^^^
  File "C:\Users\Hugh\Python_venvs\workstation1_venv\Lib\site-packages\nicegui\context.py", line 31, in client
    return self.slot.parent.client
           ^^^^^^^^^
  File "C:\Users\Hugh\Python_venvs\workstation1_venv\Lib\site-packages\nicegui\context.py", line 23, in slot
    raise RuntimeError('The current slot cannot be determined because the slot stack for this task is empty.\n'
                       'This may happen if you try to create UI from a background task.\n'
                       'To fix this, enter the target slot explicitly using `with container_element:`.')
RuntimeError: The current slot cannot be determined because the slot stack for this task is empty.
This may happen if you try to create UI from a background task.
To fix this, enter the target slot explicitly using `with container_element:`.

During handling of the above exception, another exception occurred:

Traceback (most recent call last):
  File "C:\Users\Hugh\Python_venvs\workstation1_venv\Lib\site-packages\nicegui\events.py", line 439, in wait_for_result
    await result
  File "F:\VulcanConnect2025-09\frontend\pages\frames_export.py", line 56, in async_processing
    ui.run(lambda: update_ui_on_error(n, e))  # Update UI in case of error
    ~~~~~~^^^^^^^^^^^^^^^^^^^^^^^^^^^^^^^^^^
TypeError: run() takes 0 positional arguments but 1 was given
ERROR:nicegui:run() takes 0 positional arguments but 1 was given
Traceback (most recent call last):
  File "F:\VulcanConnect2025-09\frontend\configuration_encoding.py", line 42, in encode_config
    ui.notify(f"\u2705 Encoded Configuration String:\n{encoded}")
    ~~~~~~~~~^^^^^^^^^^^^^^^^^^^^^^^^^^^^^^^^^^^^^^^^^^^^^^^^
  File "C:\Users\Hugh\Python_venvs\workstation1_venv\Lib\site-packages\nicegui\functions\notify.py", line 52, in notify
    client = context.client
             ^^^^^^^^^^^^^^
  File "C:\Users\Hugh\Python_venvs\workstation1_venv\Lib\site-packages\nicegui\context.py", line 31, in client
    return self.slot.parent.client
           ^^^^^^^^^
  File "C:\Users\Hugh\Python_venvs\workstation1_venv\Lib\site-packages\nicegui\context.py", line 23, in slot
    raise RuntimeError('The current slot cannot be determined because the slot stack for this task is empty.\n'
                       'This may happen if you try to create UI from a background task.\n'
                       'To fix this, enter the target slot explicitly using `with container_element:`.')
RuntimeError: The current slot cannot be determined because the slot stack for this task is empty.
This may happen if you try to create UI from a background task.
To fix this, enter the target slot explicitly using `with container_element:`.

During handling of the above exception, another exception occurred:

Traceback (most recent call last):
  File "F:\VulcanConnect2025-09\frontend\pages\frames_export.py", line 51, in async_processing
    await asyncio.to_thread(encode_and_process, urlFrame, ui_state)
  File "C:\Users\Hugh\AppData\Local\Programs\Python\Python313\Lib\asyncio\threads.py", line 25, in to_thread
    return await loop.run_in_executor(None, func_call)
           ^^^^^^^^^^^^^^^^^^^^^^^^^^^^^^^^^^^^^^^^^^^
  File "C:\Users\Hugh\AppData\Local\Programs\Python\Python313\Lib\concurrent\futures\thread.py", line 59, in run
    result = self.fn(*self.args, **self.kwargs)
  File "F:\VulcanConnect2025-09\frontend\pages\frames_export.py", line 74, in encode_and_process
    encode_config(ui_state)
    ~~~~~~~~~~~~~^^^^^^^^^^
  File "F:\VulcanConnect2025-09\frontend\configuration_encoding.py", line 54, in encode_config
    ui.notify(f"\u274c Failed to encode: {e}", type='negative')
    ~~~~~~~~~^^^^^^^^^^^^^^^^^^^^^^^^^^^^^^^^^^^^^^^^^^^^^^
  File "C:\Users\Hugh\Python_venvs\workstation1_venv\Lib\site-packages\nicegui\functions\notify.py", line 52, in notify
    client = context.client
             ^^^^^^^^^^^^^^
  File "C:\Users\Hugh\Python_venvs\workstation1_venv\Lib\site-packages\nicegui\context.py", line 31, in client
    return self.slot.parent.client
           ^^^^^^^^^
  File "C:\Users\Hugh\Python_venvs\workstation1_venv\Lib\site-packages\nicegui\context.py", line 23, in slot
    raise RuntimeError('The current slot cannot be determined because the slot stack for this task is empty.\n'
                       'This may happen if you try to create UI from a background task.\n'
                       'To fix this, enter the target slot explicitly using `with container_element:`.')
RuntimeError: The current slot cannot be determined because the slot stack for this task is empty.
This may happen if you try to create UI from a background task.
To fix this, enter the target slot explicitly using `with container_element:`.

During handling of the above exception, another exception occurred:

Traceback (most recent call last):
  File "C:\Users\Hugh\Python_venvs\workstation1_venv\Lib\site-packages\nicegui\events.py", line 439, in wait_for_result
    await result
  File "F:\VulcanConnect2025-09\frontend\pages\frames_export.py", line 56, in async_processing
    ui.run(lambda: update_ui_on_error(n, e))  # Update UI in case of error
    ~~~~~~^^^^^^^^^^^^^^^^^^^^^^^^^^^^^^^^^^
TypeError: run() takes 0 positional arguments but 1 was given
ERROR:nicegui:run() takes 0 positional arguments but 1 was given
Traceback (most recent call last):
  File "F:\VulcanConnect2025-09\frontend\configuration_encoding.py", line 42, in encode_config
    ui.notify(f"\u2705 Encoded Configuration String:\n{encoded}")
    ~~~~~~~~~^^^^^^^^^^^^^^^^^^^^^^^^^^^^^^^^^^^^^^^^^^^^^^^^
  File "C:\Users\Hugh\Python_venvs\workstation1_venv\Lib\site-packages\nicegui\functions\notify.py", line 52, in notify
    client = context.client
             ^^^^^^^^^^^^^^
  File "C:\Users\Hugh\Python_venvs\workstation1_venv\Lib\site-packages\nicegui\context.py", line 31, in client
    return self.slot.parent.client
           ^^^^^^^^^
  File "C:\Users\Hugh\Python_venvs\workstation1_venv\Lib\site-packages\nicegui\context.py", line 23, in slot
    raise RuntimeError('The current slot cannot be determined because the slot stack for this task is empty.\n'
                       'This may happen if you try to create UI from a background task.\n'
                       'To fix this, enter the target slot explicitly using `with container_element:`.')
RuntimeError: The current slot cannot be determined because the slot stack for this task is empty.
This may happen if you try to create UI from a background task.
To fix this, enter the target slot explicitly using `with container_element:`.

During handling of the above exception, another exception occurred:

Traceback (most recent call last):
  File "F:\VulcanConnect2025-09\frontend\pages\frames_export.py", line 51, in async_processing
    await asyncio.to_thread(encode_and_process, urlFrame, ui_state)
  File "C:\Users\Hugh\AppData\Local\Programs\Python\Python313\Lib\asyncio\threads.py", line 25, in to_thread
    return await loop.run_in_executor(None, func_call)
           ^^^^^^^^^^^^^^^^^^^^^^^^^^^^^^^^^^^^^^^^^^^
  File "C:\Users\Hugh\AppData\Local\Programs\Python\Python313\Lib\concurrent\futures\thread.py", line 59, in run
    result = self.fn(*self.args, **self.kwargs)
  File "F:\VulcanConnect2025-09\frontend\pages\frames_export.py", line 74, in encode_and_process
    encode_config(ui_state)
    ~~~~~~~~~~~~~^^^^^^^^^^
  File "F:\VulcanConnect2025-09\frontend\configuration_encoding.py", line 54, in encode_config
    ui.notify(f"\u274c Failed to encode: {e}", type='negative')
    ~~~~~~~~~^^^^^^^^^^^^^^^^^^^^^^^^^^^^^^^^^^^^^^^^^^^^^^
  File "C:\Users\Hugh\Python_venvs\workstation1_venv\Lib\site-packages\nicegui\functions\notify.py", line 52, in notify
    client = context.client
             ^^^^^^^^^^^^^^
  File "C:\Users\Hugh\Python_venvs\workstation1_venv\Lib\site-packages\nicegui\context.py", line 31, in client
    return self.slot.parent.client
           ^^^^^^^^^
  File "C:\Users\Hugh\Python_venvs\workstation1_venv\Lib\site-packages\nicegui\context.py", line 23, in slot
    raise RuntimeError('The current slot cannot be determined because the slot stack for this task is empty.\n'
                       'This may happen if you try to create UI from a background task.\n'
                       'To fix this, enter the target slot explicitly using `with container_element:`.')
RuntimeError: The current slot cannot be determined because the slot stack for this task is empty.
This may happen if you try to create UI from a background task.
To fix this, enter the target slot explicitly using `with container_element:`.

During handling of the above exception, another exception occurred:

Traceback (most recent call last):
  File "C:\Users\Hugh\Python_venvs\workstation1_venv\Lib\site-packages\nicegui\events.py", line 439, in wait_for_result
    await result
  File "F:\VulcanConnect2025-09\frontend\pages\frames_export.py", line 56, in async_processing
    ui.run(lambda: update_ui_on_error(n, e))  # Update UI in case of error
    ~~~~~~^^^^^^^^^^^^^^^^^^^^^^^^^^^^^^^^^^
TypeError: run() takes 0 positional arguments but 1 was given
ERROR:nicegui:run() takes 0 positional arguments but 1 was given
Traceback (most recent call last):
  File "F:\VulcanConnect2025-09\frontend\configuration_encoding.py", line 42, in encode_config
    ui.notify(f"\u2705 Encoded Configuration String:\n{encoded}")
    ~~~~~~~~~^^^^^^^^^^^^^^^^^^^^^^^^^^^^^^^^^^^^^^^^^^^^^^^^
  File "C:\Users\Hugh\Python_venvs\workstation1_venv\Lib\site-packages\nicegui\functions\notify.py", line 52, in notify
    client = context.client
             ^^^^^^^^^^^^^^
  File "C:\Users\Hugh\Python_venvs\workstation1_venv\Lib\site-packages\nicegui\context.py", line 31, in client
    return self.slot.parent.client
           ^^^^^^^^^
  File "C:\Users\Hugh\Python_venvs\workstation1_venv\Lib\site-packages\nicegui\context.py", line 23, in slot
    raise RuntimeError('The current slot cannot be determined because the slot stack for this task is empty.\n'
                       'This may happen if you try to create UI from a background task.\n'
                       'To fix this, enter the target slot explicitly using `with container_element:`.')
RuntimeError: The current slot cannot be determined because the slot stack for this task is empty.
This may happen if you try to create UI from a background task.
To fix this, enter the target slot explicitly using `with container_element:`.

During handling of the above exception, another exception occurred:

Traceback (most recent call last):
  File "F:\VulcanConnect2025-09\frontend\pages\frames_export.py", line 51, in async_processing
    await asyncio.to_thread(encode_and_process, urlFrame, ui_state)
  File "C:\Users\Hugh\AppData\Local\Programs\Python\Python313\Lib\asyncio\threads.py", line 25, in to_thread
    return await loop.run_in_executor(None, func_call)
           ^^^^^^^^^^^^^^^^^^^^^^^^^^^^^^^^^^^^^^^^^^^
  File "C:\Users\Hugh\AppData\Local\Programs\Python\Python313\Lib\concurrent\futures\thread.py", line 59, in run
    result = self.fn(*self.args, **self.kwargs)
  File "F:\VulcanConnect2025-09\frontend\pages\frames_export.py", line 74, in encode_and_process
    encode_config(ui_state)
    ~~~~~~~~~~~~~^^^^^^^^^^
  File "F:\VulcanConnect2025-09\frontend\configuration_encoding.py", line 54, in encode_config
    ui.notify(f"\u274c Failed to encode: {e}", type='negative')
    ~~~~~~~~~^^^^^^^^^^^^^^^^^^^^^^^^^^^^^^^^^^^^^^^^^^^^^^
  File "C:\Users\Hugh\Python_venvs\workstation1_venv\Lib\site-packages\nicegui\functions\notify.py", line 52, in notify
    client = context.client
             ^^^^^^^^^^^^^^
  File "C:\Users\Hugh\Python_venvs\workstation1_venv\Lib\site-packages\nicegui\context.py", line 31, in client
    return self.slot.parent.client
           ^^^^^^^^^
  File "C:\Users\Hugh\Python_venvs\workstation1_venv\Lib\site-packages\nicegui\context.py", line 23, in slot
    raise RuntimeError('The current slot cannot be determined because the slot stack for this task is empty.\n'
                       'This may happen if you try to create UI from a background task.\n'
                       'To fix this, enter the target slot explicitly using `with container_element:`.')
RuntimeError: The current slot cannot be determined because the slot stack for this task is empty.
This may happen if you try to create UI from a background task.
To fix this, enter the target slot explicitly using `with container_element:`.

During handling of the above exception, another exception occurred:

Traceback (most recent call last):
  File "C:\Users\Hugh\Python_venvs\workstation1_venv\Lib\site-packages\nicegui\events.py", line 439, in wait_for_result
    await result
  File "F:\VulcanConnect2025-09\frontend\pages\frames_export.py", line 56, in async_processing
    await ui.run(lambda: update_ui_on_error(n, e))  # Update UI in case of error
          ~~~~~~^^^^^^^^^^^^^^^^^^^^^^^^^^^^^^^^^^
TypeError: run() takes 0 positional arguments but 1 was given
ERROR:nicegui:module 'nicegui.ui' has no attribute 'sleep'
Traceback (most recent call last):
  File "F:\VulcanConnect2025-09\frontend\configuration_encoding.py", line 45, in encode_config
    update_notifier(f"\u2705 Encoded Configuration String:\n{encoded}")
    ~~~~~~~~~~~~~~~^^^^^^^^^^^^^^^^^^^^^^^^^^^^^^^^^^^^^^^^^^^^^^^^
  File "F:\VulcanConnect2025-09\frontend\pages\frames_export.py", line 51, in update_notifier
    ui.notify(notification)
    ~~~~~~~~~^^^^^^^^^^^^^^
  File "C:\Users\Hugh\Python_venvs\workstation1_venv\Lib\site-packages\nicegui\functions\notify.py", line 52, in notify
    client = context.client
             ^^^^^^^^^^^^^^
  File "C:\Users\Hugh\Python_venvs\workstation1_venv\Lib\site-packages\nicegui\context.py", line 31, in client
    return self.slot.parent.client
           ^^^^^^^^^
  File "C:\Users\Hugh\Python_venvs\workstation1_venv\Lib\site-packages\nicegui\context.py", line 23, in slot
    raise RuntimeError('The current slot cannot be determined because the slot stack for this task is empty.\n'
                       'This may happen if you try to create UI from a background task.\n'
                       'To fix this, enter the target slot explicitly using `with container_element:`.')
RuntimeError: The current slot cannot be determined because the slot stack for this task is empty.
This may happen if you try to create UI from a background task.
To fix this, enter the target slot explicitly using `with container_element:`.

During handling of the above exception, another exception occurred:

Traceback (most recent call last):
  File "F:\VulcanConnect2025-09\frontend\pages\frames_export.py", line 55, in async_processing
    await asyncio.to_thread(encode_and_process, urlFrame, ui_state, update_notifier)
  File "C:\Users\Hugh\AppData\Local\Programs\Python\Python313\Lib\asyncio\threads.py", line 25, in to_thread
    return await loop.run_in_executor(None, func_call)
           ^^^^^^^^^^^^^^^^^^^^^^^^^^^^^^^^^^^^^^^^^^^
  File "C:\Users\Hugh\AppData\Local\Programs\Python\Python313\Lib\concurrent\futures\thread.py", line 59, in run
    result = self.fn(*self.args, **self.kwargs)
  File "F:\VulcanConnect2025-09\frontend\pages\frames_export.py", line 73, in encode_and_process
    encode_config(ui_state, update_notifier)
    ~~~~~~~~~~~~~^^^^^^^^^^^^^^^^^^^^^^^^^^^
  File "F:\VulcanConnect2025-09\frontend\configuration_encoding.py", line 58, in encode_config
    update_notifier(f"\u274c Failed to encode: {e}", type='negative')
    ~~~~~~~~~~~~~~~^^^^^^^^^^^^^^^^^^^^^^^^^^^^^^^^^^^^^^^^^^^^^^
TypeError: frames_export_page.<locals>.async_processing.<locals>.update_notifier() got an unexpected keyword argument 'type'

During handling of the above exception, another exception occurred:

Traceback (most recent call last):
  File "C:\Users\Hugh\Python_venvs\workstation1_venv\Lib\site-packages\nicegui\events.py", line 439, in wait_for_result
    await result
  File "F:\VulcanConnect2025-09\frontend\pages\frames_export.py", line 64, in async_processing
    await ui.sleep(2)
          ^^^^^^^^
AttributeError: module 'nicegui.ui' has no attribute 'sleep'. Did you mean: 'step'?
ERROR:nicegui:module 'nicegui.ui' has no attribute 'sleep'
Traceback (most recent call last):
  File "F:\VulcanConnect2025-09\frontend\configuration_encoding.py", line 45, in encode_config
    update_notifier(f"\u2705 Encoded Configuration String:\n{encoded}")
    ~~~~~~~~~~~~~~~^^^^^^^^^^^^^^^^^^^^^^^^^^^^^^^^^^^^^^^^^^^^^^^^
  File "F:\VulcanConnect2025-09\frontend\pages\frames_export.py", line 51, in update_notifier
    ui.notify(notification)
    ~~~~~~~~~^^^^^^^^^^^^^^
  File "C:\Users\Hugh\Python_venvs\workstation1_venv\Lib\site-packages\nicegui\functions\notify.py", line 52, in notify
    client = context.client
             ^^^^^^^^^^^^^^
  File "C:\Users\Hugh\Python_venvs\workstation1_venv\Lib\site-packages\nicegui\context.py", line 31, in client
    return self.slot.parent.client
           ^^^^^^^^^
  File "C:\Users\Hugh\Python_venvs\workstation1_venv\Lib\site-packages\nicegui\context.py", line 23, in slot
    raise RuntimeError('The current slot cannot be determined because the slot stack for this task is empty.\n'
                       'This may happen if you try to create UI from a background task.\n'
                       'To fix this, enter the target slot explicitly using `with container_element:`.')
RuntimeError: The current slot cannot be determined because the slot stack for this task is empty.
This may happen if you try to create UI from a background task.
To fix this, enter the target slot explicitly using `with container_element:`.

During handling of the above exception, another exception occurred:

Traceback (most recent call last):
  File "F:\VulcanConnect2025-09\frontend\pages\frames_export.py", line 55, in async_processing
    await asyncio.to_thread(encode_and_process, urlFrame, ui_state, update_notifier)
  File "C:\Users\Hugh\AppData\Local\Programs\Python\Python313\Lib\asyncio\threads.py", line 25, in to_thread
    return await loop.run_in_executor(None, func_call)
           ^^^^^^^^^^^^^^^^^^^^^^^^^^^^^^^^^^^^^^^^^^^
  File "C:\Users\Hugh\AppData\Local\Programs\Python\Python313\Lib\concurrent\futures\thread.py", line 59, in run
    result = self.fn(*self.args, **self.kwargs)
  File "F:\VulcanConnect2025-09\frontend\pages\frames_export.py", line 73, in encode_and_process
    encode_config(ui_state, update_notifier)
    ~~~~~~~~~~~~~^^^^^^^^^^^^^^^^^^^^^^^^^^^
  File "F:\VulcanConnect2025-09\frontend\configuration_encoding.py", line 58, in encode_config
    update_notifier(f"\u274c Failed to encode: {e}", type='negative')
    ~~~~~~~~~~~~~~~^^^^^^^^^^^^^^^^^^^^^^^^^^^^^^^^^^^^^^^^^^^^^^
TypeError: frames_export_page.<locals>.async_processing.<locals>.update_notifier() got an unexpected keyword argument 'type'

During handling of the above exception, another exception occurred:

Traceback (most recent call last):
  File "C:\Users\Hugh\Python_venvs\workstation1_venv\Lib\site-packages\nicegui\events.py", line 439, in wait_for_result
    await result
  File "F:\VulcanConnect2025-09\frontend\pages\frames_export.py", line 64, in async_processing
    await ui.sleep(2)
          ^^^^^^^^
AttributeError: module 'nicegui.ui' has no attribute 'sleep'. Did you mean: 'step'?
ERROR:nicegui:module 'nicegui.ui' has no attribute 'sleep'
Traceback (most recent call last):
  File "F:\VulcanConnect2025-09\frontend\configuration_encoding.py", line 45, in encode_config
    update_notifier(f"\u2705 Encoded Configuration String:\n{encoded}")
    ~~~~~~~~~~~~~~~^^^^^^^^^^^^^^^^^^^^^^^^^^^^^^^^^^^^^^^^^^^^^^^^
  File "F:\VulcanConnect2025-09\frontend\pages\frames_export.py", line 51, in update_notifier
    ui.run(lambda: ui.notify(notification))  # Ensure update happens in the correct slot
    ~~~~~~^^^^^^^^^^^^^^^^^^^^^^^^^^^^^^^^^
TypeError: run() takes 0 positional arguments but 1 was given

During handling of the above exception, another exception occurred:

Traceback (most recent call last):
  File "F:\VulcanConnect2025-09\frontend\pages\frames_export.py", line 55, in async_processing
    await asyncio.to_thread(encode_and_process, urlFrame, ui_state, update_notifier)
  File "C:\Users\Hugh\AppData\Local\Programs\Python\Python313\Lib\asyncio\threads.py", line 25, in to_thread
    return await loop.run_in_executor(None, func_call)
           ^^^^^^^^^^^^^^^^^^^^^^^^^^^^^^^^^^^^^^^^^^^
  File "C:\Users\Hugh\AppData\Local\Programs\Python\Python313\Lib\concurrent\futures\thread.py", line 59, in run
    result = self.fn(*self.args, **self.kwargs)
  File "F:\VulcanConnect2025-09\frontend\pages\frames_export.py", line 73, in encode_and_process
    encode_config(ui_state, update_notifier)
    ~~~~~~~~~~~~~^^^^^^^^^^^^^^^^^^^^^^^^^^^
  File "F:\VulcanConnect2025-09\frontend\configuration_encoding.py", line 58, in encode_config
    update_notifier(f"\u274c Failed to encode: {e}", type='negative')
    ~~~~~~~~~~~~~~~^^^^^^^^^^^^^^^^^^^^^^^^^^^^^^^^^^^^^^^^^^^^^^
TypeError: frames_export_page.<locals>.async_processing.<locals>.update_notifier() got an unexpected keyword argument 'type'

During handling of the above exception, another exception occurred:

Traceback (most recent call last):
  File "C:\Users\Hugh\Python_venvs\workstation1_venv\Lib\site-packages\nicegui\events.py", line 439, in wait_for_result
    await result
  File "F:\VulcanConnect2025-09\frontend\pages\frames_export.py", line 64, in async_processing
    await ui.sleep(2)
          ^^^^^^^^
AttributeError: module 'nicegui.ui' has no attribute 'sleep'. Did you mean: 'step'?
ERROR:nicegui:module 'nicegui.ui' has no attribute 'sleep'
Traceback (most recent call last):
  File "F:\VulcanConnect2025-09\frontend\configuration_encoding.py", line 45, in encode_config
    update_notifier(f"\u2705 Encoded Configuration String:\n{encoded}")
    ~~~~~~~~~~~~~~~^^^^^^^^^^^^^^^^^^^^^^^^^^^^^^^^^^^^^^^^^^^^^^^^
  File "F:\VulcanConnect2025-09\frontend\pages\frames_export.py", line 51, in update_notifier
    ui.run(lambda: ui.notify(notification))  # Ensure update happens in the correct slot
    ~~~~~~^^^^^^^^^^^^^^^^^^^^^^^^^^^^^^^^^
TypeError: run() takes 0 positional arguments but 1 was given

During handling of the above exception, another exception occurred:

Traceback (most recent call last):
  File "F:\VulcanConnect2025-09\frontend\pages\frames_export.py", line 55, in async_processing
    await asyncio.to_thread(encode_and_process, urlFrame, ui_state, update_notifier)
  File "C:\Users\Hugh\AppData\Local\Programs\Python\Python313\Lib\asyncio\threads.py", line 25, in to_thread
    return await loop.run_in_executor(None, func_call)
           ^^^^^^^^^^^^^^^^^^^^^^^^^^^^^^^^^^^^^^^^^^^
  File "C:\Users\Hugh\AppData\Local\Programs\Python\Python313\Lib\concurrent\futures\thread.py", line 59, in run
    result = self.fn(*self.args, **self.kwargs)
  File "F:\VulcanConnect2025-09\frontend\pages\frames_export.py", line 73, in encode_and_process
    encode_config(ui_state, update_notifier)
    ~~~~~~~~~~~~~^^^^^^^^^^^^^^^^^^^^^^^^^^^
  File "F:\VulcanConnect2025-09\frontend\configuration_encoding.py", line 58, in encode_config
    update_notifier(f"\u274c Failed to encode: {e}", type='negative')
    ~~~~~~~~~~~~~~~^^^^^^^^^^^^^^^^^^^^^^^^^^^^^^^^^^^^^^^^^^^^^^
TypeError: frames_export_page.<locals>.async_processing.<locals>.update_notifier() got an unexpected keyword argument 'type'

During handling of the above exception, another exception occurred:

Traceback (most recent call last):
  File "C:\Users\Hugh\Python_venvs\workstation1_venv\Lib\site-packages\nicegui\events.py", line 439, in wait_for_result
    await result
  File "F:\VulcanConnect2025-09\frontend\pages\frames_export.py", line 64, in async_processing
    await ui.sleep(2)
          ^^^^^^^^
AttributeError: module 'nicegui.ui' has no attribute 'sleep'. Did you mean: 'step'?
ERROR:nicegui:module 'nicegui.ui' has no attribute 'sleep'
Traceback (most recent call last):
  File "F:\VulcanConnect2025-09\frontend\pages\frames_export.py", line 57, in async_processing
    ui_state.process_button.visible = False
    ^^^^^^^^^^^^^^^^^^^^^^^^^^^^^^^
AttributeError: 'NoneType' object has no attribute 'visible' and no __dict__ for setting new attributes

During handling of the above exception, another exception occurred:

Traceback (most recent call last):
  File "C:\Users\Hugh\Python_venvs\workstation1_venv\Lib\site-packages\nicegui\events.py", line 439, in wait_for_result
    await result
  File "F:\VulcanConnect2025-09\frontend\pages\frames_export.py", line 63, in async_processing
    await ui.sleep(2)
          ^^^^^^^^
AttributeError: module 'nicegui.ui' has no attribute 'sleep'. Did you mean: 'step'?
ERROR:nicegui:module 'nicegui.ui' has no attribute 'sleep'
Traceback (most recent call last):
  File "F:\VulcanConnect2025-09\frontend\pages\frames_export.py", line 57, in async_processing
    ui_state.process_button.visible = False
    ^^^^^^^^^^^^^^^^^^^^^^^^^^^^^^^
AttributeError: 'NoneType' object has no attribute 'visible' and no __dict__ for setting new attributes

During handling of the above exception, another exception occurred:

Traceback (most recent call last):
  File "C:\Users\Hugh\Python_venvs\workstation1_venv\Lib\site-packages\nicegui\events.py", line 439, in wait_for_result
    await result
  File "F:\VulcanConnect2025-09\frontend\pages\frames_export.py", line 63, in async_processing
    await ui.sleep(2)
          ^^^^^^^^
AttributeError: module 'nicegui.ui' has no attribute 'sleep'. Did you mean: 'step'?
ERROR:nicegui:module 'nicegui.ui' has no attribute 'sleep'
Traceback (most recent call last):
  File "F:\VulcanConnect2025-09\frontend\pages\frames_export.py", line 54, in async_processing
    await asyncio.to_thread(encode_and_process, urlFrame, ui_state, update_notifier)
  File "C:\Users\Hugh\AppData\Local\Programs\Python\Python313\Lib\asyncio\threads.py", line 25, in to_thread
    return await loop.run_in_executor(None, func_call)
           ^^^^^^^^^^^^^^^^^^^^^^^^^^^^^^^^^^^^^^^^^^^
  File "C:\Users\Hugh\AppData\Local\Programs\Python\Python313\Lib\concurrent\futures\thread.py", line 59, in run
    result = self.fn(*self.args, **self.kwargs)
  File "F:\VulcanConnect2025-09\frontend\pages\frames_export.py", line 77, in encode_and_process
    download_button()
    ~~~~~~~~~~~~~~~^^
  File "F:\VulcanConnect2025-09\frontend\components\download_button.py", line 4, in download_button
    ui.button('Download All as ZIP', on_click=lambda: ui.run_javascript('window.open("/download-frames-zip", "_blank")'))
    ~~~~~~~~~^^^^^^^^^^^^^^^^^^^^^^^^^^^^^^^^^^^^^^^^^^^^^^^^^^^^^^^^^^^^^^^^^^^^^^^^^^^^^^^^^^^^^^^^^^^^^^^^^^^^^^^^^^^^
  File "C:\Users\Hugh\Python_venvs\workstation1_venv\Lib\site-packages\nicegui\elements\button.py", line 35, in __init__
    super().__init__(tag='q-btn', text=text, background_color=color, icon=icon)
    ~~~~~~~~~~~~~~~~^^^^^^^^^^^^^^^^^^^^^^^^^^^^^^^^^^^^^^^^^^^^^^^^^^^^^^^^^^^
  File "C:\Users\Hugh\Python_venvs\workstation1_venv\Lib\site-packages\nicegui\elements\mixins\icon_element.py", line 14, in __init__
    super().__init__(**kwargs)
    ~~~~~~~~~~~~~~~~^^^^^^^^^^
  File "C:\Users\Hugh\Python_venvs\workstation1_venv\Lib\site-packages\nicegui\elements\mixins\text_element.py", line 14, in __init__
    super().__init__(**kwargs)
    ~~~~~~~~~~~~~~~~^^^^^^^^^^
  File "C:\Users\Hugh\Python_venvs\workstation1_venv\Lib\site-packages\nicegui\elements\mixins\disableable_element.py", line 14, in __init__
    super().__init__(**kwargs)
    ~~~~~~~~~~~~~~~~^^^^^^^^^^
  File "C:\Users\Hugh\Python_venvs\workstation1_venv\Lib\site-packages\nicegui\elements\mixins\color_elements.py", line 20, in __init__
    super().__init__(**kwargs)
    ~~~~~~~~~~~~~~~~^^^^^^^^^^
  File "C:\Users\Hugh\Python_venvs\workstation1_venv\Lib\site-packages\nicegui\element.py", line 60, in __init__
    client = _client or context.client
                        ^^^^^^^^^^^^^^
  File "C:\Users\Hugh\Python_venvs\workstation1_venv\Lib\site-packages\nicegui\context.py", line 31, in client
    return self.slot.parent.client
           ^^^^^^^^^
  File "C:\Users\Hugh\Python_venvs\workstation1_venv\Lib\site-packages\nicegui\context.py", line 23, in slot
    raise RuntimeError('The current slot cannot be determined because the slot stack for this task is empty.\n'
                       'This may happen if you try to create UI from a background task.\n'
                       'To fix this, enter the target slot explicitly using `with container_element:`.')
RuntimeError: The current slot cannot be determined because the slot stack for this task is empty.
This may happen if you try to create UI from a background task.
To fix this, enter the target slot explicitly using `with container_element:`.

During handling of the above exception, another exception occurred:

Traceback (most recent call last):
  File "C:\Users\Hugh\Python_venvs\workstation1_venv\Lib\site-packages\nicegui\events.py", line 439, in wait_for_result
    await result
  File "F:\VulcanConnect2025-09\frontend\pages\frames_export.py", line 63, in async_processing
    await ui.sleep(2)
          ^^^^^^^^
AttributeError: module 'nicegui.ui' has no attribute 'sleep'. Did you mean: 'step'?
ERROR:nicegui:module 'nicegui.ui' has no attribute 'sleep'
Traceback (most recent call last):
  File "F:\VulcanConnect2025-09\frontend\pages\frames_export.py", line 54, in async_processing
    await asyncio.to_thread(encode_and_process, urlFrame, ui_state, update_notifier)
  File "C:\Users\Hugh\AppData\Local\Programs\Python\Python313\Lib\asyncio\threads.py", line 25, in to_thread
    return await loop.run_in_executor(None, func_call)
           ^^^^^^^^^^^^^^^^^^^^^^^^^^^^^^^^^^^^^^^^^^^
  File "C:\Users\Hugh\AppData\Local\Programs\Python\Python313\Lib\concurrent\futures\thread.py", line 59, in run
    result = self.fn(*self.args, **self.kwargs)
  File "F:\VulcanConnect2025-09\frontend\pages\frames_export.py", line 77, in encode_and_process
    download_button()
    ~~~~~~~~~~~~~~~^^
  File "F:\VulcanConnect2025-09\frontend\components\download_button.py", line 4, in download_button
    ui.button('Download All as ZIP', on_click=lambda: ui.run_javascript('window.open("/download-frames-zip", "_blank")'))
    ~~~~~~~~~^^^^^^^^^^^^^^^^^^^^^^^^^^^^^^^^^^^^^^^^^^^^^^^^^^^^^^^^^^^^^^^^^^^^^^^^^^^^^^^^^^^^^^^^^^^^^^^^^^^^^^^^^^^^
  File "C:\Users\Hugh\Python_venvs\workstation1_venv\Lib\site-packages\nicegui\elements\button.py", line 35, in __init__
    super().__init__(tag='q-btn', text=text, background_color=color, icon=icon)
    ~~~~~~~~~~~~~~~~^^^^^^^^^^^^^^^^^^^^^^^^^^^^^^^^^^^^^^^^^^^^^^^^^^^^^^^^^^^
  File "C:\Users\Hugh\Python_venvs\workstation1_venv\Lib\site-packages\nicegui\elements\mixins\icon_element.py", line 14, in __init__
    super().__init__(**kwargs)
    ~~~~~~~~~~~~~~~~^^^^^^^^^^
  File "C:\Users\Hugh\Python_venvs\workstation1_venv\Lib\site-packages\nicegui\elements\mixins\text_element.py", line 14, in __init__
    super().__init__(**kwargs)
    ~~~~~~~~~~~~~~~~^^^^^^^^^^
  File "C:\Users\Hugh\Python_venvs\workstation1_venv\Lib\site-packages\nicegui\elements\mixins\disableable_element.py", line 14, in __init__
    super().__init__(**kwargs)
    ~~~~~~~~~~~~~~~~^^^^^^^^^^
  File "C:\Users\Hugh\Python_venvs\workstation1_venv\Lib\site-packages\nicegui\elements\mixins\color_elements.py", line 20, in __init__
    super().__init__(**kwargs)
    ~~~~~~~~~~~~~~~~^^^^^^^^^^
  File "C:\Users\Hugh\Python_venvs\workstation1_venv\Lib\site-packages\nicegui\element.py", line 60, in __init__
    client = _client or context.client
                        ^^^^^^^^^^^^^^
  File "C:\Users\Hugh\Python_venvs\workstation1_venv\Lib\site-packages\nicegui\context.py", line 31, in client
    return self.slot.parent.client
           ^^^^^^^^^
  File "C:\Users\Hugh\Python_venvs\workstation1_venv\Lib\site-packages\nicegui\context.py", line 23, in slot
    raise RuntimeError('The current slot cannot be determined because the slot stack for this task is empty.\n'
                       'This may happen if you try to create UI from a background task.\n'
                       'To fix this, enter the target slot explicitly using `with container_element:`.')
RuntimeError: The current slot cannot be determined because the slot stack for this task is empty.
This may happen if you try to create UI from a background task.
To fix this, enter the target slot explicitly using `with container_element:`.

During handling of the above exception, another exception occurred:

Traceback (most recent call last):
  File "C:\Users\Hugh\Python_venvs\workstation1_venv\Lib\site-packages\nicegui\events.py", line 439, in wait_for_result
    await result
  File "F:\VulcanConnect2025-09\frontend\pages\frames_export.py", line 63, in async_processing
    await ui.sleep(2)
          ^^^^^^^^
AttributeError: module 'nicegui.ui' has no attribute 'sleep'. Did you mean: 'step'?
ERROR:nicegui:module 'nicegui.ui' has no attribute 'sleep'
Traceback (most recent call last):
  File "F:\VulcanConnect2025-09\frontend\pages\frames_export.py", line 54, in async_processing
    await asyncio.to_thread(encode_and_process, urlFrame, ui_state, update_notifier)
  File "C:\Users\Hugh\AppData\Local\Programs\Python\Python313\Lib\asyncio\threads.py", line 25, in to_thread
    return await loop.run_in_executor(None, func_call)
           ^^^^^^^^^^^^^^^^^^^^^^^^^^^^^^^^^^^^^^^^^^^
  File "C:\Users\Hugh\AppData\Local\Programs\Python\Python313\Lib\concurrent\futures\thread.py", line 59, in run
    result = self.fn(*self.args, **self.kwargs)
  File "F:\VulcanConnect2025-09\frontend\pages\frames_export.py", line 74, in encode_and_process
    main_frames_exporter(urlFrame, ui_state, framesUiOptions, update_notifier)
    ~~~~~~~~~~~~~~~~~~~~^^^^^^^^^^^^^^^^^^^^^^^^^^^^^^^^^^^^^^^^^^^^^^^^^^^^^^
  File "F:\VulcanConnect2025-09\backend\apps\frames_export\main_frames_export.py", line 30, in main_frames_exporter
    framesZipFile = build_frames_export_zip(nc1File, matFile, viewFile, step_files)
                                                                        ^^^^^^^^^^
UnboundLocalError: cannot access local variable 'step_files' where it is not associated with a value

During handling of the above exception, another exception occurred:

Traceback (most recent call last):
  File "C:\Users\Hugh\Python_venvs\workstation1_venv\Lib\site-packages\nicegui\events.py", line 439, in wait_for_result
    await result
  File "F:\VulcanConnect2025-09\frontend\pages\frames_export.py", line 63, in async_processing
    await ui.sleep(2)
          ^^^^^^^^
AttributeError: module 'nicegui.ui' has no attribute 'sleep'. Did you mean: 'step'?
ERROR:nicegui:module 'nicegui.ui' has no attribute 'sleep'
Traceback (most recent call last):
  File "F:\VulcanConnect2025-09\frontend\pages\frames_export.py", line 54, in async_processing
    await asyncio.to_thread(encode_and_process, urlFrame, ui_state, update_notifier)
  File "C:\Users\Hugh\AppData\Local\Programs\Python\Python313\Lib\asyncio\threads.py", line 25, in to_thread
    return await loop.run_in_executor(None, func_call)
           ^^^^^^^^^^^^^^^^^^^^^^^^^^^^^^^^^^^^^^^^^^^
  File "C:\Users\Hugh\AppData\Local\Programs\Python\Python313\Lib\concurrent\futures\thread.py", line 59, in run
    result = self.fn(*self.args, **self.kwargs)
  File "F:\VulcanConnect2025-09\frontend\pages\frames_export.py", line 74, in encode_and_process
    main_frames_exporter(urlFrame, ui_state, framesUiOptions, update_notifier)
    ~~~~~~~~~~~~~~~~~~~~^^^^^^^^^^^^^^^^^^^^^^^^^^^^^^^^^^^^^^^^^^^^^^^^^^^^^^
  File "F:\VulcanConnect2025-09\backend\apps\frames_export\main_frames_export.py", line 30, in main_frames_exporter
    framesZipFile = build_frames_export_zip(nc1File, matFile, viewFile, step_files)
                                                                        ^^^^^^^^^^
UnboundLocalError: cannot access local variable 'step_files' where it is not associated with a value

During handling of the above exception, another exception occurred:

Traceback (most recent call last):
  File "C:\Users\Hugh\Python_venvs\workstation1_venv\Lib\site-packages\nicegui\events.py", line 439, in wait_for_result
    await result
  File "F:\VulcanConnect2025-09\frontend\pages\frames_export.py", line 63, in async_processing
    await ui.sleep(2)
          ^^^^^^^^
AttributeError: module 'nicegui.ui' has no attribute 'sleep'. Did you mean: 'step'?
ERROR:nicegui:module 'nicegui.ui' has no attribute 'sleep'
Traceback (most recent call last):
  File "F:\VulcanConnect2025-09\frontend\pages\frames_export.py", line 55, in async_processing
    await asyncio.to_thread(encode_and_process, urlFrame, ui_state, update_notifier)
  File "C:\Users\Hugh\AppData\Local\Programs\Python\Python313\Lib\asyncio\threads.py", line 25, in to_thread
    return await loop.run_in_executor(None, func_call)
           ^^^^^^^^^^^^^^^^^^^^^^^^^^^^^^^^^^^^^^^^^^^
  File "C:\Users\Hugh\AppData\Local\Programs\Python\Python313\Lib\concurrent\futures\thread.py", line 59, in run
    result = self.fn(*self.args, **self.kwargs)
  File "F:\VulcanConnect2025-09\frontend\pages\frames_export.py", line 75, in encode_and_process
    main_frames_exporter(urlFrame, ui_state, framesUiOptions, update_notifier)
    ~~~~~~~~~~~~~~~~~~~~^^^^^^^^^^^^^^^^^^^^^^^^^^^^^^^^^^^^^^^^^^^^^^^^^^^^^^
  File "F:\VulcanConnect2025-09\backend\apps\frames_export\main_frames_export.py", line 30, in main_frames_exporter
    framesZipFile = build_frames_export_zip(nc1File, matFile, viewFile, step_files)
                                                                        ^^^^^^^^^^
UnboundLocalError: cannot access local variable 'step_files' where it is not associated with a value

During handling of the above exception, another exception occurred:

Traceback (most recent call last):
  File "C:\Users\Hugh\Python_venvs\workstation1_venv\Lib\site-packages\nicegui\events.py", line 439, in wait_for_result
    await result
  File "F:\VulcanConnect2025-09\frontend\pages\frames_export.py", line 64, in async_processing
    await ui.sleep(2)
          ^^^^^^^^
AttributeError: module 'nicegui.ui' has no attribute 'sleep'. Did you mean: 'step'?
ERROR:nicegui:module 'nicegui.ui' has no attribute 'sleep'
Traceback (most recent call last):
  File "F:\VulcanConnect2025-09\frontend\pages\frames_export.py", line 55, in async_processing
    await asyncio.to_thread(encode_and_process, urlFrame, ui_state, update_notifier)
  File "C:\Users\Hugh\AppData\Local\Programs\Python\Python313\Lib\asyncio\threads.py", line 25, in to_thread
    return await loop.run_in_executor(None, func_call)
           ^^^^^^^^^^^^^^^^^^^^^^^^^^^^^^^^^^^^^^^^^^^
  File "C:\Users\Hugh\AppData\Local\Programs\Python\Python313\Lib\concurrent\futures\thread.py", line 59, in run
    result = self.fn(*self.args, **self.kwargs)
  File "F:\VulcanConnect2025-09\frontend\pages\frames_export.py", line 78, in encode_and_process
    download_button()
    ~~~~~~~~~~~~~~~^^
  File "F:\VulcanConnect2025-09\frontend\components\download_button.py", line 4, in download_button
    ui.button('Download All as ZIP', on_click=lambda: ui.run_javascript('window.open("/download-frames-zip", "_blank")'))
    ~~~~~~~~~^^^^^^^^^^^^^^^^^^^^^^^^^^^^^^^^^^^^^^^^^^^^^^^^^^^^^^^^^^^^^^^^^^^^^^^^^^^^^^^^^^^^^^^^^^^^^^^^^^^^^^^^^^^^
  File "C:\Users\Hugh\Python_venvs\workstation1_venv\Lib\site-packages\nicegui\elements\button.py", line 35, in __init__
    super().__init__(tag='q-btn', text=text, background_color=color, icon=icon)
    ~~~~~~~~~~~~~~~~^^^^^^^^^^^^^^^^^^^^^^^^^^^^^^^^^^^^^^^^^^^^^^^^^^^^^^^^^^^
  File "C:\Users\Hugh\Python_venvs\workstation1_venv\Lib\site-packages\nicegui\elements\mixins\icon_element.py", line 14, in __init__
    super().__init__(**kwargs)
    ~~~~~~~~~~~~~~~~^^^^^^^^^^
  File "C:\Users\Hugh\Python_venvs\workstation1_venv\Lib\site-packages\nicegui\elements\mixins\text_element.py", line 14, in __init__
    super().__init__(**kwargs)
    ~~~~~~~~~~~~~~~~^^^^^^^^^^
  File "C:\Users\Hugh\Python_venvs\workstation1_venv\Lib\site-packages\nicegui\elements\mixins\disableable_element.py", line 14, in __init__
    super().__init__(**kwargs)
    ~~~~~~~~~~~~~~~~^^^^^^^^^^
  File "C:\Users\Hugh\Python_venvs\workstation1_venv\Lib\site-packages\nicegui\elements\mixins\color_elements.py", line 20, in __init__
    super().__init__(**kwargs)
    ~~~~~~~~~~~~~~~~^^^^^^^^^^
  File "C:\Users\Hugh\Python_venvs\workstation1_venv\Lib\site-packages\nicegui\element.py", line 60, in __init__
    client = _client or context.client
                        ^^^^^^^^^^^^^^
  File "C:\Users\Hugh\Python_venvs\workstation1_venv\Lib\site-packages\nicegui\context.py", line 31, in client
    return self.slot.parent.client
           ^^^^^^^^^
  File "C:\Users\Hugh\Python_venvs\workstation1_venv\Lib\site-packages\nicegui\context.py", line 23, in slot
    raise RuntimeError('The current slot cannot be determined because the slot stack for this task is empty.\n'
                       'This may happen if you try to create UI from a background task.\n'
                       'To fix this, enter the target slot explicitly using `with container_element:`.')
RuntimeError: The current slot cannot be determined because the slot stack for this task is empty.
This may happen if you try to create UI from a background task.
To fix this, enter the target slot explicitly using `with container_element:`.

During handling of the above exception, another exception occurred:

Traceback (most recent call last):
  File "C:\Users\Hugh\Python_venvs\workstation1_venv\Lib\site-packages\nicegui\events.py", line 439, in wait_for_result
    await result
  File "F:\VulcanConnect2025-09\frontend\pages\frames_export.py", line 64, in async_processing
    await ui.sleep(2)
          ^^^^^^^^
AttributeError: module 'nicegui.ui' has no attribute 'sleep'. Did you mean: 'step'?
ERROR:nicegui:module 'nicegui.ui' has no attribute 'sleep'
Traceback (most recent call last):
  File "F:\VulcanConnect2025-09\frontend\pages\frames_export.py", line 55, in async_processing
    await asyncio.to_thread(encode_and_process, urlFrame, ui_state, update_notifier)
  File "C:\Users\Hugh\AppData\Local\Programs\Python\Python313\Lib\asyncio\threads.py", line 25, in to_thread
    return await loop.run_in_executor(None, func_call)
           ^^^^^^^^^^^^^^^^^^^^^^^^^^^^^^^^^^^^^^^^^^^
  File "C:\Users\Hugh\AppData\Local\Programs\Python\Python313\Lib\concurrent\futures\thread.py", line 59, in run
    result = self.fn(*self.args, **self.kwargs)
  File "F:\VulcanConnect2025-09\frontend\pages\frames_export.py", line 78, in encode_and_process
    download_button()
    ~~~~~~~~~~~~~~~^^
  File "F:\VulcanConnect2025-09\frontend\components\download_button.py", line 4, in download_button
    ui.button('Download All as ZIP', on_click=lambda: ui.run_javascript('window.open("/download-frames-zip", "_blank")'))
    ~~~~~~~~~^^^^^^^^^^^^^^^^^^^^^^^^^^^^^^^^^^^^^^^^^^^^^^^^^^^^^^^^^^^^^^^^^^^^^^^^^^^^^^^^^^^^^^^^^^^^^^^^^^^^^^^^^^^^
  File "C:\Users\Hugh\Python_venvs\workstation1_venv\Lib\site-packages\nicegui\elements\button.py", line 35, in __init__
    super().__init__(tag='q-btn', text=text, background_color=color, icon=icon)
    ~~~~~~~~~~~~~~~~^^^^^^^^^^^^^^^^^^^^^^^^^^^^^^^^^^^^^^^^^^^^^^^^^^^^^^^^^^^
  File "C:\Users\Hugh\Python_venvs\workstation1_venv\Lib\site-packages\nicegui\elements\mixins\icon_element.py", line 14, in __init__
    super().__init__(**kwargs)
    ~~~~~~~~~~~~~~~~^^^^^^^^^^
  File "C:\Users\Hugh\Python_venvs\workstation1_venv\Lib\site-packages\nicegui\elements\mixins\text_element.py", line 14, in __init__
    super().__init__(**kwargs)
    ~~~~~~~~~~~~~~~~^^^^^^^^^^
  File "C:\Users\Hugh\Python_venvs\workstation1_venv\Lib\site-packages\nicegui\elements\mixins\disableable_element.py", line 14, in __init__
    super().__init__(**kwargs)
    ~~~~~~~~~~~~~~~~^^^^^^^^^^
  File "C:\Users\Hugh\Python_venvs\workstation1_venv\Lib\site-packages\nicegui\elements\mixins\color_elements.py", line 20, in __init__
    super().__init__(**kwargs)
    ~~~~~~~~~~~~~~~~^^^^^^^^^^
  File "C:\Users\Hugh\Python_venvs\workstation1_venv\Lib\site-packages\nicegui\element.py", line 60, in __init__
    client = _client or context.client
                        ^^^^^^^^^^^^^^
  File "C:\Users\Hugh\Python_venvs\workstation1_venv\Lib\site-packages\nicegui\context.py", line 31, in client
    return self.slot.parent.client
           ^^^^^^^^^
  File "C:\Users\Hugh\Python_venvs\workstation1_venv\Lib\site-packages\nicegui\context.py", line 23, in slot
    raise RuntimeError('The current slot cannot be determined because the slot stack for this task is empty.\n'
                       'This may happen if you try to create UI from a background task.\n'
                       'To fix this, enter the target slot explicitly using `with container_element:`.')
RuntimeError: The current slot cannot be determined because the slot stack for this task is empty.
This may happen if you try to create UI from a background task.
To fix this, enter the target slot explicitly using `with container_element:`.

During handling of the above exception, another exception occurred:

Traceback (most recent call last):
  File "C:\Users\Hugh\Python_venvs\workstation1_venv\Lib\site-packages\nicegui\events.py", line 439, in wait_for_result
    await result
  File "F:\VulcanConnect2025-09\frontend\pages\frames_export.py", line 64, in async_processing
    await ui.sleep(2)
          ^^^^^^^^
AttributeError: module 'nicegui.ui' has no attribute 'sleep'. Did you mean: 'step'?
ERROR:nicegui:module 'nicegui.ui' has no attribute 'sleep'
Traceback (most recent call last):
  File "F:\VulcanConnect2025-09\frontend\pages\frames_export.py", line 55, in async_processing
    await asyncio.to_thread(encode_and_process, urlFrame, ui_state, update_notifier)
  File "C:\Users\Hugh\AppData\Local\Programs\Python\Python313\Lib\asyncio\threads.py", line 25, in to_thread
    return await loop.run_in_executor(None, func_call)
           ^^^^^^^^^^^^^^^^^^^^^^^^^^^^^^^^^^^^^^^^^^^
  File "C:\Users\Hugh\AppData\Local\Programs\Python\Python313\Lib\concurrent\futures\thread.py", line 59, in run
    result = self.fn(*self.args, **self.kwargs)
  File "F:\VulcanConnect2025-09\frontend\pages\frames_export.py", line 78, in encode_and_process
    download_button()
    ~~~~~~~~~~~~~~~^^
  File "F:\VulcanConnect2025-09\frontend\components\download_button.py", line 4, in download_button
    ui.button('Download All as ZIP', on_click=lambda: ui.run_javascript('window.open("/download-frames-zip", "_blank")'))
    ~~~~~~~~~^^^^^^^^^^^^^^^^^^^^^^^^^^^^^^^^^^^^^^^^^^^^^^^^^^^^^^^^^^^^^^^^^^^^^^^^^^^^^^^^^^^^^^^^^^^^^^^^^^^^^^^^^^^^
  File "C:\Users\Hugh\Python_venvs\workstation1_venv\Lib\site-packages\nicegui\elements\button.py", line 35, in __init__
    super().__init__(tag='q-btn', text=text, background_color=color, icon=icon)
    ~~~~~~~~~~~~~~~~^^^^^^^^^^^^^^^^^^^^^^^^^^^^^^^^^^^^^^^^^^^^^^^^^^^^^^^^^^^
  File "C:\Users\Hugh\Python_venvs\workstation1_venv\Lib\site-packages\nicegui\elements\mixins\icon_element.py", line 14, in __init__
    super().__init__(**kwargs)
    ~~~~~~~~~~~~~~~~^^^^^^^^^^
  File "C:\Users\Hugh\Python_venvs\workstation1_venv\Lib\site-packages\nicegui\elements\mixins\text_element.py", line 14, in __init__
    super().__init__(**kwargs)
    ~~~~~~~~~~~~~~~~^^^^^^^^^^
  File "C:\Users\Hugh\Python_venvs\workstation1_venv\Lib\site-packages\nicegui\elements\mixins\disableable_element.py", line 14, in __init__
    super().__init__(**kwargs)
    ~~~~~~~~~~~~~~~~^^^^^^^^^^
  File "C:\Users\Hugh\Python_venvs\workstation1_venv\Lib\site-packages\nicegui\elements\mixins\color_elements.py", line 20, in __init__
    super().__init__(**kwargs)
    ~~~~~~~~~~~~~~~~^^^^^^^^^^
  File "C:\Users\Hugh\Python_venvs\workstation1_venv\Lib\site-packages\nicegui\element.py", line 60, in __init__
    client = _client or context.client
                        ^^^^^^^^^^^^^^
  File "C:\Users\Hugh\Python_venvs\workstation1_venv\Lib\site-packages\nicegui\context.py", line 31, in client
    return self.slot.parent.client
           ^^^^^^^^^
  File "C:\Users\Hugh\Python_venvs\workstation1_venv\Lib\site-packages\nicegui\context.py", line 23, in slot
    raise RuntimeError('The current slot cannot be determined because the slot stack for this task is empty.\n'
                       'This may happen if you try to create UI from a background task.\n'
                       'To fix this, enter the target slot explicitly using `with container_element:`.')
RuntimeError: The current slot cannot be determined because the slot stack for this task is empty.
This may happen if you try to create UI from a background task.
To fix this, enter the target slot explicitly using `with container_element:`.

During handling of the above exception, another exception occurred:

Traceback (most recent call last):
  File "C:\Users\Hugh\Python_venvs\workstation1_venv\Lib\site-packages\nicegui\events.py", line 439, in wait_for_result
    await result
  File "F:\VulcanConnect2025-09\frontend\pages\frames_export.py", line 64, in async_processing
    await ui.sleep(2)
          ^^^^^^^^
AttributeError: module 'nicegui.ui' has no attribute 'sleep'. Did you mean: 'step'?
ERROR:nicegui:module 'nicegui.ui' has no attribute 'sleep'
Traceback (most recent call last):
  File "F:\VulcanConnect2025-09\frontend\pages\frames_export.py", line 55, in async_processing
    await asyncio.to_thread(encode_and_process, urlFrame, ui_state, update_notifier)
  File "C:\Users\Hugh\AppData\Local\Programs\Python\Python313\Lib\asyncio\threads.py", line 25, in to_thread
    return await loop.run_in_executor(None, func_call)
           ^^^^^^^^^^^^^^^^^^^^^^^^^^^^^^^^^^^^^^^^^^^
  File "C:\Users\Hugh\AppData\Local\Programs\Python\Python313\Lib\concurrent\futures\thread.py", line 59, in run
    result = self.fn(*self.args, **self.kwargs)
  File "F:\VulcanConnect2025-09\frontend\pages\frames_export.py", line 81, in encode_and_process
    download_button()
    ~~~~~~~~~~~~~~~^^
  File "F:\VulcanConnect2025-09\frontend\components\download_button.py", line 4, in download_button
    ui.button('Download All as ZIP', on_click=lambda: ui.run_javascript('window.open("/download-frames-zip", "_blank")'))
    ~~~~~~~~~^^^^^^^^^^^^^^^^^^^^^^^^^^^^^^^^^^^^^^^^^^^^^^^^^^^^^^^^^^^^^^^^^^^^^^^^^^^^^^^^^^^^^^^^^^^^^^^^^^^^^^^^^^^^
  File "C:\Users\Hugh\Python_venvs\workstation1_venv\Lib\site-packages\nicegui\elements\button.py", line 35, in __init__
    super().__init__(tag='q-btn', text=text, background_color=color, icon=icon)
    ~~~~~~~~~~~~~~~~^^^^^^^^^^^^^^^^^^^^^^^^^^^^^^^^^^^^^^^^^^^^^^^^^^^^^^^^^^^
  File "C:\Users\Hugh\Python_venvs\workstation1_venv\Lib\site-packages\nicegui\elements\mixins\icon_element.py", line 14, in __init__
    super().__init__(**kwargs)
    ~~~~~~~~~~~~~~~~^^^^^^^^^^
  File "C:\Users\Hugh\Python_venvs\workstation1_venv\Lib\site-packages\nicegui\elements\mixins\text_element.py", line 14, in __init__
    super().__init__(**kwargs)
    ~~~~~~~~~~~~~~~~^^^^^^^^^^
  File "C:\Users\Hugh\Python_venvs\workstation1_venv\Lib\site-packages\nicegui\elements\mixins\disableable_element.py", line 14, in __init__
    super().__init__(**kwargs)
    ~~~~~~~~~~~~~~~~^^^^^^^^^^
  File "C:\Users\Hugh\Python_venvs\workstation1_venv\Lib\site-packages\nicegui\elements\mixins\color_elements.py", line 20, in __init__
    super().__init__(**kwargs)
    ~~~~~~~~~~~~~~~~^^^^^^^^^^
  File "C:\Users\Hugh\Python_venvs\workstation1_venv\Lib\site-packages\nicegui\element.py", line 60, in __init__
    client = _client or context.client
                        ^^^^^^^^^^^^^^
  File "C:\Users\Hugh\Python_venvs\workstation1_venv\Lib\site-packages\nicegui\context.py", line 31, in client
    return self.slot.parent.client
           ^^^^^^^^^
  File "C:\Users\Hugh\Python_venvs\workstation1_venv\Lib\site-packages\nicegui\context.py", line 23, in slot
    raise RuntimeError('The current slot cannot be determined because the slot stack for this task is empty.\n'
                       'This may happen if you try to create UI from a background task.\n'
                       'To fix this, enter the target slot explicitly using `with container_element:`.')
RuntimeError: The current slot cannot be determined because the slot stack for this task is empty.
This may happen if you try to create UI from a background task.
To fix this, enter the target slot explicitly using `with container_element:`.

During handling of the above exception, another exception occurred:

Traceback (most recent call last):
  File "C:\Users\Hugh\Python_venvs\workstation1_venv\Lib\site-packages\nicegui\events.py", line 439, in wait_for_result
    await result
  File "F:\VulcanConnect2025-09\frontend\pages\frames_export.py", line 64, in async_processing
    await ui.sleep(2)
          ^^^^^^^^
AttributeError: module 'nicegui.ui' has no attribute 'sleep'. Did you mean: 'step'?
ERROR:nicegui:module 'nicegui.ui' has no attribute 'sleep'
Traceback (most recent call last):
  File "F:\VulcanConnect2025-09\frontend\pages\frames_export.py", line 55, in async_processing
    await asyncio.to_thread(encode_and_process, urlFrame, ui_state, update_notifier)
  File "C:\Users\Hugh\AppData\Local\Programs\Python\Python313\Lib\asyncio\threads.py", line 25, in to_thread
    return await loop.run_in_executor(None, func_call)
           ^^^^^^^^^^^^^^^^^^^^^^^^^^^^^^^^^^^^^^^^^^^
  File "C:\Users\Hugh\AppData\Local\Programs\Python\Python313\Lib\concurrent\futures\thread.py", line 59, in run
    result = self.fn(*self.args, **self.kwargs)
  File "F:\VulcanConnect2025-09\frontend\pages\frames_export.py", line 82, in encode_and_process
    download_button()
    ~~~~~~~~~~~~~~~^^
  File "F:\VulcanConnect2025-09\frontend\components\download_button.py", line 4, in download_button
    ui.button('Download All as ZIP', on_click=lambda: ui.run_javascript('window.open("/download-frames-zip", "_blank")'))
    ~~~~~~~~~^^^^^^^^^^^^^^^^^^^^^^^^^^^^^^^^^^^^^^^^^^^^^^^^^^^^^^^^^^^^^^^^^^^^^^^^^^^^^^^^^^^^^^^^^^^^^^^^^^^^^^^^^^^^
  File "C:\Users\Hugh\Python_venvs\workstation1_venv\Lib\site-packages\nicegui\elements\button.py", line 35, in __init__
    super().__init__(tag='q-btn', text=text, background_color=color, icon=icon)
    ~~~~~~~~~~~~~~~~^^^^^^^^^^^^^^^^^^^^^^^^^^^^^^^^^^^^^^^^^^^^^^^^^^^^^^^^^^^
  File "C:\Users\Hugh\Python_venvs\workstation1_venv\Lib\site-packages\nicegui\elements\mixins\icon_element.py", line 14, in __init__
    super().__init__(**kwargs)
    ~~~~~~~~~~~~~~~~^^^^^^^^^^
  File "C:\Users\Hugh\Python_venvs\workstation1_venv\Lib\site-packages\nicegui\elements\mixins\text_element.py", line 14, in __init__
    super().__init__(**kwargs)
    ~~~~~~~~~~~~~~~~^^^^^^^^^^
  File "C:\Users\Hugh\Python_venvs\workstation1_venv\Lib\site-packages\nicegui\elements\mixins\disableable_element.py", line 14, in __init__
    super().__init__(**kwargs)
    ~~~~~~~~~~~~~~~~^^^^^^^^^^
  File "C:\Users\Hugh\Python_venvs\workstation1_venv\Lib\site-packages\nicegui\elements\mixins\color_elements.py", line 20, in __init__
    super().__init__(**kwargs)
    ~~~~~~~~~~~~~~~~^^^^^^^^^^
  File "C:\Users\Hugh\Python_venvs\workstation1_venv\Lib\site-packages\nicegui\element.py", line 60, in __init__
    client = _client or context.client
                        ^^^^^^^^^^^^^^
  File "C:\Users\Hugh\Python_venvs\workstation1_venv\Lib\site-packages\nicegui\context.py", line 31, in client
    return self.slot.parent.client
           ^^^^^^^^^
  File "C:\Users\Hugh\Python_venvs\workstation1_venv\Lib\site-packages\nicegui\context.py", line 23, in slot
    raise RuntimeError('The current slot cannot be determined because the slot stack for this task is empty.\n'
                       'This may happen if you try to create UI from a background task.\n'
                       'To fix this, enter the target slot explicitly using `with container_element:`.')
RuntimeError: The current slot cannot be determined because the slot stack for this task is empty.
This may happen if you try to create UI from a background task.
To fix this, enter the target slot explicitly using `with container_element:`.

During handling of the above exception, another exception occurred:

Traceback (most recent call last):
  File "C:\Users\Hugh\Python_venvs\workstation1_venv\Lib\site-packages\nicegui\events.py", line 439, in wait_for_result
    await result
  File "F:\VulcanConnect2025-09\frontend\pages\frames_export.py", line 65, in async_processing
    await ui.sleep(2)
          ^^^^^^^^
AttributeError: module 'nicegui.ui' has no attribute 'sleep'. Did you mean: 'step'?
ERROR:nicegui:module 'nicegui.ui' has no attribute 'sleep'
Traceback (most recent call last):
  File "F:\VulcanConnect2025-09\frontend\pages\frames_export.py", line 55, in async_processing
    await asyncio.to_thread(encode_and_process, urlFrame, ui_state, update_notifier)
  File "C:\Users\Hugh\AppData\Local\Programs\Python\Python313\Lib\asyncio\threads.py", line 25, in to_thread
    return await loop.run_in_executor(None, func_call)
           ^^^^^^^^^^^^^^^^^^^^^^^^^^^^^^^^^^^^^^^^^^^
  File "C:\Users\Hugh\AppData\Local\Programs\Python\Python313\Lib\concurrent\futures\thread.py", line 59, in run
    result = self.fn(*self.args, **self.kwargs)
  File "F:\VulcanConnect2025-09\frontend\pages\frames_export.py", line 82, in encode_and_process
    download_button()
    ~~~~~~~~~~~~~~~^^
  File "F:\VulcanConnect2025-09\frontend\components\download_button.py", line 4, in download_button
    ui.button('Download All as ZIP', on_click=lambda: ui.run_javascript('window.open("/download-frames-zip", "_blank")'))
    ~~~~~~~~~^^^^^^^^^^^^^^^^^^^^^^^^^^^^^^^^^^^^^^^^^^^^^^^^^^^^^^^^^^^^^^^^^^^^^^^^^^^^^^^^^^^^^^^^^^^^^^^^^^^^^^^^^^^^
  File "C:\Users\Hugh\Python_venvs\workstation1_venv\Lib\site-packages\nicegui\elements\button.py", line 35, in __init__
    super().__init__(tag='q-btn', text=text, background_color=color, icon=icon)
    ~~~~~~~~~~~~~~~~^^^^^^^^^^^^^^^^^^^^^^^^^^^^^^^^^^^^^^^^^^^^^^^^^^^^^^^^^^^
  File "C:\Users\Hugh\Python_venvs\workstation1_venv\Lib\site-packages\nicegui\elements\mixins\icon_element.py", line 14, in __init__
    super().__init__(**kwargs)
    ~~~~~~~~~~~~~~~~^^^^^^^^^^
  File "C:\Users\Hugh\Python_venvs\workstation1_venv\Lib\site-packages\nicegui\elements\mixins\text_element.py", line 14, in __init__
    super().__init__(**kwargs)
    ~~~~~~~~~~~~~~~~^^^^^^^^^^
  File "C:\Users\Hugh\Python_venvs\workstation1_venv\Lib\site-packages\nicegui\elements\mixins\disableable_element.py", line 14, in __init__
    super().__init__(**kwargs)
    ~~~~~~~~~~~~~~~~^^^^^^^^^^
  File "C:\Users\Hugh\Python_venvs\workstation1_venv\Lib\site-packages\nicegui\elements\mixins\color_elements.py", line 20, in __init__
    super().__init__(**kwargs)
    ~~~~~~~~~~~~~~~~^^^^^^^^^^
  File "C:\Users\Hugh\Python_venvs\workstation1_venv\Lib\site-packages\nicegui\element.py", line 60, in __init__
    client = _client or context.client
                        ^^^^^^^^^^^^^^
  File "C:\Users\Hugh\Python_venvs\workstation1_venv\Lib\site-packages\nicegui\context.py", line 31, in client
    return self.slot.parent.client
           ^^^^^^^^^
  File "C:\Users\Hugh\Python_venvs\workstation1_venv\Lib\site-packages\nicegui\context.py", line 23, in slot
    raise RuntimeError('The current slot cannot be determined because the slot stack for this task is empty.\n'
                       'This may happen if you try to create UI from a background task.\n'
                       'To fix this, enter the target slot explicitly using `with container_element:`.')
RuntimeError: The current slot cannot be determined because the slot stack for this task is empty.
This may happen if you try to create UI from a background task.
To fix this, enter the target slot explicitly using `with container_element:`.

During handling of the above exception, another exception occurred:

Traceback (most recent call last):
  File "C:\Users\Hugh\Python_venvs\workstation1_venv\Lib\site-packages\nicegui\events.py", line 439, in wait_for_result
    await result
  File "F:\VulcanConnect2025-09\frontend\pages\frames_export.py", line 65, in async_processing
    await ui.sleep(2)
          ^^^^^^^^
AttributeError: module 'nicegui.ui' has no attribute 'sleep'. Did you mean: 'step'?
ERROR:nicegui:module 'nicegui.ui' has no attribute 'sleep'
Traceback (most recent call last):
  File "F:\VulcanConnect2025-09\frontend\pages\frames_export.py", line 57, in async_processing
    await asyncio.to_thread(encode_and_process, urlFrame, ui_state, update_notifier)
  File "C:\Users\Hugh\AppData\Local\Programs\Python\Python313\Lib\asyncio\threads.py", line 25, in to_thread
    return await loop.run_in_executor(None, func_call)
           ^^^^^^^^^^^^^^^^^^^^^^^^^^^^^^^^^^^^^^^^^^^
  File "C:\Users\Hugh\AppData\Local\Programs\Python\Python313\Lib\concurrent\futures\thread.py", line 59, in run
    result = self.fn(*self.args, **self.kwargs)
  File "F:\VulcanConnect2025-09\frontend\pages\frames_export.py", line 89, in encode_and_process
    download_button()
    ~~~~~~~~~~~~~~~^^
  File "F:\VulcanConnect2025-09\frontend\components\download_button.py", line 4, in download_button
    ui.button('Download All as ZIP', on_click=lambda: ui.run_javascript('window.open("/download-frames-zip", "_blank")'))
    ~~~~~~~~~^^^^^^^^^^^^^^^^^^^^^^^^^^^^^^^^^^^^^^^^^^^^^^^^^^^^^^^^^^^^^^^^^^^^^^^^^^^^^^^^^^^^^^^^^^^^^^^^^^^^^^^^^^^^
  File "C:\Users\Hugh\Python_venvs\workstation1_venv\Lib\site-packages\nicegui\elements\button.py", line 35, in __init__
    super().__init__(tag='q-btn', text=text, background_color=color, icon=icon)
    ~~~~~~~~~~~~~~~~^^^^^^^^^^^^^^^^^^^^^^^^^^^^^^^^^^^^^^^^^^^^^^^^^^^^^^^^^^^
  File "C:\Users\Hugh\Python_venvs\workstation1_venv\Lib\site-packages\nicegui\elements\mixins\icon_element.py", line 14, in __init__
    super().__init__(**kwargs)
    ~~~~~~~~~~~~~~~~^^^^^^^^^^
  File "C:\Users\Hugh\Python_venvs\workstation1_venv\Lib\site-packages\nicegui\elements\mixins\text_element.py", line 14, in __init__
    super().__init__(**kwargs)
    ~~~~~~~~~~~~~~~~^^^^^^^^^^
  File "C:\Users\Hugh\Python_venvs\workstation1_venv\Lib\site-packages\nicegui\elements\mixins\disableable_element.py", line 14, in __init__
    super().__init__(**kwargs)
    ~~~~~~~~~~~~~~~~^^^^^^^^^^
  File "C:\Users\Hugh\Python_venvs\workstation1_venv\Lib\site-packages\nicegui\elements\mixins\color_elements.py", line 20, in __init__
    super().__init__(**kwargs)
    ~~~~~~~~~~~~~~~~^^^^^^^^^^
  File "C:\Users\Hugh\Python_venvs\workstation1_venv\Lib\site-packages\nicegui\element.py", line 60, in __init__
    client = _client or context.client
                        ^^^^^^^^^^^^^^
  File "C:\Users\Hugh\Python_venvs\workstation1_venv\Lib\site-packages\nicegui\context.py", line 31, in client
    return self.slot.parent.client
           ^^^^^^^^^
  File "C:\Users\Hugh\Python_venvs\workstation1_venv\Lib\site-packages\nicegui\context.py", line 23, in slot
    raise RuntimeError('The current slot cannot be determined because the slot stack for this task is empty.\n'
                       'This may happen if you try to create UI from a background task.\n'
                       'To fix this, enter the target slot explicitly using `with container_element:`.')
RuntimeError: The current slot cannot be determined because the slot stack for this task is empty.
This may happen if you try to create UI from a background task.
To fix this, enter the target slot explicitly using `with container_element:`.

During handling of the above exception, another exception occurred:

Traceback (most recent call last):
  File "C:\Users\Hugh\Python_venvs\workstation1_venv\Lib\site-packages\nicegui\events.py", line 439, in wait_for_result
    await result
  File "F:\VulcanConnect2025-09\frontend\pages\frames_export.py", line 72, in async_processing
    await ui.sleep(2)
          ^^^^^^^^
AttributeError: module 'nicegui.ui' has no attribute 'sleep'. Did you mean: 'step'?
ERROR:nicegui:module 'nicegui.ui' has no attribute 'sleep'
Traceback (most recent call last):
  File "F:\VulcanConnect2025-09\frontend\pages\frames_export.py", line 57, in async_processing
    await asyncio.to_thread(encode_and_process, urlFrame, ui_state, update_notifier)
  File "C:\Users\Hugh\AppData\Local\Programs\Python\Python313\Lib\asyncio\threads.py", line 25, in to_thread
    return await loop.run_in_executor(None, func_call)
           ^^^^^^^^^^^^^^^^^^^^^^^^^^^^^^^^^^^^^^^^^^^
  File "C:\Users\Hugh\AppData\Local\Programs\Python\Python313\Lib\concurrent\futures\thread.py", line 59, in run
    result = self.fn(*self.args, **self.kwargs)
  File "F:\VulcanConnect2025-09\frontend\pages\frames_export.py", line 89, in encode_and_process
    download_button()
    ~~~~~~~~~~~~~~~^^
  File "F:\VulcanConnect2025-09\frontend\components\download_button.py", line 4, in download_button
    ui.button('Download All as ZIP', on_click=lambda: ui.run_javascript('window.open("/download-frames-zip", "_blank")'))
    ~~~~~~~~~^^^^^^^^^^^^^^^^^^^^^^^^^^^^^^^^^^^^^^^^^^^^^^^^^^^^^^^^^^^^^^^^^^^^^^^^^^^^^^^^^^^^^^^^^^^^^^^^^^^^^^^^^^^^
  File "C:\Users\Hugh\Python_venvs\workstation1_venv\Lib\site-packages\nicegui\elements\button.py", line 35, in __init__
    super().__init__(tag='q-btn', text=text, background_color=color, icon=icon)
    ~~~~~~~~~~~~~~~~^^^^^^^^^^^^^^^^^^^^^^^^^^^^^^^^^^^^^^^^^^^^^^^^^^^^^^^^^^^
  File "C:\Users\Hugh\Python_venvs\workstation1_venv\Lib\site-packages\nicegui\elements\mixins\icon_element.py", line 14, in __init__
    super().__init__(**kwargs)
    ~~~~~~~~~~~~~~~~^^^^^^^^^^
  File "C:\Users\Hugh\Python_venvs\workstation1_venv\Lib\site-packages\nicegui\elements\mixins\text_element.py", line 14, in __init__
    super().__init__(**kwargs)
    ~~~~~~~~~~~~~~~~^^^^^^^^^^
  File "C:\Users\Hugh\Python_venvs\workstation1_venv\Lib\site-packages\nicegui\elements\mixins\disableable_element.py", line 14, in __init__
    super().__init__(**kwargs)
    ~~~~~~~~~~~~~~~~^^^^^^^^^^
  File "C:\Users\Hugh\Python_venvs\workstation1_venv\Lib\site-packages\nicegui\elements\mixins\color_elements.py", line 20, in __init__
    super().__init__(**kwargs)
    ~~~~~~~~~~~~~~~~^^^^^^^^^^
  File "C:\Users\Hugh\Python_venvs\workstation1_venv\Lib\site-packages\nicegui\element.py", line 60, in __init__
    client = _client or context.client
                        ^^^^^^^^^^^^^^
  File "C:\Users\Hugh\Python_venvs\workstation1_venv\Lib\site-packages\nicegui\context.py", line 31, in client
    return self.slot.parent.client
           ^^^^^^^^^
  File "C:\Users\Hugh\Python_venvs\workstation1_venv\Lib\site-packages\nicegui\context.py", line 23, in slot
    raise RuntimeError('The current slot cannot be determined because the slot stack for this task is empty.\n'
                       'This may happen if you try to create UI from a background task.\n'
                       'To fix this, enter the target slot explicitly using `with container_element:`.')
RuntimeError: The current slot cannot be determined because the slot stack for this task is empty.
This may happen if you try to create UI from a background task.
To fix this, enter the target slot explicitly using `with container_element:`.

During handling of the above exception, another exception occurred:

Traceback (most recent call last):
  File "C:\Users\Hugh\Python_venvs\workstation1_venv\Lib\site-packages\nicegui\events.py", line 439, in wait_for_result
    await result
  File "F:\VulcanConnect2025-09\frontend\pages\frames_export.py", line 72, in async_processing
    await ui.sleep(2)
          ^^^^^^^^
AttributeError: module 'nicegui.ui' has no attribute 'sleep'. Did you mean: 'step'?
ERROR:nicegui:module 'nicegui.ui' has no attribute 'sleep'
Traceback (most recent call last):
  File "F:\VulcanConnect2025-09\frontend\pages\frames_export.py", line 57, in async_processing
    await asyncio.to_thread(encode_and_process, urlFrame, ui_state, update_notifier)
  File "C:\Users\Hugh\AppData\Local\Programs\Python\Python313\Lib\asyncio\threads.py", line 25, in to_thread
    return await loop.run_in_executor(None, func_call)
           ^^^^^^^^^^^^^^^^^^^^^^^^^^^^^^^^^^^^^^^^^^^
  File "C:\Users\Hugh\AppData\Local\Programs\Python\Python313\Lib\concurrent\futures\thread.py", line 59, in run
    result = self.fn(*self.args, **self.kwargs)
  File "F:\VulcanConnect2025-09\frontend\pages\frames_export.py", line 89, in encode_and_process
    download_button()
    ~~~~~~~~~~~~~~~^^
  File "F:\VulcanConnect2025-09\frontend\components\download_button.py", line 4, in download_button
    ui.button('Download All as ZIP', on_click=lambda: ui.run_javascript('window.open("/download-frames-zip", "_blank")'))
    ~~~~~~~~~^^^^^^^^^^^^^^^^^^^^^^^^^^^^^^^^^^^^^^^^^^^^^^^^^^^^^^^^^^^^^^^^^^^^^^^^^^^^^^^^^^^^^^^^^^^^^^^^^^^^^^^^^^^^
  File "C:\Users\Hugh\Python_venvs\workstation1_venv\Lib\site-packages\nicegui\elements\button.py", line 35, in __init__
    super().__init__(tag='q-btn', text=text, background_color=color, icon=icon)
    ~~~~~~~~~~~~~~~~^^^^^^^^^^^^^^^^^^^^^^^^^^^^^^^^^^^^^^^^^^^^^^^^^^^^^^^^^^^
  File "C:\Users\Hugh\Python_venvs\workstation1_venv\Lib\site-packages\nicegui\elements\mixins\icon_element.py", line 14, in __init__
    super().__init__(**kwargs)
    ~~~~~~~~~~~~~~~~^^^^^^^^^^
  File "C:\Users\Hugh\Python_venvs\workstation1_venv\Lib\site-packages\nicegui\elements\mixins\text_element.py", line 14, in __init__
    super().__init__(**kwargs)
    ~~~~~~~~~~~~~~~~^^^^^^^^^^
  File "C:\Users\Hugh\Python_venvs\workstation1_venv\Lib\site-packages\nicegui\elements\mixins\disableable_element.py", line 14, in __init__
    super().__init__(**kwargs)
    ~~~~~~~~~~~~~~~~^^^^^^^^^^
  File "C:\Users\Hugh\Python_venvs\workstation1_venv\Lib\site-packages\nicegui\elements\mixins\color_elements.py", line 20, in __init__
    super().__init__(**kwargs)
    ~~~~~~~~~~~~~~~~^^^^^^^^^^
  File "C:\Users\Hugh\Python_venvs\workstation1_venv\Lib\site-packages\nicegui\element.py", line 60, in __init__
    client = _client or context.client
                        ^^^^^^^^^^^^^^
  File "C:\Users\Hugh\Python_venvs\workstation1_venv\Lib\site-packages\nicegui\context.py", line 31, in client
    return self.slot.parent.client
           ^^^^^^^^^
  File "C:\Users\Hugh\Python_venvs\workstation1_venv\Lib\site-packages\nicegui\context.py", line 23, in slot
    raise RuntimeError('The current slot cannot be determined because the slot stack for this task is empty.\n'
                       'This may happen if you try to create UI from a background task.\n'
                       'To fix this, enter the target slot explicitly using `with container_element:`.')
RuntimeError: The current slot cannot be determined because the slot stack for this task is empty.
This may happen if you try to create UI from a background task.
To fix this, enter the target slot explicitly using `with container_element:`.

During handling of the above exception, another exception occurred:

Traceback (most recent call last):
  File "C:\Users\Hugh\Python_venvs\workstation1_venv\Lib\site-packages\nicegui\events.py", line 439, in wait_for_result
    await result
  File "F:\VulcanConnect2025-09\frontend\pages\frames_export.py", line 72, in async_processing
    await ui.sleep(2)
          ^^^^^^^^
AttributeError: module 'nicegui.ui' has no attribute 'sleep'. Did you mean: 'step'?
ERROR:nicegui:module 'nicegui.ui' has no attribute 'sleep'
Traceback (most recent call last):
  File "F:\VulcanConnect2025-09\frontend\pages\frames_export.py", line 57, in async_processing
    await asyncio.to_thread(encode_and_process, urlFrame, ui_state, update_notifier)
  File "C:\Users\Hugh\AppData\Local\Programs\Python\Python313\Lib\asyncio\threads.py", line 25, in to_thread
    return await loop.run_in_executor(None, func_call)
           ^^^^^^^^^^^^^^^^^^^^^^^^^^^^^^^^^^^^^^^^^^^
  File "C:\Users\Hugh\AppData\Local\Programs\Python\Python313\Lib\concurrent\futures\thread.py", line 59, in run
    result = self.fn(*self.args, **self.kwargs)
  File "F:\VulcanConnect2025-09\frontend\pages\frames_export.py", line 89, in encode_and_process
    download_button()
    ~~~~~~~~~~~~~~~^^
  File "F:\VulcanConnect2025-09\frontend\components\download_button.py", line 4, in download_button
    ui.button('Download All as ZIP', on_click=lambda: ui.run_javascript('window.open("/download-frames-zip", "_blank")'))
    ~~~~~~~~~^^^^^^^^^^^^^^^^^^^^^^^^^^^^^^^^^^^^^^^^^^^^^^^^^^^^^^^^^^^^^^^^^^^^^^^^^^^^^^^^^^^^^^^^^^^^^^^^^^^^^^^^^^^^
  File "C:\Users\Hugh\Python_venvs\workstation1_venv\Lib\site-packages\nicegui\elements\button.py", line 35, in __init__
    super().__init__(tag='q-btn', text=text, background_color=color, icon=icon)
    ~~~~~~~~~~~~~~~~^^^^^^^^^^^^^^^^^^^^^^^^^^^^^^^^^^^^^^^^^^^^^^^^^^^^^^^^^^^
  File "C:\Users\Hugh\Python_venvs\workstation1_venv\Lib\site-packages\nicegui\elements\mixins\icon_element.py", line 14, in __init__
    super().__init__(**kwargs)
    ~~~~~~~~~~~~~~~~^^^^^^^^^^
  File "C:\Users\Hugh\Python_venvs\workstation1_venv\Lib\site-packages\nicegui\elements\mixins\text_element.py", line 14, in __init__
    super().__init__(**kwargs)
    ~~~~~~~~~~~~~~~~^^^^^^^^^^
  File "C:\Users\Hugh\Python_venvs\workstation1_venv\Lib\site-packages\nicegui\elements\mixins\disableable_element.py", line 14, in __init__
    super().__init__(**kwargs)
    ~~~~~~~~~~~~~~~~^^^^^^^^^^
  File "C:\Users\Hugh\Python_venvs\workstation1_venv\Lib\site-packages\nicegui\elements\mixins\color_elements.py", line 20, in __init__
    super().__init__(**kwargs)
    ~~~~~~~~~~~~~~~~^^^^^^^^^^
  File "C:\Users\Hugh\Python_venvs\workstation1_venv\Lib\site-packages\nicegui\element.py", line 60, in __init__
    client = _client or context.client
                        ^^^^^^^^^^^^^^
  File "C:\Users\Hugh\Python_venvs\workstation1_venv\Lib\site-packages\nicegui\context.py", line 31, in client
    return self.slot.parent.client
           ^^^^^^^^^
  File "C:\Users\Hugh\Python_venvs\workstation1_venv\Lib\site-packages\nicegui\context.py", line 23, in slot
    raise RuntimeError('The current slot cannot be determined because the slot stack for this task is empty.\n'
                       'This may happen if you try to create UI from a background task.\n'
                       'To fix this, enter the target slot explicitly using `with container_element:`.')
RuntimeError: The current slot cannot be determined because the slot stack for this task is empty.
This may happen if you try to create UI from a background task.
To fix this, enter the target slot explicitly using `with container_element:`.

During handling of the above exception, another exception occurred:

Traceback (most recent call last):
  File "C:\Users\Hugh\Python_venvs\workstation1_venv\Lib\site-packages\nicegui\events.py", line 439, in wait_for_result
    await result
  File "F:\VulcanConnect2025-09\frontend\pages\frames_export.py", line 72, in async_processing
    await ui.sleep(2)
          ^^^^^^^^
AttributeError: module 'nicegui.ui' has no attribute 'sleep'. Did you mean: 'step'?
ERROR:nicegui:frames_export_page.<locals>.async_processing() missing 1 required positional argument: 'download_btn'
Traceback (most recent call last):
  File "C:\Users\Hugh\Python_venvs\workstation1_venv\Lib\site-packages\nicegui\events.py", line 433, in handle_event
    result = cast(Callable[[], Any], handler)()
  File "F:\VulcanConnect2025-09\frontend\pages\frames_export.py", line 44, in <lambda>
    process_button = ui.button('Process Frames', on_click=lambda: async_processing(ui_state.url_input, ui_state, stepCheck))
                                                                  ~~~~~~~~~~~~~~~~^^^^^^^^^^^^^^^^^^^^^^^^^^^^^^^^^^^^^^^^^
TypeError: frames_export_page.<locals>.async_processing() missing 1 required positional argument: 'download_btn'
ERROR:nicegui:frames_export_page.<locals>.async_processing() missing 1 required positional argument: 'download_btn'
Traceback (most recent call last):
  File "C:\Users\Hugh\Python_venvs\workstation1_venv\Lib\site-packages\nicegui\events.py", line 433, in handle_event
    result = cast(Callable[[], Any], handler)()
  File "F:\VulcanConnect2025-09\frontend\pages\frames_export.py", line 44, in <lambda>
    process_button = ui.button('Process Frames', on_click=lambda: async_processing(ui_state.url_input, ui_state, stepCheck))
                                                                  ~~~~~~~~~~~~~~~~^^^^^^^^^^^^^^^^^^^^^^^^^^^^^^^^^^^^^^^^^
TypeError: frames_export_page.<locals>.async_processing() missing 1 required positional argument: 'download_btn'
ERROR:nicegui:frames_export_page.<locals>.async_processing() missing 1 required positional argument: 'download_btn'
Traceback (most recent call last):
  File "C:\Users\Hugh\Python_venvs\workstation1_venv\Lib\site-packages\nicegui\events.py", line 433, in handle_event
    result = cast(Callable[[], Any], handler)()
  File "F:\VulcanConnect2025-09\frontend\pages\frames_export.py", line 44, in <lambda>
    process_button = ui.button('Process Frames', on_click=lambda: async_processing(ui_state.url_input, ui_state, stepCheck))
                                                                  ~~~~~~~~~~~~~~~~^^^^^^^^^^^^^^^^^^^^^^^^^^^^^^^^^^^^^^^^^
TypeError: frames_export_page.<locals>.async_processing() missing 1 required positional argument: 'download_btn'
ERROR:nicegui:frames_export_page.<locals>.async_processing() missing 1 required positional argument: 'download_btn'
Traceback (most recent call last):
  File "C:\Users\Hugh\Python_venvs\workstation1_venv\Lib\site-packages\nicegui\events.py", line 433, in handle_event
    result = cast(Callable[[], Any], handler)()
  File "F:\VulcanConnect2025-09\frontend\pages\frames_export.py", line 44, in <lambda>
    process_button = ui.button('Process Frames', on_click=lambda: async_processing(ui_state.url_input, ui_state, stepCheck))
                                                                  ~~~~~~~~~~~~~~~~^^^^^^^^^^^^^^^^^^^^^^^^^^^^^^^^^^^^^^^^^
TypeError: frames_export_page.<locals>.async_processing() missing 1 required positional argument: 'download_btn'
ERROR:nicegui:frames_export_page.<locals>.async_processing() missing 1 required positional argument: 'download_btn'
Traceback (most recent call last):
  File "C:\Users\Hugh\Python_venvs\workstation1_venv\Lib\site-packages\nicegui\events.py", line 433, in handle_event
    result = cast(Callable[[], Any], handler)()
  File "F:\VulcanConnect2025-09\frontend\pages\frames_export.py", line 44, in <lambda>
    process_button = ui.button('Process Frames', on_click=lambda: async_processing(ui_state.url_input, ui_state, stepCheck))
                                                                  ~~~~~~~~~~~~~~~~^^^^^^^^^^^^^^^^^^^^^^^^^^^^^^^^^^^^^^^^^
TypeError: frames_export_page.<locals>.async_processing() missing 1 required positional argument: 'download_btn'
ERROR:nicegui:frames_export_page.<locals>.async_processing() missing 1 required positional argument: 'download_btn'
Traceback (most recent call last):
  File "C:\Users\Hugh\Python_venvs\workstation1_venv\Lib\site-packages\nicegui\events.py", line 433, in handle_event
    result = cast(Callable[[], Any], handler)()
  File "F:\VulcanConnect2025-09\frontend\pages\frames_export.py", line 44, in <lambda>
    process_button = ui.button('Process Frames', on_click=lambda: async_processing(ui_state.url_input, ui_state, stepCheck))
                                                                  ~~~~~~~~~~~~~~~~^^^^^^^^^^^^^^^^^^^^^^^^^^^^^^^^^^^^^^^^^
TypeError: frames_export_page.<locals>.async_processing() missing 1 required positional argument: 'download_btn'
ERROR:nicegui:frames_export_page.<locals>.async_processing() missing 1 required positional argument: 'download_btn'
Traceback (most recent call last):
  File "C:\Users\Hugh\Python_venvs\workstation1_venv\Lib\site-packages\nicegui\events.py", line 433, in handle_event
    result = cast(Callable[[], Any], handler)()
  File "F:\VulcanConnect2025-09\frontend\pages\frames_export.py", line 44, in <lambda>
    process_button = ui.button('Process Frames', on_click=lambda: async_processing(ui_state.url_input, ui_state, stepCheck))
                                                                  ~~~~~~~~~~~~~~~~^^^^^^^^^^^^^^^^^^^^^^^^^^^^^^^^^^^^^^^^^
TypeError: frames_export_page.<locals>.async_processing() missing 1 required positional argument: 'download_btn'
ERROR:nicegui:frames_export_page.<locals>.async_processing() missing 1 required positional argument: 'download_btn'
Traceback (most recent call last):
  File "C:\Users\Hugh\Python_venvs\workstation1_venv\Lib\site-packages\nicegui\events.py", line 433, in handle_event
    result = cast(Callable[[], Any], handler)()
  File "F:\VulcanConnect2025-09\frontend\pages\frames_export.py", line 44, in <lambda>
    process_button = ui.button('Process Frames', on_click=lambda: async_processing(ui_state.url_input, ui_state, stepCheck))
                                                                  ~~~~~~~~~~~~~~~~^^^^^^^^^^^^^^^^^^^^^^^^^^^^^^^^^^^^^^^^^
TypeError: frames_export_page.<locals>.async_processing() missing 1 required positional argument: 'download_btn'
ERROR:nicegui:frames_export_page.<locals>.async_processing() missing 1 required positional argument: 'download_btn'
Traceback (most recent call last):
  File "C:\Users\Hugh\Python_venvs\workstation1_venv\Lib\site-packages\nicegui\events.py", line 433, in handle_event
    result = cast(Callable[[], Any], handler)()
  File "F:\VulcanConnect2025-09\frontend\pages\frames_export.py", line 44, in <lambda>
    process_button = ui.button('Process Frames', on_click=lambda: async_processing(ui_state.url_input, ui_state, stepCheck))
                                                                  ~~~~~~~~~~~~~~~~^^^^^^^^^^^^^^^^^^^^^^^^^^^^^^^^^^^^^^^^^
TypeError: frames_export_page.<locals>.async_processing() missing 1 required positional argument: 'download_btn'
ERROR:nicegui:frames_export_page.<locals>.async_processing() missing 1 required positional argument: 'download_btn'
Traceback (most recent call last):
  File "C:\Users\Hugh\Python_venvs\workstation1_venv\Lib\site-packages\nicegui\events.py", line 433, in handle_event
    result = cast(Callable[[], Any], handler)()
  File "F:\VulcanConnect2025-09\frontend\pages\frames_export.py", line 44, in <lambda>
    process_button = ui.button('Process Frames', on_click=lambda: async_processing(ui_state.url_input, ui_state, stepCheck))
                                                                  ~~~~~~~~~~~~~~~~^^^^^^^^^^^^^^^^^^^^^^^^^^^^^^^^^^^^^^^^^
TypeError: frames_export_page.<locals>.async_processing() missing 1 required positional argument: 'download_btn'
ERROR:nicegui:frames_export_page.<locals>.async_processing() missing 1 required positional argument: 'download_btn'
Traceback (most recent call last):
  File "C:\Users\Hugh\Python_venvs\workstation1_venv\Lib\site-packages\nicegui\events.py", line 433, in handle_event
    result = cast(Callable[[], Any], handler)()
  File "F:\VulcanConnect2025-09\frontend\pages\frames_export.py", line 44, in <lambda>
    process_button = ui.button('Process Frames', on_click=lambda: async_processing(ui_state.url_input, ui_state, stepCheck))
                                                                  ~~~~~~~~~~~~~~~~^^^^^^^^^^^^^^^^^^^^^^^^^^^^^^^^^^^^^^^^^
TypeError: frames_export_page.<locals>.async_processing() missing 1 required positional argument: 'download_btn'
ERROR:nicegui:frames_export_page.<locals>.async_processing() missing 1 required positional argument: 'download_btn'
Traceback (most recent call last):
  File "C:\Users\Hugh\Python_venvs\workstation1_venv\Lib\site-packages\nicegui\events.py", line 433, in handle_event
    result = cast(Callable[[], Any], handler)()
  File "F:\VulcanConnect2025-09\frontend\pages\frames_export.py", line 44, in <lambda>
    process_button = ui.button('Process Frames', on_click=lambda: async_processing(ui_state.url_input, ui_state, stepCheck))
                                                                  ~~~~~~~~~~~~~~~~^^^^^^^^^^^^^^^^^^^^^^^^^^^^^^^^^^^^^^^^^
TypeError: frames_export_page.<locals>.async_processing() missing 1 required positional argument: 'download_btn'
ERROR:nicegui:frames_export_page.<locals>.async_processing() missing 1 required positional argument: 'download_btn'
Traceback (most recent call last):
  File "C:\Users\Hugh\Python_venvs\workstation1_venv\Lib\site-packages\nicegui\events.py", line 433, in handle_event
    result = cast(Callable[[], Any], handler)()
  File "F:\VulcanConnect2025-09\frontend\pages\frames_export.py", line 44, in <lambda>
    process_button = ui.button('Process Frames', on_click=lambda: async_processing(ui_state.url_input, ui_state, stepCheck))
                                                                  ~~~~~~~~~~~~~~~~^^^^^^^^^^^^^^^^^^^^^^^^^^^^^^^^^^^^^^^^^
TypeError: frames_export_page.<locals>.async_processing() missing 1 required positional argument: 'download_btn'
ERROR:nicegui:frames_export_page.<locals>.async_processing() missing 1 required positional argument: 'download_btn'
Traceback (most recent call last):
  File "C:\Users\Hugh\Python_venvs\workstation1_venv\Lib\site-packages\nicegui\events.py", line 433, in handle_event
    result = cast(Callable[[], Any], handler)()
  File "F:\VulcanConnect2025-09\frontend\pages\frames_export.py", line 44, in <lambda>
    process_button = ui.button('Process Frames', on_click=lambda: async_processing(ui_state.url_input, ui_state, stepCheck))
                                                                  ~~~~~~~~~~~~~~~~^^^^^^^^^^^^^^^^^^^^^^^^^^^^^^^^^^^^^^^^^
TypeError: frames_export_page.<locals>.async_processing() missing 1 required positional argument: 'download_btn'
ERROR:nicegui:frames_export_page.<locals>.async_processing() missing 1 required positional argument: 'download_btn'
Traceback (most recent call last):
  File "C:\Users\Hugh\Python_venvs\workstation1_venv\Lib\site-packages\nicegui\events.py", line 433, in handle_event
    result = cast(Callable[[], Any], handler)()
  File "F:\VulcanConnect2025-09\frontend\pages\frames_export.py", line 44, in <lambda>
    process_button = ui.button('Process Frames', on_click=lambda: async_processing(ui_state.url_input, ui_state, stepCheck))
                                                                  ~~~~~~~~~~~~~~~~^^^^^^^^^^^^^^^^^^^^^^^^^^^^^^^^^^^^^^^^^
TypeError: frames_export_page.<locals>.async_processing() missing 1 required positional argument: 'download_btn'
ERROR:nicegui:frames_export_page.<locals>.async_processing() missing 1 required positional argument: 'download_btn'
Traceback (most recent call last):
  File "C:\Users\Hugh\Python_venvs\workstation1_venv\Lib\site-packages\nicegui\events.py", line 433, in handle_event
    result = cast(Callable[[], Any], handler)()
  File "F:\VulcanConnect2025-09\frontend\pages\frames_export.py", line 44, in <lambda>
    process_button = ui.button('Process Frames', on_click=lambda: async_processing(ui_state.url_input, ui_state, stepCheck))
                                                                  ~~~~~~~~~~~~~~~~^^^^^^^^^^^^^^^^^^^^^^^^^^^^^^^^^^^^^^^^^
TypeError: frames_export_page.<locals>.async_processing() missing 1 required positional argument: 'download_btn'
ERROR:nicegui:frames_export_page.<locals>.async_processing() missing 1 required positional argument: 'download_btn'
Traceback (most recent call last):
  File "C:\Users\Hugh\Python_venvs\workstation1_venv\Lib\site-packages\nicegui\events.py", line 433, in handle_event
    result = cast(Callable[[], Any], handler)()
  File "F:\VulcanConnect2025-09\frontend\pages\frames_export.py", line 44, in <lambda>
    process_button = ui.button('Process Frames', on_click=lambda: async_processing(ui_state.url_input, ui_state, stepCheck))
                                                                  ~~~~~~~~~~~~~~~~^^^^^^^^^^^^^^^^^^^^^^^^^^^^^^^^^^^^^^^^^
TypeError: frames_export_page.<locals>.async_processing() missing 1 required positional argument: 'download_btn'
ERROR:nicegui:frames_export_page.<locals>.async_processing() missing 1 required positional argument: 'download_btn'
Traceback (most recent call last):
  File "C:\Users\Hugh\Python_venvs\workstation1_venv\Lib\site-packages\nicegui\events.py", line 433, in handle_event
    result = cast(Callable[[], Any], handler)()
  File "F:\VulcanConnect2025-09\frontend\pages\frames_export.py", line 44, in <lambda>
    process_button = ui.button('Process Frames', on_click=lambda: async_processing(ui_state.url_input, ui_state, stepCheck))
                                                                  ~~~~~~~~~~~~~~~~^^^^^^^^^^^^^^^^^^^^^^^^^^^^^^^^^^^^^^^^^
TypeError: frames_export_page.<locals>.async_processing() missing 1 required positional argument: 'download_btn'
ERROR:nicegui:frames_export_page.<locals>.async_processing() missing 1 required positional argument: 'download_btn'
Traceback (most recent call last):
  File "C:\Users\Hugh\Python_venvs\workstation1_venv\Lib\site-packages\nicegui\events.py", line 433, in handle_event
    result = cast(Callable[[], Any], handler)()
  File "F:\VulcanConnect2025-09\frontend\pages\frames_export.py", line 44, in <lambda>
    process_button = ui.button('Process Frames', on_click=lambda: async_processing(ui_state.url_input, ui_state, stepCheck))
                                                                  ~~~~~~~~~~~~~~~~^^^^^^^^^^^^^^^^^^^^^^^^^^^^^^^^^^^^^^^^^
TypeError: frames_export_page.<locals>.async_processing() missing 1 required positional argument: 'download_btn'
ERROR:nicegui:frames_export_page.<locals>.async_processing() missing 1 required positional argument: 'download_btn'
Traceback (most recent call last):
  File "C:\Users\Hugh\Python_venvs\workstation1_venv\Lib\site-packages\nicegui\events.py", line 433, in handle_event
    result = cast(Callable[[], Any], handler)()
  File "F:\VulcanConnect2025-09\frontend\pages\frames_export.py", line 44, in <lambda>
    process_button = ui.button('Process Frames', on_click=lambda: async_processing(ui_state.url_input, ui_state, stepCheck))
                                                                  ~~~~~~~~~~~~~~~~^^^^^^^^^^^^^^^^^^^^^^^^^^^^^^^^^^^^^^^^^
TypeError: frames_export_page.<locals>.async_processing() missing 1 required positional argument: 'download_btn'
ERROR:nicegui:frames_export_page.<locals>.async_processing() missing 1 required positional argument: 'download_btn'
Traceback (most recent call last):
  File "C:\Users\Hugh\Python_venvs\workstation1_venv\Lib\site-packages\nicegui\events.py", line 433, in handle_event
    result = cast(Callable[[], Any], handler)()
  File "F:\VulcanConnect2025-09\frontend\pages\frames_export.py", line 44, in <lambda>
    process_button = ui.button('Process Frames', on_click=lambda: async_processing(ui_state.url_input, ui_state, stepCheck))
                                                                  ~~~~~~~~~~~~~~~~^^^^^^^^^^^^^^^^^^^^^^^^^^^^^^^^^^^^^^^^^
TypeError: frames_export_page.<locals>.async_processing() missing 1 required positional argument: 'download_btn'
ERROR:nicegui:frames_export_page.<locals>.async_processing() missing 1 required positional argument: 'download_btn'
Traceback (most recent call last):
  File "C:\Users\Hugh\Python_venvs\workstation1_venv\Lib\site-packages\nicegui\events.py", line 433, in handle_event
    result = cast(Callable[[], Any], handler)()
  File "F:\VulcanConnect2025-09\frontend\pages\frames_export.py", line 44, in <lambda>
    process_button = ui.button('Process Frames', on_click=lambda: async_processing(ui_state.url_input, ui_state, stepCheck))
                                                                  ~~~~~~~~~~~~~~~~^^^^^^^^^^^^^^^^^^^^^^^^^^^^^^^^^^^^^^^^^
TypeError: frames_export_page.<locals>.async_processing() missing 1 required positional argument: 'download_btn'
ERROR:nicegui:frames_export_page.<locals>.async_processing() missing 1 required positional argument: 'download_btn'
Traceback (most recent call last):
  File "C:\Users\Hugh\Python_venvs\workstation1_venv\Lib\site-packages\nicegui\events.py", line 433, in handle_event
    result = cast(Callable[[], Any], handler)()
  File "F:\VulcanConnect2025-09\frontend\pages\frames_export.py", line 44, in <lambda>
    process_button = ui.button('Process Frames', on_click=lambda: async_processing(ui_state.url_input, ui_state, stepCheck))
                                                                  ~~~~~~~~~~~~~~~~^^^^^^^^^^^^^^^^^^^^^^^^^^^^^^^^^^^^^^^^^
TypeError: frames_export_page.<locals>.async_processing() missing 1 required positional argument: 'download_btn'
ERROR:nicegui:frames_export_page.<locals>.async_processing() missing 1 required positional argument: 'download_btn'
Traceback (most recent call last):
  File "C:\Users\Hugh\Python_venvs\workstation1_venv\Lib\site-packages\nicegui\events.py", line 433, in handle_event
    result = cast(Callable[[], Any], handler)()
  File "F:\VulcanConnect2025-09\frontend\pages\frames_export.py", line 44, in <lambda>
    process_button = ui.button('Process Frames', on_click=lambda: async_processing(ui_state.url_input, ui_state, stepCheck))
                                                                  ~~~~~~~~~~~~~~~~^^^^^^^^^^^^^^^^^^^^^^^^^^^^^^^^^^^^^^^^^
TypeError: frames_export_page.<locals>.async_processing() missing 1 required positional argument: 'download_btn'
ERROR:nicegui:frames_export_page.<locals>.async_processing() missing 1 required positional argument: 'download_btn'
Traceback (most recent call last):
  File "C:\Users\Hugh\Python_venvs\workstation1_venv\Lib\site-packages\nicegui\events.py", line 433, in handle_event
    result = cast(Callable[[], Any], handler)()
  File "F:\VulcanConnect2025-09\frontend\pages\frames_export.py", line 44, in <lambda>
    process_button = ui.button('Process Frames', on_click=lambda: async_processing(ui_state.url_input, ui_state, stepCheck))
                                                                  ~~~~~~~~~~~~~~~~^^^^^^^^^^^^^^^^^^^^^^^^^^^^^^^^^^^^^^^^^
TypeError: frames_export_page.<locals>.async_processing() missing 1 required positional argument: 'download_btn'
ERROR:nicegui:frames_export_page.<locals>.async_processing() missing 1 required positional argument: 'download_btn'
Traceback (most recent call last):
  File "C:\Users\Hugh\Python_venvs\workstation1_venv\Lib\site-packages\nicegui\events.py", line 433, in handle_event
    result = cast(Callable[[], Any], handler)()
  File "F:\VulcanConnect2025-09\frontend\pages\frames_export.py", line 44, in <lambda>
    process_button = ui.button('Process Frames', on_click=lambda: async_processing(ui_state.url_input, ui_state, stepCheck))
                                                                  ~~~~~~~~~~~~~~~~^^^^^^^^^^^^^^^^^^^^^^^^^^^^^^^^^^^^^^^^^
TypeError: frames_export_page.<locals>.async_processing() missing 1 required positional argument: 'download_btn'
ERROR:nicegui:frames_export_page.<locals>.async_processing() missing 1 required positional argument: 'download_btn'
Traceback (most recent call last):
  File "C:\Users\Hugh\Python_venvs\workstation1_venv\Lib\site-packages\nicegui\events.py", line 433, in handle_event
    result = cast(Callable[[], Any], handler)()
  File "F:\VulcanConnect2025-09\frontend\pages\frames_export.py", line 44, in <lambda>
    process_button = ui.button('Process Frames', on_click=lambda: async_processing(ui_state.url_input, ui_state, stepCheck))
                                                                  ~~~~~~~~~~~~~~~~^^^^^^^^^^^^^^^^^^^^^^^^^^^^^^^^^^^^^^^^^
TypeError: frames_export_page.<locals>.async_processing() missing 1 required positional argument: 'download_btn'
ERROR:nicegui:module 'nicegui.ui' has no attribute 'bind'
Traceback (most recent call last):
  File "C:\Users\Hugh\Python_venvs\workstation1_venv\Lib\site-packages\nicegui\events.py", line 433, in handle_event
    result = cast(Callable[[], Any], handler)()
  File "F:\VulcanConnect2025-09\frontend\pages\frames_export.py", line 45, in find_and_display
    download_button(ui_state)
    ~~~~~~~~~~~~~~~^^^^^^^^^^
  File "F:\VulcanConnect2025-09\frontend\components\download_button.py", line 5, in download_button
    ui.bind(lambda: btn.props('disabled') if not ui_state.processing_done else btn.props(''), ui_state, 'processing_done')
    ^^^^^^^
AttributeError: module 'nicegui.ui' has no attribute 'bind'
ERROR:nicegui:name 'download_btn' is not defined
Traceback (most recent call last):
  File "C:\Users\Hugh\Python_venvs\workstation1_venv\Lib\site-packages\nicegui\events.py", line 433, in handle_event
    result = cast(Callable[[], Any], handler)()
  File "F:\VulcanConnect2025-09\frontend\pages\frames_export.py", line 44, in <lambda>
    process_button = ui.button('Process Frames', on_click=lambda: async_processing(ui_state.url_input, ui_state, stepCheck, download_btn))
                                                                                                                            ^^^^^^^^^^^^
NameError: name 'download_btn' is not defined. Did you mean: 'download_button'?
ERROR:nicegui:name 'download_btn' is not defined
Traceback (most recent call last):
  File "C:\Users\Hugh\Python_venvs\workstation1_venv\Lib\site-packages\nicegui\events.py", line 433, in handle_event
    result = cast(Callable[[], Any], handler)()
  File "F:\VulcanConnect2025-09\frontend\pages\frames_export.py", line 44, in <lambda>
    process_button = ui.button('Process Frames', on_click=lambda: async_processing(ui_state.url_input, ui_state, stepCheck, download_btn))
                                                                                                                            ^^^^^^^^^^^^
NameError: name 'download_btn' is not defined. Did you mean: 'download_button'?
ERROR:nicegui:module 'nicegui.ui' has no attribute 'bind'
Traceback (most recent call last):
  File "C:\Users\Hugh\Python_venvs\workstation1_venv\Lib\site-packages\nicegui\events.py", line 433, in handle_event
    result = cast(Callable[[], Any], handler)()
  File "F:\VulcanConnect2025-09\frontend\pages\frames_export.py", line 45, in find_and_display
    download_button(ui_state)
    ~~~~~~~~~~~~~~~^^^^^^^^^^
  File "F:\VulcanConnect2025-09\frontend\components\download_button.py", line 5, in download_button
    ui.bind(lambda: btn.props('disabled') if not ui_state.processing_done else btn.props(''), ui_state, 'processing_done')
    ^^^^^^^
AttributeError: module 'nicegui.ui' has no attribute 'bind'
ERROR:nicegui:download_button() missing 1 required positional argument: 'ui_state'
Traceback (most recent call last):
  File "C:\Users\Hugh\Python_venvs\workstation1_venv\Lib\site-packages\nicegui\events.py", line 433, in handle_event
    result = cast(Callable[[], Any], handler)()
  File "F:\VulcanConnect2025-09\frontend\pages\frames_export.py", line 45, in find_and_display
    download_button()
    ~~~~~~~~~~~~~~~^^
TypeError: download_button() missing 1 required positional argument: 'ui_state'
ERROR:nicegui:cannot access local variable 'start_export_task' where it is not associated with a value
  + Exception Group Traceback (most recent call last):
  |   File "C:\Users\Hugh\Python_venvs\workstation1_venv\Lib\site-packages\starlette\_utils.py", line 77, in collapse_excgroups
  |     yield
  |   File "C:\Users\Hugh\Python_venvs\workstation1_venv\Lib\site-packages\starlette\middleware\base.py", line 183, in __call__
  |     async with anyio.create_task_group() as task_group:
  |                ~~~~~~~~~~~~~~~~~~~~~~~^^
  |   File "C:\Users\Hugh\Python_venvs\workstation1_venv\Lib\site-packages\anyio\_backends\_asyncio.py", line 772, in __aexit__
  |     raise BaseExceptionGroup(
  |         "unhandled errors in a TaskGroup", self._exceptions
  |     ) from None
  | ExceptionGroup: unhandled errors in a TaskGroup (1 sub-exception)
  +-+---------------- 1 ----------------
    | Traceback (most recent call last):
    |   File "C:\Users\Hugh\Python_venvs\workstation1_venv\Lib\site-packages\starlette\middleware\errors.py", line 164, in __call__
    |     await self.app(scope, receive, _send)
    |   File "C:\Users\Hugh\Python_venvs\workstation1_venv\Lib\site-packages\starlette\middleware\base.py", line 182, in __call__
    |     with recv_stream, send_stream, collapse_excgroups():
    |                                    ~~~~~~~~~~~~~~~~~~^^
    |   File "C:\Users\Hugh\AppData\Local\Programs\Python\Python313\Lib\contextlib.py", line 162, in __exit__
    |     self.gen.throw(value)
    |     ~~~~~~~~~~~~~~^^^^^^^
    |   File "C:\Users\Hugh\Python_venvs\workstation1_venv\Lib\site-packages\starlette\_utils.py", line 83, in collapse_excgroups
    |     raise exc
    |   File "C:\Users\Hugh\Python_venvs\workstation1_venv\Lib\site-packages\starlette\middleware\base.py", line 184, in __call__
    |     response = await self.dispatch_func(request, call_next)
    |                ^^^^^^^^^^^^^^^^^^^^^^^^^^^^^^^^^^^^^^^^^^^^
    |   File "C:\Users\Hugh\Python_venvs\workstation1_venv\Lib\site-packages\nicegui\middlewares.py", line 23, in dispatch
    |     response = await call_next(request)
    |                ^^^^^^^^^^^^^^^^^^^^^^^^
    |   File "C:\Users\Hugh\Python_venvs\workstation1_venv\Lib\site-packages\starlette\middleware\base.py", line 159, in call_next
    |     raise app_exc
    |   File "C:\Users\Hugh\Python_venvs\workstation1_venv\Lib\site-packages\starlette\middleware\base.py", line 144, in coro
    |     await self.app(scope, receive_or_disconnect, send_no_error)
    |   File "C:\Users\Hugh\Python_venvs\workstation1_venv\Lib\site-packages\starlette\middleware\base.py", line 182, in __call__
    |     with recv_stream, send_stream, collapse_excgroups():
    |                                    ~~~~~~~~~~~~~~~~~~^^
    |   File "C:\Users\Hugh\AppData\Local\Programs\Python\Python313\Lib\contextlib.py", line 162, in __exit__
    |     self.gen.throw(value)
    |     ~~~~~~~~~~~~~~^^^^^^^
    |   File "C:\Users\Hugh\Python_venvs\workstation1_venv\Lib\site-packages\starlette\_utils.py", line 83, in collapse_excgroups
    |     raise exc
    |   File "C:\Users\Hugh\Python_venvs\workstation1_venv\Lib\site-packages\starlette\middleware\base.py", line 184, in __call__
    |     response = await self.dispatch_func(request, call_next)
    |                ^^^^^^^^^^^^^^^^^^^^^^^^^^^^^^^^^^^^^^^^^^^^
    |   File "C:\Users\Hugh\Python_venvs\workstation1_venv\Lib\site-packages\nicegui\middlewares.py", line 13, in dispatch
    |     response = await call_next(request)
    |                ^^^^^^^^^^^^^^^^^^^^^^^^
    |   File "C:\Users\Hugh\Python_venvs\workstation1_venv\Lib\site-packages\starlette\middleware\base.py", line 159, in call_next
    |     raise app_exc
    |   File "C:\Users\Hugh\Python_venvs\workstation1_venv\Lib\site-packages\starlette\middleware\base.py", line 144, in coro
    |     await self.app(scope, receive_or_disconnect, send_no_error)
    |   File "C:\Users\Hugh\Python_venvs\workstation1_venv\Lib\site-packages\starlette\middleware\gzip.py", line 29, in __call__
    |     await responder(scope, receive, send)
    |   File "C:\Users\Hugh\Python_venvs\workstation1_venv\Lib\site-packages\starlette\middleware\gzip.py", line 130, in __call__
    |     await super().__call__(scope, receive, send)
    |   File "C:\Users\Hugh\Python_venvs\workstation1_venv\Lib\site-packages\starlette\middleware\gzip.py", line 46, in __call__
    |     await self.app(scope, receive, self.send_with_compression)
    |   File "C:\Users\Hugh\Python_venvs\workstation1_venv\Lib\site-packages\starlette\middleware\exceptions.py", line 63, in __call__
    |     await wrap_app_handling_exceptions(self.app, conn)(scope, receive, send)
    |   File "C:\Users\Hugh\Python_venvs\workstation1_venv\Lib\site-packages\starlette\_exception_handler.py", line 53, in wrapped_app
    |     raise exc
    |   File "C:\Users\Hugh\Python_venvs\workstation1_venv\Lib\site-packages\starlette\_exception_handler.py", line 42, in wrapped_app
    |     await app(scope, receive, sender)
    |   File "C:\Users\Hugh\Python_venvs\workstation1_venv\Lib\site-packages\starlette\routing.py", line 716, in __call__
    |     await self.middleware_stack(scope, receive, send)
    |   File "C:\Users\Hugh\Python_venvs\workstation1_venv\Lib\site-packages\starlette\routing.py", line 736, in app
    |     await route.handle(scope, receive, send)
    |   File "C:\Users\Hugh\Python_venvs\workstation1_venv\Lib\site-packages\starlette\routing.py", line 290, in handle
    |     await self.app(scope, receive, send)
    |   File "C:\Users\Hugh\Python_venvs\workstation1_venv\Lib\site-packages\starlette\routing.py", line 78, in app
    |     await wrap_app_handling_exceptions(app, request)(scope, receive, send)
    |   File "C:\Users\Hugh\Python_venvs\workstation1_venv\Lib\site-packages\starlette\_exception_handler.py", line 53, in wrapped_app
    |     raise exc
    |   File "C:\Users\Hugh\Python_venvs\workstation1_venv\Lib\site-packages\starlette\_exception_handler.py", line 42, in wrapped_app
    |     await app(scope, receive, sender)
    |   File "C:\Users\Hugh\Python_venvs\workstation1_venv\Lib\site-packages\starlette\routing.py", line 75, in app
    |     response = await f(request)
    |                ^^^^^^^^^^^^^^^^
    |   File "C:\Users\Hugh\Python_venvs\workstation1_venv\Lib\site-packages\fastapi\routing.py", line 302, in app
    |     raw_response = await run_endpoint_function(
    |                    ^^^^^^^^^^^^^^^^^^^^^^^^^^^^
    |     ...<3 lines>...
    |     )
    |     ^
    |   File "C:\Users\Hugh\Python_venvs\workstation1_venv\Lib\site-packages\fastapi\routing.py", line 213, in run_endpoint_function
    |     return await dependant.call(**values)
    |            ^^^^^^^^^^^^^^^^^^^^^^^^^^^^^^
    |   File "C:\Users\Hugh\Python_venvs\workstation1_venv\Lib\site-packages\nicegui\page.py", line 148, in decorated
    |     return create_error_page(e, request)
    |   File "C:\Users\Hugh\Python_venvs\workstation1_venv\Lib\site-packages\nicegui\page.py", line 115, in create_error_page
    |     raise e
    |   File "C:\Users\Hugh\Python_venvs\workstation1_venv\Lib\site-packages\nicegui\page.py", line 146, in decorated
    |     result = func(*dec_args, **dec_kwargs)
    |   File "F:\VulcanConnect2025-09\frontend\pages\batch_drawings_export.py", line 29, in batch_drawings_export_page
    |     ui.button('EXPORT DRAWINGS', on_click=start_export_task).classes('mt-4')
    |                                           ^^^^^^^^^^^^^^^^^
    | UnboundLocalError: cannot access local variable 'start_export_task' where it is not associated with a value
    +------------------------------------

During handling of the above exception, another exception occurred:

Traceback (most recent call last):
  File "C:\Users\Hugh\Python_venvs\workstation1_venv\Lib\site-packages\starlette\middleware\errors.py", line 164, in __call__
    await self.app(scope, receive, _send)
  File "C:\Users\Hugh\Python_venvs\workstation1_venv\Lib\site-packages\starlette\middleware\base.py", line 182, in __call__
    with recv_stream, send_stream, collapse_excgroups():
                                   ~~~~~~~~~~~~~~~~~~^^
  File "C:\Users\Hugh\AppData\Local\Programs\Python\Python313\Lib\contextlib.py", line 162, in __exit__
    self.gen.throw(value)
    ~~~~~~~~~~~~~~^^^^^^^
  File "C:\Users\Hugh\Python_venvs\workstation1_venv\Lib\site-packages\starlette\_utils.py", line 83, in collapse_excgroups
    raise exc
  File "C:\Users\Hugh\Python_venvs\workstation1_venv\Lib\site-packages\starlette\middleware\base.py", line 184, in __call__
    response = await self.dispatch_func(request, call_next)
               ^^^^^^^^^^^^^^^^^^^^^^^^^^^^^^^^^^^^^^^^^^^^
  File "C:\Users\Hugh\Python_venvs\workstation1_venv\Lib\site-packages\nicegui\middlewares.py", line 23, in dispatch
    response = await call_next(request)
               ^^^^^^^^^^^^^^^^^^^^^^^^
  File "C:\Users\Hugh\Python_venvs\workstation1_venv\Lib\site-packages\starlette\middleware\base.py", line 159, in call_next
    raise app_exc
  File "C:\Users\Hugh\Python_venvs\workstation1_venv\Lib\site-packages\starlette\middleware\base.py", line 144, in coro
    await self.app(scope, receive_or_disconnect, send_no_error)
  File "C:\Users\Hugh\Python_venvs\workstation1_venv\Lib\site-packages\starlette\middleware\base.py", line 182, in __call__
    with recv_stream, send_stream, collapse_excgroups():
                                   ~~~~~~~~~~~~~~~~~~^^
  File "C:\Users\Hugh\AppData\Local\Programs\Python\Python313\Lib\contextlib.py", line 162, in __exit__
    self.gen.throw(value)
    ~~~~~~~~~~~~~~^^^^^^^
  File "C:\Users\Hugh\Python_venvs\workstation1_venv\Lib\site-packages\starlette\_utils.py", line 83, in collapse_excgroups
    raise exc
  File "C:\Users\Hugh\Python_venvs\workstation1_venv\Lib\site-packages\starlette\middleware\base.py", line 184, in __call__
    response = await self.dispatch_func(request, call_next)
               ^^^^^^^^^^^^^^^^^^^^^^^^^^^^^^^^^^^^^^^^^^^^
  File "C:\Users\Hugh\Python_venvs\workstation1_venv\Lib\site-packages\nicegui\middlewares.py", line 13, in dispatch
    response = await call_next(request)
               ^^^^^^^^^^^^^^^^^^^^^^^^
  File "C:\Users\Hugh\Python_venvs\workstation1_venv\Lib\site-packages\starlette\middleware\base.py", line 159, in call_next
    raise app_exc
  File "C:\Users\Hugh\Python_venvs\workstation1_venv\Lib\site-packages\starlette\middleware\base.py", line 144, in coro
    await self.app(scope, receive_or_disconnect, send_no_error)
  File "C:\Users\Hugh\Python_venvs\workstation1_venv\Lib\site-packages\starlette\middleware\gzip.py", line 29, in __call__
    await responder(scope, receive, send)
  File "C:\Users\Hugh\Python_venvs\workstation1_venv\Lib\site-packages\starlette\middleware\gzip.py", line 130, in __call__
    await super().__call__(scope, receive, send)
  File "C:\Users\Hugh\Python_venvs\workstation1_venv\Lib\site-packages\starlette\middleware\gzip.py", line 46, in __call__
    await self.app(scope, receive, self.send_with_compression)
  File "C:\Users\Hugh\Python_venvs\workstation1_venv\Lib\site-packages\starlette\middleware\exceptions.py", line 63, in __call__
    await wrap_app_handling_exceptions(self.app, conn)(scope, receive, send)
  File "C:\Users\Hugh\Python_venvs\workstation1_venv\Lib\site-packages\starlette\_exception_handler.py", line 53, in wrapped_app
    raise exc
  File "C:\Users\Hugh\Python_venvs\workstation1_venv\Lib\site-packages\starlette\_exception_handler.py", line 42, in wrapped_app
    await app(scope, receive, sender)
  File "C:\Users\Hugh\Python_venvs\workstation1_venv\Lib\site-packages\starlette\routing.py", line 716, in __call__
    await self.middleware_stack(scope, receive, send)
  File "C:\Users\Hugh\Python_venvs\workstation1_venv\Lib\site-packages\starlette\routing.py", line 736, in app
    await route.handle(scope, receive, send)
  File "C:\Users\Hugh\Python_venvs\workstation1_venv\Lib\site-packages\starlette\routing.py", line 290, in handle
    await self.app(scope, receive, send)
  File "C:\Users\Hugh\Python_venvs\workstation1_venv\Lib\site-packages\starlette\routing.py", line 78, in app
    await wrap_app_handling_exceptions(app, request)(scope, receive, send)
  File "C:\Users\Hugh\Python_venvs\workstation1_venv\Lib\site-packages\starlette\_exception_handler.py", line 53, in wrapped_app
    raise exc
  File "C:\Users\Hugh\Python_venvs\workstation1_venv\Lib\site-packages\starlette\_exception_handler.py", line 42, in wrapped_app
    await app(scope, receive, sender)
  File "C:\Users\Hugh\Python_venvs\workstation1_venv\Lib\site-packages\starlette\routing.py", line 75, in app
    response = await f(request)
               ^^^^^^^^^^^^^^^^
  File "C:\Users\Hugh\Python_venvs\workstation1_venv\Lib\site-packages\fastapi\routing.py", line 302, in app
    raw_response = await run_endpoint_function(
                   ^^^^^^^^^^^^^^^^^^^^^^^^^^^^
    ...<3 lines>...
    )
    ^
  File "C:\Users\Hugh\Python_venvs\workstation1_venv\Lib\site-packages\fastapi\routing.py", line 213, in run_endpoint_function
    return await dependant.call(**values)
           ^^^^^^^^^^^^^^^^^^^^^^^^^^^^^^
  File "C:\Users\Hugh\Python_venvs\workstation1_venv\Lib\site-packages\nicegui\page.py", line 148, in decorated
    return create_error_page(e, request)
  File "C:\Users\Hugh\Python_venvs\workstation1_venv\Lib\site-packages\nicegui\page.py", line 115, in create_error_page
    raise e
  File "C:\Users\Hugh\Python_venvs\workstation1_venv\Lib\site-packages\nicegui\page.py", line 146, in decorated
    result = func(*dec_args, **dec_kwargs)
  File "F:\VulcanConnect2025-09\frontend\pages\batch_drawings_export.py", line 29, in batch_drawings_export_page
    ui.button('EXPORT DRAWINGS', on_click=start_export_task).classes('mt-4')
                                          ^^^^^^^^^^^^^^^^^
UnboundLocalError: cannot access local variable 'start_export_task' where it is not associated with a value
ERROR:nicegui:cannot access local variable 'start_export_task' where it is not associated with a value
  + Exception Group Traceback (most recent call last):
  |   File "C:\Users\Hugh\Python_venvs\workstation1_venv\Lib\site-packages\starlette\_utils.py", line 77, in collapse_excgroups
  |     yield
  |   File "C:\Users\Hugh\Python_venvs\workstation1_venv\Lib\site-packages\starlette\middleware\base.py", line 183, in __call__
  |     async with anyio.create_task_group() as task_group:
  |                ~~~~~~~~~~~~~~~~~~~~~~~^^
  |   File "C:\Users\Hugh\Python_venvs\workstation1_venv\Lib\site-packages\anyio\_backends\_asyncio.py", line 772, in __aexit__
  |     raise BaseExceptionGroup(
  |         "unhandled errors in a TaskGroup", self._exceptions
  |     ) from None
  | ExceptionGroup: unhandled errors in a TaskGroup (1 sub-exception)
  +-+---------------- 1 ----------------
    | Traceback (most recent call last):
    |   File "C:\Users\Hugh\Python_venvs\workstation1_venv\Lib\site-packages\starlette\middleware\errors.py", line 164, in __call__
    |     await self.app(scope, receive, _send)
    |   File "C:\Users\Hugh\Python_venvs\workstation1_venv\Lib\site-packages\starlette\middleware\base.py", line 182, in __call__
    |     with recv_stream, send_stream, collapse_excgroups():
    |                                    ~~~~~~~~~~~~~~~~~~^^
    |   File "C:\Users\Hugh\AppData\Local\Programs\Python\Python313\Lib\contextlib.py", line 162, in __exit__
    |     self.gen.throw(value)
    |     ~~~~~~~~~~~~~~^^^^^^^
    |   File "C:\Users\Hugh\Python_venvs\workstation1_venv\Lib\site-packages\starlette\_utils.py", line 83, in collapse_excgroups
    |     raise exc
    |   File "C:\Users\Hugh\Python_venvs\workstation1_venv\Lib\site-packages\starlette\middleware\base.py", line 184, in __call__
    |     response = await self.dispatch_func(request, call_next)
    |                ^^^^^^^^^^^^^^^^^^^^^^^^^^^^^^^^^^^^^^^^^^^^
    |   File "C:\Users\Hugh\Python_venvs\workstation1_venv\Lib\site-packages\nicegui\middlewares.py", line 23, in dispatch
    |     response = await call_next(request)
    |                ^^^^^^^^^^^^^^^^^^^^^^^^
    |   File "C:\Users\Hugh\Python_venvs\workstation1_venv\Lib\site-packages\starlette\middleware\base.py", line 159, in call_next
    |     raise app_exc
    |   File "C:\Users\Hugh\Python_venvs\workstation1_venv\Lib\site-packages\starlette\middleware\base.py", line 144, in coro
    |     await self.app(scope, receive_or_disconnect, send_no_error)
    |   File "C:\Users\Hugh\Python_venvs\workstation1_venv\Lib\site-packages\starlette\middleware\base.py", line 182, in __call__
    |     with recv_stream, send_stream, collapse_excgroups():
    |                                    ~~~~~~~~~~~~~~~~~~^^
    |   File "C:\Users\Hugh\AppData\Local\Programs\Python\Python313\Lib\contextlib.py", line 162, in __exit__
    |     self.gen.throw(value)
    |     ~~~~~~~~~~~~~~^^^^^^^
    |   File "C:\Users\Hugh\Python_venvs\workstation1_venv\Lib\site-packages\starlette\_utils.py", line 83, in collapse_excgroups
    |     raise exc
    |   File "C:\Users\Hugh\Python_venvs\workstation1_venv\Lib\site-packages\starlette\middleware\base.py", line 184, in __call__
    |     response = await self.dispatch_func(request, call_next)
    |                ^^^^^^^^^^^^^^^^^^^^^^^^^^^^^^^^^^^^^^^^^^^^
    |   File "C:\Users\Hugh\Python_venvs\workstation1_venv\Lib\site-packages\nicegui\middlewares.py", line 13, in dispatch
    |     response = await call_next(request)
    |                ^^^^^^^^^^^^^^^^^^^^^^^^
    |   File "C:\Users\Hugh\Python_venvs\workstation1_venv\Lib\site-packages\starlette\middleware\base.py", line 159, in call_next
    |     raise app_exc
    |   File "C:\Users\Hugh\Python_venvs\workstation1_venv\Lib\site-packages\starlette\middleware\base.py", line 144, in coro
    |     await self.app(scope, receive_or_disconnect, send_no_error)
    |   File "C:\Users\Hugh\Python_venvs\workstation1_venv\Lib\site-packages\starlette\middleware\gzip.py", line 29, in __call__
    |     await responder(scope, receive, send)
    |   File "C:\Users\Hugh\Python_venvs\workstation1_venv\Lib\site-packages\starlette\middleware\gzip.py", line 130, in __call__
    |     await super().__call__(scope, receive, send)
    |   File "C:\Users\Hugh\Python_venvs\workstation1_venv\Lib\site-packages\starlette\middleware\gzip.py", line 46, in __call__
    |     await self.app(scope, receive, self.send_with_compression)
    |   File "C:\Users\Hugh\Python_venvs\workstation1_venv\Lib\site-packages\starlette\middleware\exceptions.py", line 63, in __call__
    |     await wrap_app_handling_exceptions(self.app, conn)(scope, receive, send)
    |   File "C:\Users\Hugh\Python_venvs\workstation1_venv\Lib\site-packages\starlette\_exception_handler.py", line 53, in wrapped_app
    |     raise exc
    |   File "C:\Users\Hugh\Python_venvs\workstation1_venv\Lib\site-packages\starlette\_exception_handler.py", line 42, in wrapped_app
    |     await app(scope, receive, sender)
    |   File "C:\Users\Hugh\Python_venvs\workstation1_venv\Lib\site-packages\starlette\routing.py", line 716, in __call__
    |     await self.middleware_stack(scope, receive, send)
    |   File "C:\Users\Hugh\Python_venvs\workstation1_venv\Lib\site-packages\starlette\routing.py", line 736, in app
    |     await route.handle(scope, receive, send)
    |   File "C:\Users\Hugh\Python_venvs\workstation1_venv\Lib\site-packages\starlette\routing.py", line 290, in handle
    |     await self.app(scope, receive, send)
    |   File "C:\Users\Hugh\Python_venvs\workstation1_venv\Lib\site-packages\starlette\routing.py", line 78, in app
    |     await wrap_app_handling_exceptions(app, request)(scope, receive, send)
    |   File "C:\Users\Hugh\Python_venvs\workstation1_venv\Lib\site-packages\starlette\_exception_handler.py", line 53, in wrapped_app
    |     raise exc
    |   File "C:\Users\Hugh\Python_venvs\workstation1_venv\Lib\site-packages\starlette\_exception_handler.py", line 42, in wrapped_app
    |     await app(scope, receive, sender)
    |   File "C:\Users\Hugh\Python_venvs\workstation1_venv\Lib\site-packages\starlette\routing.py", line 75, in app
    |     response = await f(request)
    |                ^^^^^^^^^^^^^^^^
    |   File "C:\Users\Hugh\Python_venvs\workstation1_venv\Lib\site-packages\fastapi\routing.py", line 302, in app
    |     raw_response = await run_endpoint_function(
    |                    ^^^^^^^^^^^^^^^^^^^^^^^^^^^^
    |     ...<3 lines>...
    |     )
    |     ^
    |   File "C:\Users\Hugh\Python_venvs\workstation1_venv\Lib\site-packages\fastapi\routing.py", line 213, in run_endpoint_function
    |     return await dependant.call(**values)
    |            ^^^^^^^^^^^^^^^^^^^^^^^^^^^^^^
    |   File "C:\Users\Hugh\Python_venvs\workstation1_venv\Lib\site-packages\nicegui\page.py", line 148, in decorated
    |     return create_error_page(e, request)
    |   File "C:\Users\Hugh\Python_venvs\workstation1_venv\Lib\site-packages\nicegui\page.py", line 115, in create_error_page
    |     raise e
    |   File "C:\Users\Hugh\Python_venvs\workstation1_venv\Lib\site-packages\nicegui\page.py", line 146, in decorated
    |     result = func(*dec_args, **dec_kwargs)
    |   File "F:\VulcanConnect2025-09\frontend\pages\batch_drawings_export.py", line 29, in batch_drawings_export_page
    |     ui.button('EXPORT DRAWINGS', on_click=start_export_task).classes('mt-4')
    |                                           ^^^^^^^^^^^^^^^^^
    | UnboundLocalError: cannot access local variable 'start_export_task' where it is not associated with a value
    +------------------------------------

During handling of the above exception, another exception occurred:

Traceback (most recent call last):
  File "C:\Users\Hugh\Python_venvs\workstation1_venv\Lib\site-packages\starlette\middleware\errors.py", line 164, in __call__
    await self.app(scope, receive, _send)
  File "C:\Users\Hugh\Python_venvs\workstation1_venv\Lib\site-packages\starlette\middleware\base.py", line 182, in __call__
    with recv_stream, send_stream, collapse_excgroups():
                                   ~~~~~~~~~~~~~~~~~~^^
  File "C:\Users\Hugh\AppData\Local\Programs\Python\Python313\Lib\contextlib.py", line 162, in __exit__
    self.gen.throw(value)
    ~~~~~~~~~~~~~~^^^^^^^
  File "C:\Users\Hugh\Python_venvs\workstation1_venv\Lib\site-packages\starlette\_utils.py", line 83, in collapse_excgroups
    raise exc
  File "C:\Users\Hugh\Python_venvs\workstation1_venv\Lib\site-packages\starlette\middleware\base.py", line 184, in __call__
    response = await self.dispatch_func(request, call_next)
               ^^^^^^^^^^^^^^^^^^^^^^^^^^^^^^^^^^^^^^^^^^^^
  File "C:\Users\Hugh\Python_venvs\workstation1_venv\Lib\site-packages\nicegui\middlewares.py", line 23, in dispatch
    response = await call_next(request)
               ^^^^^^^^^^^^^^^^^^^^^^^^
  File "C:\Users\Hugh\Python_venvs\workstation1_venv\Lib\site-packages\starlette\middleware\base.py", line 159, in call_next
    raise app_exc
  File "C:\Users\Hugh\Python_venvs\workstation1_venv\Lib\site-packages\starlette\middleware\base.py", line 144, in coro
    await self.app(scope, receive_or_disconnect, send_no_error)
  File "C:\Users\Hugh\Python_venvs\workstation1_venv\Lib\site-packages\starlette\middleware\base.py", line 182, in __call__
    with recv_stream, send_stream, collapse_excgroups():
                                   ~~~~~~~~~~~~~~~~~~^^
  File "C:\Users\Hugh\AppData\Local\Programs\Python\Python313\Lib\contextlib.py", line 162, in __exit__
    self.gen.throw(value)
    ~~~~~~~~~~~~~~^^^^^^^
  File "C:\Users\Hugh\Python_venvs\workstation1_venv\Lib\site-packages\starlette\_utils.py", line 83, in collapse_excgroups
    raise exc
  File "C:\Users\Hugh\Python_venvs\workstation1_venv\Lib\site-packages\starlette\middleware\base.py", line 184, in __call__
    response = await self.dispatch_func(request, call_next)
               ^^^^^^^^^^^^^^^^^^^^^^^^^^^^^^^^^^^^^^^^^^^^
  File "C:\Users\Hugh\Python_venvs\workstation1_venv\Lib\site-packages\nicegui\middlewares.py", line 13, in dispatch
    response = await call_next(request)
               ^^^^^^^^^^^^^^^^^^^^^^^^
  File "C:\Users\Hugh\Python_venvs\workstation1_venv\Lib\site-packages\starlette\middleware\base.py", line 159, in call_next
    raise app_exc
  File "C:\Users\Hugh\Python_venvs\workstation1_venv\Lib\site-packages\starlette\middleware\base.py", line 144, in coro
    await self.app(scope, receive_or_disconnect, send_no_error)
  File "C:\Users\Hugh\Python_venvs\workstation1_venv\Lib\site-packages\starlette\middleware\gzip.py", line 29, in __call__
    await responder(scope, receive, send)
  File "C:\Users\Hugh\Python_venvs\workstation1_venv\Lib\site-packages\starlette\middleware\gzip.py", line 130, in __call__
    await super().__call__(scope, receive, send)
  File "C:\Users\Hugh\Python_venvs\workstation1_venv\Lib\site-packages\starlette\middleware\gzip.py", line 46, in __call__
    await self.app(scope, receive, self.send_with_compression)
  File "C:\Users\Hugh\Python_venvs\workstation1_venv\Lib\site-packages\starlette\middleware\exceptions.py", line 63, in __call__
    await wrap_app_handling_exceptions(self.app, conn)(scope, receive, send)
  File "C:\Users\Hugh\Python_venvs\workstation1_venv\Lib\site-packages\starlette\_exception_handler.py", line 53, in wrapped_app
    raise exc
  File "C:\Users\Hugh\Python_venvs\workstation1_venv\Lib\site-packages\starlette\_exception_handler.py", line 42, in wrapped_app
    await app(scope, receive, sender)
  File "C:\Users\Hugh\Python_venvs\workstation1_venv\Lib\site-packages\starlette\routing.py", line 716, in __call__
    await self.middleware_stack(scope, receive, send)
  File "C:\Users\Hugh\Python_venvs\workstation1_venv\Lib\site-packages\starlette\routing.py", line 736, in app
    await route.handle(scope, receive, send)
  File "C:\Users\Hugh\Python_venvs\workstation1_venv\Lib\site-packages\starlette\routing.py", line 290, in handle
    await self.app(scope, receive, send)
  File "C:\Users\Hugh\Python_venvs\workstation1_venv\Lib\site-packages\starlette\routing.py", line 78, in app
    await wrap_app_handling_exceptions(app, request)(scope, receive, send)
  File "C:\Users\Hugh\Python_venvs\workstation1_venv\Lib\site-packages\starlette\_exception_handler.py", line 53, in wrapped_app
    raise exc
  File "C:\Users\Hugh\Python_venvs\workstation1_venv\Lib\site-packages\starlette\_exception_handler.py", line 42, in wrapped_app
    await app(scope, receive, sender)
  File "C:\Users\Hugh\Python_venvs\workstation1_venv\Lib\site-packages\starlette\routing.py", line 75, in app
    response = await f(request)
               ^^^^^^^^^^^^^^^^
  File "C:\Users\Hugh\Python_venvs\workstation1_venv\Lib\site-packages\fastapi\routing.py", line 302, in app
    raw_response = await run_endpoint_function(
                   ^^^^^^^^^^^^^^^^^^^^^^^^^^^^
    ...<3 lines>...
    )
    ^
  File "C:\Users\Hugh\Python_venvs\workstation1_venv\Lib\site-packages\fastapi\routing.py", line 213, in run_endpoint_function
    return await dependant.call(**values)
           ^^^^^^^^^^^^^^^^^^^^^^^^^^^^^^
  File "C:\Users\Hugh\Python_venvs\workstation1_venv\Lib\site-packages\nicegui\page.py", line 148, in decorated
    return create_error_page(e, request)
  File "C:\Users\Hugh\Python_venvs\workstation1_venv\Lib\site-packages\nicegui\page.py", line 115, in create_error_page
    raise e
  File "C:\Users\Hugh\Python_venvs\workstation1_venv\Lib\site-packages\nicegui\page.py", line 146, in decorated
    result = func(*dec_args, **dec_kwargs)
  File "F:\VulcanConnect2025-09\frontend\pages\batch_drawings_export.py", line 29, in batch_drawings_export_page
    ui.button('EXPORT DRAWINGS', on_click=start_export_task).classes('mt-4')
                                          ^^^^^^^^^^^^^^^^^
UnboundLocalError: cannot access local variable 'start_export_task' where it is not associated with a value
ERROR:nicegui:cannot access local variable 'start_export_task' where it is not associated with a value
  + Exception Group Traceback (most recent call last):
  |   File "C:\Users\Hugh\Python_venvs\workstation1_venv\Lib\site-packages\starlette\_utils.py", line 77, in collapse_excgroups
  |     yield
  |   File "C:\Users\Hugh\Python_venvs\workstation1_venv\Lib\site-packages\starlette\middleware\base.py", line 183, in __call__
  |     async with anyio.create_task_group() as task_group:
  |                ~~~~~~~~~~~~~~~~~~~~~~~^^
  |   File "C:\Users\Hugh\Python_venvs\workstation1_venv\Lib\site-packages\anyio\_backends\_asyncio.py", line 772, in __aexit__
  |     raise BaseExceptionGroup(
  |         "unhandled errors in a TaskGroup", self._exceptions
  |     ) from None
  | ExceptionGroup: unhandled errors in a TaskGroup (1 sub-exception)
  +-+---------------- 1 ----------------
    | Traceback (most recent call last):
    |   File "C:\Users\Hugh\Python_venvs\workstation1_venv\Lib\site-packages\starlette\middleware\errors.py", line 164, in __call__
    |     await self.app(scope, receive, _send)
    |   File "C:\Users\Hugh\Python_venvs\workstation1_venv\Lib\site-packages\starlette\middleware\base.py", line 182, in __call__
    |     with recv_stream, send_stream, collapse_excgroups():
    |                                    ~~~~~~~~~~~~~~~~~~^^
    |   File "C:\Users\Hugh\AppData\Local\Programs\Python\Python313\Lib\contextlib.py", line 162, in __exit__
    |     self.gen.throw(value)
    |     ~~~~~~~~~~~~~~^^^^^^^
    |   File "C:\Users\Hugh\Python_venvs\workstation1_venv\Lib\site-packages\starlette\_utils.py", line 83, in collapse_excgroups
    |     raise exc
    |   File "C:\Users\Hugh\Python_venvs\workstation1_venv\Lib\site-packages\starlette\middleware\base.py", line 184, in __call__
    |     response = await self.dispatch_func(request, call_next)
    |                ^^^^^^^^^^^^^^^^^^^^^^^^^^^^^^^^^^^^^^^^^^^^
    |   File "C:\Users\Hugh\Python_venvs\workstation1_venv\Lib\site-packages\nicegui\middlewares.py", line 23, in dispatch
    |     response = await call_next(request)
    |                ^^^^^^^^^^^^^^^^^^^^^^^^
    |   File "C:\Users\Hugh\Python_venvs\workstation1_venv\Lib\site-packages\starlette\middleware\base.py", line 159, in call_next
    |     raise app_exc
    |   File "C:\Users\Hugh\Python_venvs\workstation1_venv\Lib\site-packages\starlette\middleware\base.py", line 144, in coro
    |     await self.app(scope, receive_or_disconnect, send_no_error)
    |   File "C:\Users\Hugh\Python_venvs\workstation1_venv\Lib\site-packages\starlette\middleware\base.py", line 182, in __call__
    |     with recv_stream, send_stream, collapse_excgroups():
    |                                    ~~~~~~~~~~~~~~~~~~^^
    |   File "C:\Users\Hugh\AppData\Local\Programs\Python\Python313\Lib\contextlib.py", line 162, in __exit__
    |     self.gen.throw(value)
    |     ~~~~~~~~~~~~~~^^^^^^^
    |   File "C:\Users\Hugh\Python_venvs\workstation1_venv\Lib\site-packages\starlette\_utils.py", line 83, in collapse_excgroups
    |     raise exc
    |   File "C:\Users\Hugh\Python_venvs\workstation1_venv\Lib\site-packages\starlette\middleware\base.py", line 184, in __call__
    |     response = await self.dispatch_func(request, call_next)
    |                ^^^^^^^^^^^^^^^^^^^^^^^^^^^^^^^^^^^^^^^^^^^^
    |   File "C:\Users\Hugh\Python_venvs\workstation1_venv\Lib\site-packages\nicegui\middlewares.py", line 13, in dispatch
    |     response = await call_next(request)
    |                ^^^^^^^^^^^^^^^^^^^^^^^^
    |   File "C:\Users\Hugh\Python_venvs\workstation1_venv\Lib\site-packages\starlette\middleware\base.py", line 159, in call_next
    |     raise app_exc
    |   File "C:\Users\Hugh\Python_venvs\workstation1_venv\Lib\site-packages\starlette\middleware\base.py", line 144, in coro
    |     await self.app(scope, receive_or_disconnect, send_no_error)
    |   File "C:\Users\Hugh\Python_venvs\workstation1_venv\Lib\site-packages\starlette\middleware\gzip.py", line 29, in __call__
    |     await responder(scope, receive, send)
    |   File "C:\Users\Hugh\Python_venvs\workstation1_venv\Lib\site-packages\starlette\middleware\gzip.py", line 130, in __call__
    |     await super().__call__(scope, receive, send)
    |   File "C:\Users\Hugh\Python_venvs\workstation1_venv\Lib\site-packages\starlette\middleware\gzip.py", line 46, in __call__
    |     await self.app(scope, receive, self.send_with_compression)
    |   File "C:\Users\Hugh\Python_venvs\workstation1_venv\Lib\site-packages\starlette\middleware\exceptions.py", line 63, in __call__
    |     await wrap_app_handling_exceptions(self.app, conn)(scope, receive, send)
    |   File "C:\Users\Hugh\Python_venvs\workstation1_venv\Lib\site-packages\starlette\_exception_handler.py", line 53, in wrapped_app
    |     raise exc
    |   File "C:\Users\Hugh\Python_venvs\workstation1_venv\Lib\site-packages\starlette\_exception_handler.py", line 42, in wrapped_app
    |     await app(scope, receive, sender)
    |   File "C:\Users\Hugh\Python_venvs\workstation1_venv\Lib\site-packages\starlette\routing.py", line 716, in __call__
    |     await self.middleware_stack(scope, receive, send)
    |   File "C:\Users\Hugh\Python_venvs\workstation1_venv\Lib\site-packages\starlette\routing.py", line 736, in app
    |     await route.handle(scope, receive, send)
    |   File "C:\Users\Hugh\Python_venvs\workstation1_venv\Lib\site-packages\starlette\routing.py", line 290, in handle
    |     await self.app(scope, receive, send)
    |   File "C:\Users\Hugh\Python_venvs\workstation1_venv\Lib\site-packages\starlette\routing.py", line 78, in app
    |     await wrap_app_handling_exceptions(app, request)(scope, receive, send)
    |   File "C:\Users\Hugh\Python_venvs\workstation1_venv\Lib\site-packages\starlette\_exception_handler.py", line 53, in wrapped_app
    |     raise exc
    |   File "C:\Users\Hugh\Python_venvs\workstation1_venv\Lib\site-packages\starlette\_exception_handler.py", line 42, in wrapped_app
    |     await app(scope, receive, sender)
    |   File "C:\Users\Hugh\Python_venvs\workstation1_venv\Lib\site-packages\starlette\routing.py", line 75, in app
    |     response = await f(request)
    |                ^^^^^^^^^^^^^^^^
    |   File "C:\Users\Hugh\Python_venvs\workstation1_venv\Lib\site-packages\fastapi\routing.py", line 302, in app
    |     raw_response = await run_endpoint_function(
    |                    ^^^^^^^^^^^^^^^^^^^^^^^^^^^^
    |     ...<3 lines>...
    |     )
    |     ^
    |   File "C:\Users\Hugh\Python_venvs\workstation1_venv\Lib\site-packages\fastapi\routing.py", line 213, in run_endpoint_function
    |     return await dependant.call(**values)
    |            ^^^^^^^^^^^^^^^^^^^^^^^^^^^^^^
    |   File "C:\Users\Hugh\Python_venvs\workstation1_venv\Lib\site-packages\nicegui\page.py", line 148, in decorated
    |     return create_error_page(e, request)
    |   File "C:\Users\Hugh\Python_venvs\workstation1_venv\Lib\site-packages\nicegui\page.py", line 115, in create_error_page
    |     raise e
    |   File "C:\Users\Hugh\Python_venvs\workstation1_venv\Lib\site-packages\nicegui\page.py", line 146, in decorated
    |     result = func(*dec_args, **dec_kwargs)
    |   File "F:\VulcanConnect2025-09\frontend\pages\batch_drawings_export.py", line 29, in batch_drawings_export_page
    |     ui.button('EXPORT DRAWINGS', on_click=start_export_task).classes('mt-4')
    |                                           ^^^^^^^^^^^^^^^^^
    | UnboundLocalError: cannot access local variable 'start_export_task' where it is not associated with a value
    +------------------------------------

During handling of the above exception, another exception occurred:

Traceback (most recent call last):
  File "C:\Users\Hugh\Python_venvs\workstation1_venv\Lib\site-packages\starlette\middleware\errors.py", line 164, in __call__
    await self.app(scope, receive, _send)
  File "C:\Users\Hugh\Python_venvs\workstation1_venv\Lib\site-packages\starlette\middleware\base.py", line 182, in __call__
    with recv_stream, send_stream, collapse_excgroups():
                                   ~~~~~~~~~~~~~~~~~~^^
  File "C:\Users\Hugh\AppData\Local\Programs\Python\Python313\Lib\contextlib.py", line 162, in __exit__
    self.gen.throw(value)
    ~~~~~~~~~~~~~~^^^^^^^
  File "C:\Users\Hugh\Python_venvs\workstation1_venv\Lib\site-packages\starlette\_utils.py", line 83, in collapse_excgroups
    raise exc
  File "C:\Users\Hugh\Python_venvs\workstation1_venv\Lib\site-packages\starlette\middleware\base.py", line 184, in __call__
    response = await self.dispatch_func(request, call_next)
               ^^^^^^^^^^^^^^^^^^^^^^^^^^^^^^^^^^^^^^^^^^^^
  File "C:\Users\Hugh\Python_venvs\workstation1_venv\Lib\site-packages\nicegui\middlewares.py", line 23, in dispatch
    response = await call_next(request)
               ^^^^^^^^^^^^^^^^^^^^^^^^
  File "C:\Users\Hugh\Python_venvs\workstation1_venv\Lib\site-packages\starlette\middleware\base.py", line 159, in call_next
    raise app_exc
  File "C:\Users\Hugh\Python_venvs\workstation1_venv\Lib\site-packages\starlette\middleware\base.py", line 144, in coro
    await self.app(scope, receive_or_disconnect, send_no_error)
  File "C:\Users\Hugh\Python_venvs\workstation1_venv\Lib\site-packages\starlette\middleware\base.py", line 182, in __call__
    with recv_stream, send_stream, collapse_excgroups():
                                   ~~~~~~~~~~~~~~~~~~^^
  File "C:\Users\Hugh\AppData\Local\Programs\Python\Python313\Lib\contextlib.py", line 162, in __exit__
    self.gen.throw(value)
    ~~~~~~~~~~~~~~^^^^^^^
  File "C:\Users\Hugh\Python_venvs\workstation1_venv\Lib\site-packages\starlette\_utils.py", line 83, in collapse_excgroups
    raise exc
  File "C:\Users\Hugh\Python_venvs\workstation1_venv\Lib\site-packages\starlette\middleware\base.py", line 184, in __call__
    response = await self.dispatch_func(request, call_next)
               ^^^^^^^^^^^^^^^^^^^^^^^^^^^^^^^^^^^^^^^^^^^^
  File "C:\Users\Hugh\Python_venvs\workstation1_venv\Lib\site-packages\nicegui\middlewares.py", line 13, in dispatch
    response = await call_next(request)
               ^^^^^^^^^^^^^^^^^^^^^^^^
  File "C:\Users\Hugh\Python_venvs\workstation1_venv\Lib\site-packages\starlette\middleware\base.py", line 159, in call_next
    raise app_exc
  File "C:\Users\Hugh\Python_venvs\workstation1_venv\Lib\site-packages\starlette\middleware\base.py", line 144, in coro
    await self.app(scope, receive_or_disconnect, send_no_error)
  File "C:\Users\Hugh\Python_venvs\workstation1_venv\Lib\site-packages\starlette\middleware\gzip.py", line 29, in __call__
    await responder(scope, receive, send)
  File "C:\Users\Hugh\Python_venvs\workstation1_venv\Lib\site-packages\starlette\middleware\gzip.py", line 130, in __call__
    await super().__call__(scope, receive, send)
  File "C:\Users\Hugh\Python_venvs\workstation1_venv\Lib\site-packages\starlette\middleware\gzip.py", line 46, in __call__
    await self.app(scope, receive, self.send_with_compression)
  File "C:\Users\Hugh\Python_venvs\workstation1_venv\Lib\site-packages\starlette\middleware\exceptions.py", line 63, in __call__
    await wrap_app_handling_exceptions(self.app, conn)(scope, receive, send)
  File "C:\Users\Hugh\Python_venvs\workstation1_venv\Lib\site-packages\starlette\_exception_handler.py", line 53, in wrapped_app
    raise exc
  File "C:\Users\Hugh\Python_venvs\workstation1_venv\Lib\site-packages\starlette\_exception_handler.py", line 42, in wrapped_app
    await app(scope, receive, sender)
  File "C:\Users\Hugh\Python_venvs\workstation1_venv\Lib\site-packages\starlette\routing.py", line 716, in __call__
    await self.middleware_stack(scope, receive, send)
  File "C:\Users\Hugh\Python_venvs\workstation1_venv\Lib\site-packages\starlette\routing.py", line 736, in app
    await route.handle(scope, receive, send)
  File "C:\Users\Hugh\Python_venvs\workstation1_venv\Lib\site-packages\starlette\routing.py", line 290, in handle
    await self.app(scope, receive, send)
  File "C:\Users\Hugh\Python_venvs\workstation1_venv\Lib\site-packages\starlette\routing.py", line 78, in app
    await wrap_app_handling_exceptions(app, request)(scope, receive, send)
  File "C:\Users\Hugh\Python_venvs\workstation1_venv\Lib\site-packages\starlette\_exception_handler.py", line 53, in wrapped_app
    raise exc
  File "C:\Users\Hugh\Python_venvs\workstation1_venv\Lib\site-packages\starlette\_exception_handler.py", line 42, in wrapped_app
    await app(scope, receive, sender)
  File "C:\Users\Hugh\Python_venvs\workstation1_venv\Lib\site-packages\starlette\routing.py", line 75, in app
    response = await f(request)
               ^^^^^^^^^^^^^^^^
  File "C:\Users\Hugh\Python_venvs\workstation1_venv\Lib\site-packages\fastapi\routing.py", line 302, in app
    raw_response = await run_endpoint_function(
                   ^^^^^^^^^^^^^^^^^^^^^^^^^^^^
    ...<3 lines>...
    )
    ^
  File "C:\Users\Hugh\Python_venvs\workstation1_venv\Lib\site-packages\fastapi\routing.py", line 213, in run_endpoint_function
    return await dependant.call(**values)
           ^^^^^^^^^^^^^^^^^^^^^^^^^^^^^^
  File "C:\Users\Hugh\Python_venvs\workstation1_venv\Lib\site-packages\nicegui\page.py", line 148, in decorated
    return create_error_page(e, request)
  File "C:\Users\Hugh\Python_venvs\workstation1_venv\Lib\site-packages\nicegui\page.py", line 115, in create_error_page
    raise e
  File "C:\Users\Hugh\Python_venvs\workstation1_venv\Lib\site-packages\nicegui\page.py", line 146, in decorated
    result = func(*dec_args, **dec_kwargs)
  File "F:\VulcanConnect2025-09\frontend\pages\batch_drawings_export.py", line 29, in batch_drawings_export_page
    ui.button('EXPORT DRAWINGS', on_click=start_export_task).classes('mt-4')
                                          ^^^^^^^^^^^^^^^^^
UnboundLocalError: cannot access local variable 'start_export_task' where it is not associated with a value
ERROR:nicegui:cannot access local variable 'start_export_task' where it is not associated with a value
  + Exception Group Traceback (most recent call last):
  |   File "C:\Users\Hugh\Python_venvs\workstation1_venv\Lib\site-packages\starlette\_utils.py", line 77, in collapse_excgroups
  |     yield
  |   File "C:\Users\Hugh\Python_venvs\workstation1_venv\Lib\site-packages\starlette\middleware\base.py", line 183, in __call__
  |     async with anyio.create_task_group() as task_group:
  |                ~~~~~~~~~~~~~~~~~~~~~~~^^
  |   File "C:\Users\Hugh\Python_venvs\workstation1_venv\Lib\site-packages\anyio\_backends\_asyncio.py", line 772, in __aexit__
  |     raise BaseExceptionGroup(
  |         "unhandled errors in a TaskGroup", self._exceptions
  |     ) from None
  | ExceptionGroup: unhandled errors in a TaskGroup (1 sub-exception)
  +-+---------------- 1 ----------------
    | Traceback (most recent call last):
    |   File "C:\Users\Hugh\Python_venvs\workstation1_venv\Lib\site-packages\starlette\middleware\errors.py", line 164, in __call__
    |     await self.app(scope, receive, _send)
    |   File "C:\Users\Hugh\Python_venvs\workstation1_venv\Lib\site-packages\starlette\middleware\base.py", line 182, in __call__
    |     with recv_stream, send_stream, collapse_excgroups():
    |                                    ~~~~~~~~~~~~~~~~~~^^
    |   File "C:\Users\Hugh\AppData\Local\Programs\Python\Python313\Lib\contextlib.py", line 162, in __exit__
    |     self.gen.throw(value)
    |     ~~~~~~~~~~~~~~^^^^^^^
    |   File "C:\Users\Hugh\Python_venvs\workstation1_venv\Lib\site-packages\starlette\_utils.py", line 83, in collapse_excgroups
    |     raise exc
    |   File "C:\Users\Hugh\Python_venvs\workstation1_venv\Lib\site-packages\starlette\middleware\base.py", line 184, in __call__
    |     response = await self.dispatch_func(request, call_next)
    |                ^^^^^^^^^^^^^^^^^^^^^^^^^^^^^^^^^^^^^^^^^^^^
    |   File "C:\Users\Hugh\Python_venvs\workstation1_venv\Lib\site-packages\nicegui\middlewares.py", line 23, in dispatch
    |     response = await call_next(request)
    |                ^^^^^^^^^^^^^^^^^^^^^^^^
    |   File "C:\Users\Hugh\Python_venvs\workstation1_venv\Lib\site-packages\starlette\middleware\base.py", line 159, in call_next
    |     raise app_exc
    |   File "C:\Users\Hugh\Python_venvs\workstation1_venv\Lib\site-packages\starlette\middleware\base.py", line 144, in coro
    |     await self.app(scope, receive_or_disconnect, send_no_error)
    |   File "C:\Users\Hugh\Python_venvs\workstation1_venv\Lib\site-packages\starlette\middleware\base.py", line 182, in __call__
    |     with recv_stream, send_stream, collapse_excgroups():
    |                                    ~~~~~~~~~~~~~~~~~~^^
    |   File "C:\Users\Hugh\AppData\Local\Programs\Python\Python313\Lib\contextlib.py", line 162, in __exit__
    |     self.gen.throw(value)
    |     ~~~~~~~~~~~~~~^^^^^^^
    |   File "C:\Users\Hugh\Python_venvs\workstation1_venv\Lib\site-packages\starlette\_utils.py", line 83, in collapse_excgroups
    |     raise exc
    |   File "C:\Users\Hugh\Python_venvs\workstation1_venv\Lib\site-packages\starlette\middleware\base.py", line 184, in __call__
    |     response = await self.dispatch_func(request, call_next)
    |                ^^^^^^^^^^^^^^^^^^^^^^^^^^^^^^^^^^^^^^^^^^^^
    |   File "C:\Users\Hugh\Python_venvs\workstation1_venv\Lib\site-packages\nicegui\middlewares.py", line 13, in dispatch
    |     response = await call_next(request)
    |                ^^^^^^^^^^^^^^^^^^^^^^^^
    |   File "C:\Users\Hugh\Python_venvs\workstation1_venv\Lib\site-packages\starlette\middleware\base.py", line 159, in call_next
    |     raise app_exc
    |   File "C:\Users\Hugh\Python_venvs\workstation1_venv\Lib\site-packages\starlette\middleware\base.py", line 144, in coro
    |     await self.app(scope, receive_or_disconnect, send_no_error)
    |   File "C:\Users\Hugh\Python_venvs\workstation1_venv\Lib\site-packages\starlette\middleware\gzip.py", line 29, in __call__
    |     await responder(scope, receive, send)
    |   File "C:\Users\Hugh\Python_venvs\workstation1_venv\Lib\site-packages\starlette\middleware\gzip.py", line 130, in __call__
    |     await super().__call__(scope, receive, send)
    |   File "C:\Users\Hugh\Python_venvs\workstation1_venv\Lib\site-packages\starlette\middleware\gzip.py", line 46, in __call__
    |     await self.app(scope, receive, self.send_with_compression)
    |   File "C:\Users\Hugh\Python_venvs\workstation1_venv\Lib\site-packages\starlette\middleware\exceptions.py", line 63, in __call__
    |     await wrap_app_handling_exceptions(self.app, conn)(scope, receive, send)
    |   File "C:\Users\Hugh\Python_venvs\workstation1_venv\Lib\site-packages\starlette\_exception_handler.py", line 53, in wrapped_app
    |     raise exc
    |   File "C:\Users\Hugh\Python_venvs\workstation1_venv\Lib\site-packages\starlette\_exception_handler.py", line 42, in wrapped_app
    |     await app(scope, receive, sender)
    |   File "C:\Users\Hugh\Python_venvs\workstation1_venv\Lib\site-packages\starlette\routing.py", line 716, in __call__
    |     await self.middleware_stack(scope, receive, send)
    |   File "C:\Users\Hugh\Python_venvs\workstation1_venv\Lib\site-packages\starlette\routing.py", line 736, in app
    |     await route.handle(scope, receive, send)
    |   File "C:\Users\Hugh\Python_venvs\workstation1_venv\Lib\site-packages\starlette\routing.py", line 290, in handle
    |     await self.app(scope, receive, send)
    |   File "C:\Users\Hugh\Python_venvs\workstation1_venv\Lib\site-packages\starlette\routing.py", line 78, in app
    |     await wrap_app_handling_exceptions(app, request)(scope, receive, send)
    |   File "C:\Users\Hugh\Python_venvs\workstation1_venv\Lib\site-packages\starlette\_exception_handler.py", line 53, in wrapped_app
    |     raise exc
    |   File "C:\Users\Hugh\Python_venvs\workstation1_venv\Lib\site-packages\starlette\_exception_handler.py", line 42, in wrapped_app
    |     await app(scope, receive, sender)
    |   File "C:\Users\Hugh\Python_venvs\workstation1_venv\Lib\site-packages\starlette\routing.py", line 75, in app
    |     response = await f(request)
    |                ^^^^^^^^^^^^^^^^
    |   File "C:\Users\Hugh\Python_venvs\workstation1_venv\Lib\site-packages\fastapi\routing.py", line 302, in app
    |     raw_response = await run_endpoint_function(
    |                    ^^^^^^^^^^^^^^^^^^^^^^^^^^^^
    |     ...<3 lines>...
    |     )
    |     ^
    |   File "C:\Users\Hugh\Python_venvs\workstation1_venv\Lib\site-packages\fastapi\routing.py", line 213, in run_endpoint_function
    |     return await dependant.call(**values)
    |            ^^^^^^^^^^^^^^^^^^^^^^^^^^^^^^
    |   File "C:\Users\Hugh\Python_venvs\workstation1_venv\Lib\site-packages\nicegui\page.py", line 148, in decorated
    |     return create_error_page(e, request)
    |   File "C:\Users\Hugh\Python_venvs\workstation1_venv\Lib\site-packages\nicegui\page.py", line 115, in create_error_page
    |     raise e
    |   File "C:\Users\Hugh\Python_venvs\workstation1_venv\Lib\site-packages\nicegui\page.py", line 146, in decorated
    |     result = func(*dec_args, **dec_kwargs)
    |   File "F:\VulcanConnect2025-09\frontend\pages\batch_drawings_export.py", line 29, in batch_drawings_export_page
    |     ui.button('EXPORT DRAWINGS', on_click=start_export_task).classes('mt-4')
    |                                           ^^^^^^^^^^^^^^^^^
    | UnboundLocalError: cannot access local variable 'start_export_task' where it is not associated with a value
    +------------------------------------

During handling of the above exception, another exception occurred:

Traceback (most recent call last):
  File "C:\Users\Hugh\Python_venvs\workstation1_venv\Lib\site-packages\starlette\middleware\errors.py", line 164, in __call__
    await self.app(scope, receive, _send)
  File "C:\Users\Hugh\Python_venvs\workstation1_venv\Lib\site-packages\starlette\middleware\base.py", line 182, in __call__
    with recv_stream, send_stream, collapse_excgroups():
                                   ~~~~~~~~~~~~~~~~~~^^
  File "C:\Users\Hugh\AppData\Local\Programs\Python\Python313\Lib\contextlib.py", line 162, in __exit__
    self.gen.throw(value)
    ~~~~~~~~~~~~~~^^^^^^^
  File "C:\Users\Hugh\Python_venvs\workstation1_venv\Lib\site-packages\starlette\_utils.py", line 83, in collapse_excgroups
    raise exc
  File "C:\Users\Hugh\Python_venvs\workstation1_venv\Lib\site-packages\starlette\middleware\base.py", line 184, in __call__
    response = await self.dispatch_func(request, call_next)
               ^^^^^^^^^^^^^^^^^^^^^^^^^^^^^^^^^^^^^^^^^^^^
  File "C:\Users\Hugh\Python_venvs\workstation1_venv\Lib\site-packages\nicegui\middlewares.py", line 23, in dispatch
    response = await call_next(request)
               ^^^^^^^^^^^^^^^^^^^^^^^^
  File "C:\Users\Hugh\Python_venvs\workstation1_venv\Lib\site-packages\starlette\middleware\base.py", line 159, in call_next
    raise app_exc
  File "C:\Users\Hugh\Python_venvs\workstation1_venv\Lib\site-packages\starlette\middleware\base.py", line 144, in coro
    await self.app(scope, receive_or_disconnect, send_no_error)
  File "C:\Users\Hugh\Python_venvs\workstation1_venv\Lib\site-packages\starlette\middleware\base.py", line 182, in __call__
    with recv_stream, send_stream, collapse_excgroups():
                                   ~~~~~~~~~~~~~~~~~~^^
  File "C:\Users\Hugh\AppData\Local\Programs\Python\Python313\Lib\contextlib.py", line 162, in __exit__
    self.gen.throw(value)
    ~~~~~~~~~~~~~~^^^^^^^
  File "C:\Users\Hugh\Python_venvs\workstation1_venv\Lib\site-packages\starlette\_utils.py", line 83, in collapse_excgroups
    raise exc
  File "C:\Users\Hugh\Python_venvs\workstation1_venv\Lib\site-packages\starlette\middleware\base.py", line 184, in __call__
    response = await self.dispatch_func(request, call_next)
               ^^^^^^^^^^^^^^^^^^^^^^^^^^^^^^^^^^^^^^^^^^^^
  File "C:\Users\Hugh\Python_venvs\workstation1_venv\Lib\site-packages\nicegui\middlewares.py", line 13, in dispatch
    response = await call_next(request)
               ^^^^^^^^^^^^^^^^^^^^^^^^
  File "C:\Users\Hugh\Python_venvs\workstation1_venv\Lib\site-packages\starlette\middleware\base.py", line 159, in call_next
    raise app_exc
  File "C:\Users\Hugh\Python_venvs\workstation1_venv\Lib\site-packages\starlette\middleware\base.py", line 144, in coro
    await self.app(scope, receive_or_disconnect, send_no_error)
  File "C:\Users\Hugh\Python_venvs\workstation1_venv\Lib\site-packages\starlette\middleware\gzip.py", line 29, in __call__
    await responder(scope, receive, send)
  File "C:\Users\Hugh\Python_venvs\workstation1_venv\Lib\site-packages\starlette\middleware\gzip.py", line 130, in __call__
    await super().__call__(scope, receive, send)
  File "C:\Users\Hugh\Python_venvs\workstation1_venv\Lib\site-packages\starlette\middleware\gzip.py", line 46, in __call__
    await self.app(scope, receive, self.send_with_compression)
  File "C:\Users\Hugh\Python_venvs\workstation1_venv\Lib\site-packages\starlette\middleware\exceptions.py", line 63, in __call__
    await wrap_app_handling_exceptions(self.app, conn)(scope, receive, send)
  File "C:\Users\Hugh\Python_venvs\workstation1_venv\Lib\site-packages\starlette\_exception_handler.py", line 53, in wrapped_app
    raise exc
  File "C:\Users\Hugh\Python_venvs\workstation1_venv\Lib\site-packages\starlette\_exception_handler.py", line 42, in wrapped_app
    await app(scope, receive, sender)
  File "C:\Users\Hugh\Python_venvs\workstation1_venv\Lib\site-packages\starlette\routing.py", line 716, in __call__
    await self.middleware_stack(scope, receive, send)
  File "C:\Users\Hugh\Python_venvs\workstation1_venv\Lib\site-packages\starlette\routing.py", line 736, in app
    await route.handle(scope, receive, send)
  File "C:\Users\Hugh\Python_venvs\workstation1_venv\Lib\site-packages\starlette\routing.py", line 290, in handle
    await self.app(scope, receive, send)
  File "C:\Users\Hugh\Python_venvs\workstation1_venv\Lib\site-packages\starlette\routing.py", line 78, in app
    await wrap_app_handling_exceptions(app, request)(scope, receive, send)
  File "C:\Users\Hugh\Python_venvs\workstation1_venv\Lib\site-packages\starlette\_exception_handler.py", line 53, in wrapped_app
    raise exc
  File "C:\Users\Hugh\Python_venvs\workstation1_venv\Lib\site-packages\starlette\_exception_handler.py", line 42, in wrapped_app
    await app(scope, receive, sender)
  File "C:\Users\Hugh\Python_venvs\workstation1_venv\Lib\site-packages\starlette\routing.py", line 75, in app
    response = await f(request)
               ^^^^^^^^^^^^^^^^
  File "C:\Users\Hugh\Python_venvs\workstation1_venv\Lib\site-packages\fastapi\routing.py", line 302, in app
    raw_response = await run_endpoint_function(
                   ^^^^^^^^^^^^^^^^^^^^^^^^^^^^
    ...<3 lines>...
    )
    ^
  File "C:\Users\Hugh\Python_venvs\workstation1_venv\Lib\site-packages\fastapi\routing.py", line 213, in run_endpoint_function
    return await dependant.call(**values)
           ^^^^^^^^^^^^^^^^^^^^^^^^^^^^^^
  File "C:\Users\Hugh\Python_venvs\workstation1_venv\Lib\site-packages\nicegui\page.py", line 148, in decorated
    return create_error_page(e, request)
  File "C:\Users\Hugh\Python_venvs\workstation1_venv\Lib\site-packages\nicegui\page.py", line 115, in create_error_page
    raise e
  File "C:\Users\Hugh\Python_venvs\workstation1_venv\Lib\site-packages\nicegui\page.py", line 146, in decorated
    result = func(*dec_args, **dec_kwargs)
  File "F:\VulcanConnect2025-09\frontend\pages\batch_drawings_export.py", line 29, in batch_drawings_export_page
    ui.button('EXPORT DRAWINGS', on_click=start_export_task).classes('mt-4')
                                          ^^^^^^^^^^^^^^^^^
UnboundLocalError: cannot access local variable 'start_export_task' where it is not associated with a value
ERROR:nicegui:cannot access local variable 'start_export_task' where it is not associated with a value
  + Exception Group Traceback (most recent call last):
  |   File "C:\Users\Hugh\Python_venvs\workstation1_venv\Lib\site-packages\starlette\_utils.py", line 77, in collapse_excgroups
  |     yield
  |   File "C:\Users\Hugh\Python_venvs\workstation1_venv\Lib\site-packages\starlette\middleware\base.py", line 183, in __call__
  |     async with anyio.create_task_group() as task_group:
  |                ~~~~~~~~~~~~~~~~~~~~~~~^^
  |   File "C:\Users\Hugh\Python_venvs\workstation1_venv\Lib\site-packages\anyio\_backends\_asyncio.py", line 772, in __aexit__
  |     raise BaseExceptionGroup(
  |         "unhandled errors in a TaskGroup", self._exceptions
  |     ) from None
  | ExceptionGroup: unhandled errors in a TaskGroup (1 sub-exception)
  +-+---------------- 1 ----------------
    | Traceback (most recent call last):
    |   File "C:\Users\Hugh\Python_venvs\workstation1_venv\Lib\site-packages\starlette\middleware\errors.py", line 164, in __call__
    |     await self.app(scope, receive, _send)
    |   File "C:\Users\Hugh\Python_venvs\workstation1_venv\Lib\site-packages\starlette\middleware\base.py", line 182, in __call__
    |     with recv_stream, send_stream, collapse_excgroups():
    |                                    ~~~~~~~~~~~~~~~~~~^^
    |   File "C:\Users\Hugh\AppData\Local\Programs\Python\Python313\Lib\contextlib.py", line 162, in __exit__
    |     self.gen.throw(value)
    |     ~~~~~~~~~~~~~~^^^^^^^
    |   File "C:\Users\Hugh\Python_venvs\workstation1_venv\Lib\site-packages\starlette\_utils.py", line 83, in collapse_excgroups
    |     raise exc
    |   File "C:\Users\Hugh\Python_venvs\workstation1_venv\Lib\site-packages\starlette\middleware\base.py", line 184, in __call__
    |     response = await self.dispatch_func(request, call_next)
    |                ^^^^^^^^^^^^^^^^^^^^^^^^^^^^^^^^^^^^^^^^^^^^
    |   File "C:\Users\Hugh\Python_venvs\workstation1_venv\Lib\site-packages\nicegui\middlewares.py", line 23, in dispatch
    |     response = await call_next(request)
    |                ^^^^^^^^^^^^^^^^^^^^^^^^
    |   File "C:\Users\Hugh\Python_venvs\workstation1_venv\Lib\site-packages\starlette\middleware\base.py", line 159, in call_next
    |     raise app_exc
    |   File "C:\Users\Hugh\Python_venvs\workstation1_venv\Lib\site-packages\starlette\middleware\base.py", line 144, in coro
    |     await self.app(scope, receive_or_disconnect, send_no_error)
    |   File "C:\Users\Hugh\Python_venvs\workstation1_venv\Lib\site-packages\starlette\middleware\base.py", line 182, in __call__
    |     with recv_stream, send_stream, collapse_excgroups():
    |                                    ~~~~~~~~~~~~~~~~~~^^
    |   File "C:\Users\Hugh\AppData\Local\Programs\Python\Python313\Lib\contextlib.py", line 162, in __exit__
    |     self.gen.throw(value)
    |     ~~~~~~~~~~~~~~^^^^^^^
    |   File "C:\Users\Hugh\Python_venvs\workstation1_venv\Lib\site-packages\starlette\_utils.py", line 83, in collapse_excgroups
    |     raise exc
    |   File "C:\Users\Hugh\Python_venvs\workstation1_venv\Lib\site-packages\starlette\middleware\base.py", line 184, in __call__
    |     response = await self.dispatch_func(request, call_next)
    |                ^^^^^^^^^^^^^^^^^^^^^^^^^^^^^^^^^^^^^^^^^^^^
    |   File "C:\Users\Hugh\Python_venvs\workstation1_venv\Lib\site-packages\nicegui\middlewares.py", line 13, in dispatch
    |     response = await call_next(request)
    |                ^^^^^^^^^^^^^^^^^^^^^^^^
    |   File "C:\Users\Hugh\Python_venvs\workstation1_venv\Lib\site-packages\starlette\middleware\base.py", line 159, in call_next
    |     raise app_exc
    |   File "C:\Users\Hugh\Python_venvs\workstation1_venv\Lib\site-packages\starlette\middleware\base.py", line 144, in coro
    |     await self.app(scope, receive_or_disconnect, send_no_error)
    |   File "C:\Users\Hugh\Python_venvs\workstation1_venv\Lib\site-packages\starlette\middleware\gzip.py", line 29, in __call__
    |     await responder(scope, receive, send)
    |   File "C:\Users\Hugh\Python_venvs\workstation1_venv\Lib\site-packages\starlette\middleware\gzip.py", line 130, in __call__
    |     await super().__call__(scope, receive, send)
    |   File "C:\Users\Hugh\Python_venvs\workstation1_venv\Lib\site-packages\starlette\middleware\gzip.py", line 46, in __call__
    |     await self.app(scope, receive, self.send_with_compression)
    |   File "C:\Users\Hugh\Python_venvs\workstation1_venv\Lib\site-packages\starlette\middleware\exceptions.py", line 63, in __call__
    |     await wrap_app_handling_exceptions(self.app, conn)(scope, receive, send)
    |   File "C:\Users\Hugh\Python_venvs\workstation1_venv\Lib\site-packages\starlette\_exception_handler.py", line 53, in wrapped_app
    |     raise exc
    |   File "C:\Users\Hugh\Python_venvs\workstation1_venv\Lib\site-packages\starlette\_exception_handler.py", line 42, in wrapped_app
    |     await app(scope, receive, sender)
    |   File "C:\Users\Hugh\Python_venvs\workstation1_venv\Lib\site-packages\starlette\routing.py", line 716, in __call__
    |     await self.middleware_stack(scope, receive, send)
    |   File "C:\Users\Hugh\Python_venvs\workstation1_venv\Lib\site-packages\starlette\routing.py", line 736, in app
    |     await route.handle(scope, receive, send)
    |   File "C:\Users\Hugh\Python_venvs\workstation1_venv\Lib\site-packages\starlette\routing.py", line 290, in handle
    |     await self.app(scope, receive, send)
    |   File "C:\Users\Hugh\Python_venvs\workstation1_venv\Lib\site-packages\starlette\routing.py", line 78, in app
    |     await wrap_app_handling_exceptions(app, request)(scope, receive, send)
    |   File "C:\Users\Hugh\Python_venvs\workstation1_venv\Lib\site-packages\starlette\_exception_handler.py", line 53, in wrapped_app
    |     raise exc
    |   File "C:\Users\Hugh\Python_venvs\workstation1_venv\Lib\site-packages\starlette\_exception_handler.py", line 42, in wrapped_app
    |     await app(scope, receive, sender)
    |   File "C:\Users\Hugh\Python_venvs\workstation1_venv\Lib\site-packages\starlette\routing.py", line 75, in app
    |     response = await f(request)
    |                ^^^^^^^^^^^^^^^^
    |   File "C:\Users\Hugh\Python_venvs\workstation1_venv\Lib\site-packages\fastapi\routing.py", line 302, in app
    |     raw_response = await run_endpoint_function(
    |                    ^^^^^^^^^^^^^^^^^^^^^^^^^^^^
    |     ...<3 lines>...
    |     )
    |     ^
    |   File "C:\Users\Hugh\Python_venvs\workstation1_venv\Lib\site-packages\fastapi\routing.py", line 213, in run_endpoint_function
    |     return await dependant.call(**values)
    |            ^^^^^^^^^^^^^^^^^^^^^^^^^^^^^^
    |   File "C:\Users\Hugh\Python_venvs\workstation1_venv\Lib\site-packages\nicegui\page.py", line 148, in decorated
    |     return create_error_page(e, request)
    |   File "C:\Users\Hugh\Python_venvs\workstation1_venv\Lib\site-packages\nicegui\page.py", line 115, in create_error_page
    |     raise e
    |   File "C:\Users\Hugh\Python_venvs\workstation1_venv\Lib\site-packages\nicegui\page.py", line 146, in decorated
    |     result = func(*dec_args, **dec_kwargs)
    |   File "F:\VulcanConnect2025-09\frontend\pages\batch_drawings_export.py", line 29, in batch_drawings_export_page
    |     ui.button('EXPORT DRAWINGS', on_click=start_export_task).classes('mt-4')
    |                                           ^^^^^^^^^^^^^^^^^
    | UnboundLocalError: cannot access local variable 'start_export_task' where it is not associated with a value
    +------------------------------------

During handling of the above exception, another exception occurred:

Traceback (most recent call last):
  File "C:\Users\Hugh\Python_venvs\workstation1_venv\Lib\site-packages\starlette\middleware\errors.py", line 164, in __call__
    await self.app(scope, receive, _send)
  File "C:\Users\Hugh\Python_venvs\workstation1_venv\Lib\site-packages\starlette\middleware\base.py", line 182, in __call__
    with recv_stream, send_stream, collapse_excgroups():
                                   ~~~~~~~~~~~~~~~~~~^^
  File "C:\Users\Hugh\AppData\Local\Programs\Python\Python313\Lib\contextlib.py", line 162, in __exit__
    self.gen.throw(value)
    ~~~~~~~~~~~~~~^^^^^^^
  File "C:\Users\Hugh\Python_venvs\workstation1_venv\Lib\site-packages\starlette\_utils.py", line 83, in collapse_excgroups
    raise exc
  File "C:\Users\Hugh\Python_venvs\workstation1_venv\Lib\site-packages\starlette\middleware\base.py", line 184, in __call__
    response = await self.dispatch_func(request, call_next)
               ^^^^^^^^^^^^^^^^^^^^^^^^^^^^^^^^^^^^^^^^^^^^
  File "C:\Users\Hugh\Python_venvs\workstation1_venv\Lib\site-packages\nicegui\middlewares.py", line 23, in dispatch
    response = await call_next(request)
               ^^^^^^^^^^^^^^^^^^^^^^^^
  File "C:\Users\Hugh\Python_venvs\workstation1_venv\Lib\site-packages\starlette\middleware\base.py", line 159, in call_next
    raise app_exc
  File "C:\Users\Hugh\Python_venvs\workstation1_venv\Lib\site-packages\starlette\middleware\base.py", line 144, in coro
    await self.app(scope, receive_or_disconnect, send_no_error)
  File "C:\Users\Hugh\Python_venvs\workstation1_venv\Lib\site-packages\starlette\middleware\base.py", line 182, in __call__
    with recv_stream, send_stream, collapse_excgroups():
                                   ~~~~~~~~~~~~~~~~~~^^
  File "C:\Users\Hugh\AppData\Local\Programs\Python\Python313\Lib\contextlib.py", line 162, in __exit__
    self.gen.throw(value)
    ~~~~~~~~~~~~~~^^^^^^^
  File "C:\Users\Hugh\Python_venvs\workstation1_venv\Lib\site-packages\starlette\_utils.py", line 83, in collapse_excgroups
    raise exc
  File "C:\Users\Hugh\Python_venvs\workstation1_venv\Lib\site-packages\starlette\middleware\base.py", line 184, in __call__
    response = await self.dispatch_func(request, call_next)
               ^^^^^^^^^^^^^^^^^^^^^^^^^^^^^^^^^^^^^^^^^^^^
  File "C:\Users\Hugh\Python_venvs\workstation1_venv\Lib\site-packages\nicegui\middlewares.py", line 13, in dispatch
    response = await call_next(request)
               ^^^^^^^^^^^^^^^^^^^^^^^^
  File "C:\Users\Hugh\Python_venvs\workstation1_venv\Lib\site-packages\starlette\middleware\base.py", line 159, in call_next
    raise app_exc
  File "C:\Users\Hugh\Python_venvs\workstation1_venv\Lib\site-packages\starlette\middleware\base.py", line 144, in coro
    await self.app(scope, receive_or_disconnect, send_no_error)
  File "C:\Users\Hugh\Python_venvs\workstation1_venv\Lib\site-packages\starlette\middleware\gzip.py", line 29, in __call__
    await responder(scope, receive, send)
  File "C:\Users\Hugh\Python_venvs\workstation1_venv\Lib\site-packages\starlette\middleware\gzip.py", line 130, in __call__
    await super().__call__(scope, receive, send)
  File "C:\Users\Hugh\Python_venvs\workstation1_venv\Lib\site-packages\starlette\middleware\gzip.py", line 46, in __call__
    await self.app(scope, receive, self.send_with_compression)
  File "C:\Users\Hugh\Python_venvs\workstation1_venv\Lib\site-packages\starlette\middleware\exceptions.py", line 63, in __call__
    await wrap_app_handling_exceptions(self.app, conn)(scope, receive, send)
  File "C:\Users\Hugh\Python_venvs\workstation1_venv\Lib\site-packages\starlette\_exception_handler.py", line 53, in wrapped_app
    raise exc
  File "C:\Users\Hugh\Python_venvs\workstation1_venv\Lib\site-packages\starlette\_exception_handler.py", line 42, in wrapped_app
    await app(scope, receive, sender)
  File "C:\Users\Hugh\Python_venvs\workstation1_venv\Lib\site-packages\starlette\routing.py", line 716, in __call__
    await self.middleware_stack(scope, receive, send)
  File "C:\Users\Hugh\Python_venvs\workstation1_venv\Lib\site-packages\starlette\routing.py", line 736, in app
    await route.handle(scope, receive, send)
  File "C:\Users\Hugh\Python_venvs\workstation1_venv\Lib\site-packages\starlette\routing.py", line 290, in handle
    await self.app(scope, receive, send)
  File "C:\Users\Hugh\Python_venvs\workstation1_venv\Lib\site-packages\starlette\routing.py", line 78, in app
    await wrap_app_handling_exceptions(app, request)(scope, receive, send)
  File "C:\Users\Hugh\Python_venvs\workstation1_venv\Lib\site-packages\starlette\_exception_handler.py", line 53, in wrapped_app
    raise exc
  File "C:\Users\Hugh\Python_venvs\workstation1_venv\Lib\site-packages\starlette\_exception_handler.py", line 42, in wrapped_app
    await app(scope, receive, sender)
  File "C:\Users\Hugh\Python_venvs\workstation1_venv\Lib\site-packages\starlette\routing.py", line 75, in app
    response = await f(request)
               ^^^^^^^^^^^^^^^^
  File "C:\Users\Hugh\Python_venvs\workstation1_venv\Lib\site-packages\fastapi\routing.py", line 302, in app
    raw_response = await run_endpoint_function(
                   ^^^^^^^^^^^^^^^^^^^^^^^^^^^^
    ...<3 lines>...
    )
    ^
  File "C:\Users\Hugh\Python_venvs\workstation1_venv\Lib\site-packages\fastapi\routing.py", line 213, in run_endpoint_function
    return await dependant.call(**values)
           ^^^^^^^^^^^^^^^^^^^^^^^^^^^^^^
  File "C:\Users\Hugh\Python_venvs\workstation1_venv\Lib\site-packages\nicegui\page.py", line 148, in decorated
    return create_error_page(e, request)
  File "C:\Users\Hugh\Python_venvs\workstation1_venv\Lib\site-packages\nicegui\page.py", line 115, in create_error_page
    raise e
  File "C:\Users\Hugh\Python_venvs\workstation1_venv\Lib\site-packages\nicegui\page.py", line 146, in decorated
    result = func(*dec_args, **dec_kwargs)
  File "F:\VulcanConnect2025-09\frontend\pages\batch_drawings_export.py", line 29, in batch_drawings_export_page
    ui.button('EXPORT DRAWINGS', on_click=start_export_task).classes('mt-4')
                                          ^^^^^^^^^^^^^^^^^
UnboundLocalError: cannot access local variable 'start_export_task' where it is not associated with a value
ERROR:nicegui:cannot access local variable 'start_export_task' where it is not associated with a value
  + Exception Group Traceback (most recent call last):
  |   File "C:\Users\Hugh\Python_venvs\workstation1_venv\Lib\site-packages\starlette\_utils.py", line 77, in collapse_excgroups
  |     yield
  |   File "C:\Users\Hugh\Python_venvs\workstation1_venv\Lib\site-packages\starlette\middleware\base.py", line 183, in __call__
  |     async with anyio.create_task_group() as task_group:
  |                ~~~~~~~~~~~~~~~~~~~~~~~^^
  |   File "C:\Users\Hugh\Python_venvs\workstation1_venv\Lib\site-packages\anyio\_backends\_asyncio.py", line 772, in __aexit__
  |     raise BaseExceptionGroup(
  |         "unhandled errors in a TaskGroup", self._exceptions
  |     ) from None
  | ExceptionGroup: unhandled errors in a TaskGroup (1 sub-exception)
  +-+---------------- 1 ----------------
    | Traceback (most recent call last):
    |   File "C:\Users\Hugh\Python_venvs\workstation1_venv\Lib\site-packages\starlette\middleware\errors.py", line 164, in __call__
    |     await self.app(scope, receive, _send)
    |   File "C:\Users\Hugh\Python_venvs\workstation1_venv\Lib\site-packages\starlette\middleware\base.py", line 182, in __call__
    |     with recv_stream, send_stream, collapse_excgroups():
    |                                    ~~~~~~~~~~~~~~~~~~^^
    |   File "C:\Users\Hugh\AppData\Local\Programs\Python\Python313\Lib\contextlib.py", line 162, in __exit__
    |     self.gen.throw(value)
    |     ~~~~~~~~~~~~~~^^^^^^^
    |   File "C:\Users\Hugh\Python_venvs\workstation1_venv\Lib\site-packages\starlette\_utils.py", line 83, in collapse_excgroups
    |     raise exc
    |   File "C:\Users\Hugh\Python_venvs\workstation1_venv\Lib\site-packages\starlette\middleware\base.py", line 184, in __call__
    |     response = await self.dispatch_func(request, call_next)
    |                ^^^^^^^^^^^^^^^^^^^^^^^^^^^^^^^^^^^^^^^^^^^^
    |   File "C:\Users\Hugh\Python_venvs\workstation1_venv\Lib\site-packages\nicegui\middlewares.py", line 23, in dispatch
    |     response = await call_next(request)
    |                ^^^^^^^^^^^^^^^^^^^^^^^^
    |   File "C:\Users\Hugh\Python_venvs\workstation1_venv\Lib\site-packages\starlette\middleware\base.py", line 159, in call_next
    |     raise app_exc
    |   File "C:\Users\Hugh\Python_venvs\workstation1_venv\Lib\site-packages\starlette\middleware\base.py", line 144, in coro
    |     await self.app(scope, receive_or_disconnect, send_no_error)
    |   File "C:\Users\Hugh\Python_venvs\workstation1_venv\Lib\site-packages\starlette\middleware\base.py", line 182, in __call__
    |     with recv_stream, send_stream, collapse_excgroups():
    |                                    ~~~~~~~~~~~~~~~~~~^^
    |   File "C:\Users\Hugh\AppData\Local\Programs\Python\Python313\Lib\contextlib.py", line 162, in __exit__
    |     self.gen.throw(value)
    |     ~~~~~~~~~~~~~~^^^^^^^
    |   File "C:\Users\Hugh\Python_venvs\workstation1_venv\Lib\site-packages\starlette\_utils.py", line 83, in collapse_excgroups
    |     raise exc
    |   File "C:\Users\Hugh\Python_venvs\workstation1_venv\Lib\site-packages\starlette\middleware\base.py", line 184, in __call__
    |     response = await self.dispatch_func(request, call_next)
    |                ^^^^^^^^^^^^^^^^^^^^^^^^^^^^^^^^^^^^^^^^^^^^
    |   File "C:\Users\Hugh\Python_venvs\workstation1_venv\Lib\site-packages\nicegui\middlewares.py", line 13, in dispatch
    |     response = await call_next(request)
    |                ^^^^^^^^^^^^^^^^^^^^^^^^
    |   File "C:\Users\Hugh\Python_venvs\workstation1_venv\Lib\site-packages\starlette\middleware\base.py", line 159, in call_next
    |     raise app_exc
    |   File "C:\Users\Hugh\Python_venvs\workstation1_venv\Lib\site-packages\starlette\middleware\base.py", line 144, in coro
    |     await self.app(scope, receive_or_disconnect, send_no_error)
    |   File "C:\Users\Hugh\Python_venvs\workstation1_venv\Lib\site-packages\starlette\middleware\gzip.py", line 29, in __call__
    |     await responder(scope, receive, send)
    |   File "C:\Users\Hugh\Python_venvs\workstation1_venv\Lib\site-packages\starlette\middleware\gzip.py", line 130, in __call__
    |     await super().__call__(scope, receive, send)
    |   File "C:\Users\Hugh\Python_venvs\workstation1_venv\Lib\site-packages\starlette\middleware\gzip.py", line 46, in __call__
    |     await self.app(scope, receive, self.send_with_compression)
    |   File "C:\Users\Hugh\Python_venvs\workstation1_venv\Lib\site-packages\starlette\middleware\exceptions.py", line 63, in __call__
    |     await wrap_app_handling_exceptions(self.app, conn)(scope, receive, send)
    |   File "C:\Users\Hugh\Python_venvs\workstation1_venv\Lib\site-packages\starlette\_exception_handler.py", line 53, in wrapped_app
    |     raise exc
    |   File "C:\Users\Hugh\Python_venvs\workstation1_venv\Lib\site-packages\starlette\_exception_handler.py", line 42, in wrapped_app
    |     await app(scope, receive, sender)
    |   File "C:\Users\Hugh\Python_venvs\workstation1_venv\Lib\site-packages\starlette\routing.py", line 716, in __call__
    |     await self.middleware_stack(scope, receive, send)
    |   File "C:\Users\Hugh\Python_venvs\workstation1_venv\Lib\site-packages\starlette\routing.py", line 736, in app
    |     await route.handle(scope, receive, send)
    |   File "C:\Users\Hugh\Python_venvs\workstation1_venv\Lib\site-packages\starlette\routing.py", line 290, in handle
    |     await self.app(scope, receive, send)
    |   File "C:\Users\Hugh\Python_venvs\workstation1_venv\Lib\site-packages\starlette\routing.py", line 78, in app
    |     await wrap_app_handling_exceptions(app, request)(scope, receive, send)
    |   File "C:\Users\Hugh\Python_venvs\workstation1_venv\Lib\site-packages\starlette\_exception_handler.py", line 53, in wrapped_app
    |     raise exc
    |   File "C:\Users\Hugh\Python_venvs\workstation1_venv\Lib\site-packages\starlette\_exception_handler.py", line 42, in wrapped_app
    |     await app(scope, receive, sender)
    |   File "C:\Users\Hugh\Python_venvs\workstation1_venv\Lib\site-packages\starlette\routing.py", line 75, in app
    |     response = await f(request)
    |                ^^^^^^^^^^^^^^^^
    |   File "C:\Users\Hugh\Python_venvs\workstation1_venv\Lib\site-packages\fastapi\routing.py", line 302, in app
    |     raw_response = await run_endpoint_function(
    |                    ^^^^^^^^^^^^^^^^^^^^^^^^^^^^
    |     ...<3 lines>...
    |     )
    |     ^
    |   File "C:\Users\Hugh\Python_venvs\workstation1_venv\Lib\site-packages\fastapi\routing.py", line 213, in run_endpoint_function
    |     return await dependant.call(**values)
    |            ^^^^^^^^^^^^^^^^^^^^^^^^^^^^^^
    |   File "C:\Users\Hugh\Python_venvs\workstation1_venv\Lib\site-packages\nicegui\page.py", line 148, in decorated
    |     return create_error_page(e, request)
    |   File "C:\Users\Hugh\Python_venvs\workstation1_venv\Lib\site-packages\nicegui\page.py", line 115, in create_error_page
    |     raise e
    |   File "C:\Users\Hugh\Python_venvs\workstation1_venv\Lib\site-packages\nicegui\page.py", line 146, in decorated
    |     result = func(*dec_args, **dec_kwargs)
    |   File "F:\VulcanConnect2025-09\frontend\pages\batch_drawings_export.py", line 29, in batch_drawings_export_page
    |     ui.button('EXPORT DRAWINGS', on_click=start_export_task).classes('mt-4')
    |                                           ^^^^^^^^^^^^^^^^^
    | UnboundLocalError: cannot access local variable 'start_export_task' where it is not associated with a value
    +------------------------------------

During handling of the above exception, another exception occurred:

Traceback (most recent call last):
  File "C:\Users\Hugh\Python_venvs\workstation1_venv\Lib\site-packages\starlette\middleware\errors.py", line 164, in __call__
    await self.app(scope, receive, _send)
  File "C:\Users\Hugh\Python_venvs\workstation1_venv\Lib\site-packages\starlette\middleware\base.py", line 182, in __call__
    with recv_stream, send_stream, collapse_excgroups():
                                   ~~~~~~~~~~~~~~~~~~^^
  File "C:\Users\Hugh\AppData\Local\Programs\Python\Python313\Lib\contextlib.py", line 162, in __exit__
    self.gen.throw(value)
    ~~~~~~~~~~~~~~^^^^^^^
  File "C:\Users\Hugh\Python_venvs\workstation1_venv\Lib\site-packages\starlette\_utils.py", line 83, in collapse_excgroups
    raise exc
  File "C:\Users\Hugh\Python_venvs\workstation1_venv\Lib\site-packages\starlette\middleware\base.py", line 184, in __call__
    response = await self.dispatch_func(request, call_next)
               ^^^^^^^^^^^^^^^^^^^^^^^^^^^^^^^^^^^^^^^^^^^^
  File "C:\Users\Hugh\Python_venvs\workstation1_venv\Lib\site-packages\nicegui\middlewares.py", line 23, in dispatch
    response = await call_next(request)
               ^^^^^^^^^^^^^^^^^^^^^^^^
  File "C:\Users\Hugh\Python_venvs\workstation1_venv\Lib\site-packages\starlette\middleware\base.py", line 159, in call_next
    raise app_exc
  File "C:\Users\Hugh\Python_venvs\workstation1_venv\Lib\site-packages\starlette\middleware\base.py", line 144, in coro
    await self.app(scope, receive_or_disconnect, send_no_error)
  File "C:\Users\Hugh\Python_venvs\workstation1_venv\Lib\site-packages\starlette\middleware\base.py", line 182, in __call__
    with recv_stream, send_stream, collapse_excgroups():
                                   ~~~~~~~~~~~~~~~~~~^^
  File "C:\Users\Hugh\AppData\Local\Programs\Python\Python313\Lib\contextlib.py", line 162, in __exit__
    self.gen.throw(value)
    ~~~~~~~~~~~~~~^^^^^^^
  File "C:\Users\Hugh\Python_venvs\workstation1_venv\Lib\site-packages\starlette\_utils.py", line 83, in collapse_excgroups
    raise exc
  File "C:\Users\Hugh\Python_venvs\workstation1_venv\Lib\site-packages\starlette\middleware\base.py", line 184, in __call__
    response = await self.dispatch_func(request, call_next)
               ^^^^^^^^^^^^^^^^^^^^^^^^^^^^^^^^^^^^^^^^^^^^
  File "C:\Users\Hugh\Python_venvs\workstation1_venv\Lib\site-packages\nicegui\middlewares.py", line 13, in dispatch
    response = await call_next(request)
               ^^^^^^^^^^^^^^^^^^^^^^^^
  File "C:\Users\Hugh\Python_venvs\workstation1_venv\Lib\site-packages\starlette\middleware\base.py", line 159, in call_next
    raise app_exc
  File "C:\Users\Hugh\Python_venvs\workstation1_venv\Lib\site-packages\starlette\middleware\base.py", line 144, in coro
    await self.app(scope, receive_or_disconnect, send_no_error)
  File "C:\Users\Hugh\Python_venvs\workstation1_venv\Lib\site-packages\starlette\middleware\gzip.py", line 29, in __call__
    await responder(scope, receive, send)
  File "C:\Users\Hugh\Python_venvs\workstation1_venv\Lib\site-packages\starlette\middleware\gzip.py", line 130, in __call__
    await super().__call__(scope, receive, send)
  File "C:\Users\Hugh\Python_venvs\workstation1_venv\Lib\site-packages\starlette\middleware\gzip.py", line 46, in __call__
    await self.app(scope, receive, self.send_with_compression)
  File "C:\Users\Hugh\Python_venvs\workstation1_venv\Lib\site-packages\starlette\middleware\exceptions.py", line 63, in __call__
    await wrap_app_handling_exceptions(self.app, conn)(scope, receive, send)
  File "C:\Users\Hugh\Python_venvs\workstation1_venv\Lib\site-packages\starlette\_exception_handler.py", line 53, in wrapped_app
    raise exc
  File "C:\Users\Hugh\Python_venvs\workstation1_venv\Lib\site-packages\starlette\_exception_handler.py", line 42, in wrapped_app
    await app(scope, receive, sender)
  File "C:\Users\Hugh\Python_venvs\workstation1_venv\Lib\site-packages\starlette\routing.py", line 716, in __call__
    await self.middleware_stack(scope, receive, send)
  File "C:\Users\Hugh\Python_venvs\workstation1_venv\Lib\site-packages\starlette\routing.py", line 736, in app
    await route.handle(scope, receive, send)
  File "C:\Users\Hugh\Python_venvs\workstation1_venv\Lib\site-packages\starlette\routing.py", line 290, in handle
    await self.app(scope, receive, send)
  File "C:\Users\Hugh\Python_venvs\workstation1_venv\Lib\site-packages\starlette\routing.py", line 78, in app
    await wrap_app_handling_exceptions(app, request)(scope, receive, send)
  File "C:\Users\Hugh\Python_venvs\workstation1_venv\Lib\site-packages\starlette\_exception_handler.py", line 53, in wrapped_app
    raise exc
  File "C:\Users\Hugh\Python_venvs\workstation1_venv\Lib\site-packages\starlette\_exception_handler.py", line 42, in wrapped_app
    await app(scope, receive, sender)
  File "C:\Users\Hugh\Python_venvs\workstation1_venv\Lib\site-packages\starlette\routing.py", line 75, in app
    response = await f(request)
               ^^^^^^^^^^^^^^^^
  File "C:\Users\Hugh\Python_venvs\workstation1_venv\Lib\site-packages\fastapi\routing.py", line 302, in app
    raw_response = await run_endpoint_function(
                   ^^^^^^^^^^^^^^^^^^^^^^^^^^^^
    ...<3 lines>...
    )
    ^
  File "C:\Users\Hugh\Python_venvs\workstation1_venv\Lib\site-packages\fastapi\routing.py", line 213, in run_endpoint_function
    return await dependant.call(**values)
           ^^^^^^^^^^^^^^^^^^^^^^^^^^^^^^
  File "C:\Users\Hugh\Python_venvs\workstation1_venv\Lib\site-packages\nicegui\page.py", line 148, in decorated
    return create_error_page(e, request)
  File "C:\Users\Hugh\Python_venvs\workstation1_venv\Lib\site-packages\nicegui\page.py", line 115, in create_error_page
    raise e
  File "C:\Users\Hugh\Python_venvs\workstation1_venv\Lib\site-packages\nicegui\page.py", line 146, in decorated
    result = func(*dec_args, **dec_kwargs)
  File "F:\VulcanConnect2025-09\frontend\pages\batch_drawings_export.py", line 29, in batch_drawings_export_page
    ui.button('EXPORT DRAWINGS', on_click=start_export_task).classes('mt-4')
                                          ^^^^^^^^^^^^^^^^^
UnboundLocalError: cannot access local variable 'start_export_task' where it is not associated with a value
ERROR:nicegui:cannot access local variable 'start_export_task' where it is not associated with a value
  + Exception Group Traceback (most recent call last):
  |   File "C:\Users\Hugh\Python_venvs\workstation1_venv\Lib\site-packages\starlette\_utils.py", line 77, in collapse_excgroups
  |     yield
  |   File "C:\Users\Hugh\Python_venvs\workstation1_venv\Lib\site-packages\starlette\middleware\base.py", line 183, in __call__
  |     async with anyio.create_task_group() as task_group:
  |                ~~~~~~~~~~~~~~~~~~~~~~~^^
  |   File "C:\Users\Hugh\Python_venvs\workstation1_venv\Lib\site-packages\anyio\_backends\_asyncio.py", line 772, in __aexit__
  |     raise BaseExceptionGroup(
  |         "unhandled errors in a TaskGroup", self._exceptions
  |     ) from None
  | ExceptionGroup: unhandled errors in a TaskGroup (1 sub-exception)
  +-+---------------- 1 ----------------
    | Traceback (most recent call last):
    |   File "C:\Users\Hugh\Python_venvs\workstation1_venv\Lib\site-packages\starlette\middleware\errors.py", line 164, in __call__
    |     await self.app(scope, receive, _send)
    |   File "C:\Users\Hugh\Python_venvs\workstation1_venv\Lib\site-packages\starlette\middleware\base.py", line 182, in __call__
    |     with recv_stream, send_stream, collapse_excgroups():
    |                                    ~~~~~~~~~~~~~~~~~~^^
    |   File "C:\Users\Hugh\AppData\Local\Programs\Python\Python313\Lib\contextlib.py", line 162, in __exit__
    |     self.gen.throw(value)
    |     ~~~~~~~~~~~~~~^^^^^^^
    |   File "C:\Users\Hugh\Python_venvs\workstation1_venv\Lib\site-packages\starlette\_utils.py", line 83, in collapse_excgroups
    |     raise exc
    |   File "C:\Users\Hugh\Python_venvs\workstation1_venv\Lib\site-packages\starlette\middleware\base.py", line 184, in __call__
    |     response = await self.dispatch_func(request, call_next)
    |                ^^^^^^^^^^^^^^^^^^^^^^^^^^^^^^^^^^^^^^^^^^^^
    |   File "C:\Users\Hugh\Python_venvs\workstation1_venv\Lib\site-packages\nicegui\middlewares.py", line 23, in dispatch
    |     response = await call_next(request)
    |                ^^^^^^^^^^^^^^^^^^^^^^^^
    |   File "C:\Users\Hugh\Python_venvs\workstation1_venv\Lib\site-packages\starlette\middleware\base.py", line 159, in call_next
    |     raise app_exc
    |   File "C:\Users\Hugh\Python_venvs\workstation1_venv\Lib\site-packages\starlette\middleware\base.py", line 144, in coro
    |     await self.app(scope, receive_or_disconnect, send_no_error)
    |   File "C:\Users\Hugh\Python_venvs\workstation1_venv\Lib\site-packages\starlette\middleware\base.py", line 182, in __call__
    |     with recv_stream, send_stream, collapse_excgroups():
    |                                    ~~~~~~~~~~~~~~~~~~^^
    |   File "C:\Users\Hugh\AppData\Local\Programs\Python\Python313\Lib\contextlib.py", line 162, in __exit__
    |     self.gen.throw(value)
    |     ~~~~~~~~~~~~~~^^^^^^^
    |   File "C:\Users\Hugh\Python_venvs\workstation1_venv\Lib\site-packages\starlette\_utils.py", line 83, in collapse_excgroups
    |     raise exc
    |   File "C:\Users\Hugh\Python_venvs\workstation1_venv\Lib\site-packages\starlette\middleware\base.py", line 184, in __call__
    |     response = await self.dispatch_func(request, call_next)
    |                ^^^^^^^^^^^^^^^^^^^^^^^^^^^^^^^^^^^^^^^^^^^^
    |   File "C:\Users\Hugh\Python_venvs\workstation1_venv\Lib\site-packages\nicegui\middlewares.py", line 13, in dispatch
    |     response = await call_next(request)
    |                ^^^^^^^^^^^^^^^^^^^^^^^^
    |   File "C:\Users\Hugh\Python_venvs\workstation1_venv\Lib\site-packages\starlette\middleware\base.py", line 159, in call_next
    |     raise app_exc
    |   File "C:\Users\Hugh\Python_venvs\workstation1_venv\Lib\site-packages\starlette\middleware\base.py", line 144, in coro
    |     await self.app(scope, receive_or_disconnect, send_no_error)
    |   File "C:\Users\Hugh\Python_venvs\workstation1_venv\Lib\site-packages\starlette\middleware\gzip.py", line 29, in __call__
    |     await responder(scope, receive, send)
    |   File "C:\Users\Hugh\Python_venvs\workstation1_venv\Lib\site-packages\starlette\middleware\gzip.py", line 130, in __call__
    |     await super().__call__(scope, receive, send)
    |   File "C:\Users\Hugh\Python_venvs\workstation1_venv\Lib\site-packages\starlette\middleware\gzip.py", line 46, in __call__
    |     await self.app(scope, receive, self.send_with_compression)
    |   File "C:\Users\Hugh\Python_venvs\workstation1_venv\Lib\site-packages\starlette\middleware\exceptions.py", line 63, in __call__
    |     await wrap_app_handling_exceptions(self.app, conn)(scope, receive, send)
    |   File "C:\Users\Hugh\Python_venvs\workstation1_venv\Lib\site-packages\starlette\_exception_handler.py", line 53, in wrapped_app
    |     raise exc
    |   File "C:\Users\Hugh\Python_venvs\workstation1_venv\Lib\site-packages\starlette\_exception_handler.py", line 42, in wrapped_app
    |     await app(scope, receive, sender)
    |   File "C:\Users\Hugh\Python_venvs\workstation1_venv\Lib\site-packages\starlette\routing.py", line 716, in __call__
    |     await self.middleware_stack(scope, receive, send)
    |   File "C:\Users\Hugh\Python_venvs\workstation1_venv\Lib\site-packages\starlette\routing.py", line 736, in app
    |     await route.handle(scope, receive, send)
    |   File "C:\Users\Hugh\Python_venvs\workstation1_venv\Lib\site-packages\starlette\routing.py", line 290, in handle
    |     await self.app(scope, receive, send)
    |   File "C:\Users\Hugh\Python_venvs\workstation1_venv\Lib\site-packages\starlette\routing.py", line 78, in app
    |     await wrap_app_handling_exceptions(app, request)(scope, receive, send)
    |   File "C:\Users\Hugh\Python_venvs\workstation1_venv\Lib\site-packages\starlette\_exception_handler.py", line 53, in wrapped_app
    |     raise exc
    |   File "C:\Users\Hugh\Python_venvs\workstation1_venv\Lib\site-packages\starlette\_exception_handler.py", line 42, in wrapped_app
    |     await app(scope, receive, sender)
    |   File "C:\Users\Hugh\Python_venvs\workstation1_venv\Lib\site-packages\starlette\routing.py", line 75, in app
    |     response = await f(request)
    |                ^^^^^^^^^^^^^^^^
    |   File "C:\Users\Hugh\Python_venvs\workstation1_venv\Lib\site-packages\fastapi\routing.py", line 302, in app
    |     raw_response = await run_endpoint_function(
    |                    ^^^^^^^^^^^^^^^^^^^^^^^^^^^^
    |     ...<3 lines>...
    |     )
    |     ^
    |   File "C:\Users\Hugh\Python_venvs\workstation1_venv\Lib\site-packages\fastapi\routing.py", line 213, in run_endpoint_function
    |     return await dependant.call(**values)
    |            ^^^^^^^^^^^^^^^^^^^^^^^^^^^^^^
    |   File "C:\Users\Hugh\Python_venvs\workstation1_venv\Lib\site-packages\nicegui\page.py", line 148, in decorated
    |     return create_error_page(e, request)
    |   File "C:\Users\Hugh\Python_venvs\workstation1_venv\Lib\site-packages\nicegui\page.py", line 115, in create_error_page
    |     raise e
    |   File "C:\Users\Hugh\Python_venvs\workstation1_venv\Lib\site-packages\nicegui\page.py", line 146, in decorated
    |     result = func(*dec_args, **dec_kwargs)
    |   File "F:\VulcanConnect2025-09\frontend\pages\batch_drawings_export.py", line 29, in batch_drawings_export_page
    |     ui.button('EXPORT DRAWINGS', on_click=start_export_task).classes('mt-4')
    |                                           ^^^^^^^^^^^^^^^^^
    | UnboundLocalError: cannot access local variable 'start_export_task' where it is not associated with a value
    +------------------------------------

During handling of the above exception, another exception occurred:

Traceback (most recent call last):
  File "C:\Users\Hugh\Python_venvs\workstation1_venv\Lib\site-packages\starlette\middleware\errors.py", line 164, in __call__
    await self.app(scope, receive, _send)
  File "C:\Users\Hugh\Python_venvs\workstation1_venv\Lib\site-packages\starlette\middleware\base.py", line 182, in __call__
    with recv_stream, send_stream, collapse_excgroups():
                                   ~~~~~~~~~~~~~~~~~~^^
  File "C:\Users\Hugh\AppData\Local\Programs\Python\Python313\Lib\contextlib.py", line 162, in __exit__
    self.gen.throw(value)
    ~~~~~~~~~~~~~~^^^^^^^
  File "C:\Users\Hugh\Python_venvs\workstation1_venv\Lib\site-packages\starlette\_utils.py", line 83, in collapse_excgroups
    raise exc
  File "C:\Users\Hugh\Python_venvs\workstation1_venv\Lib\site-packages\starlette\middleware\base.py", line 184, in __call__
    response = await self.dispatch_func(request, call_next)
               ^^^^^^^^^^^^^^^^^^^^^^^^^^^^^^^^^^^^^^^^^^^^
  File "C:\Users\Hugh\Python_venvs\workstation1_venv\Lib\site-packages\nicegui\middlewares.py", line 23, in dispatch
    response = await call_next(request)
               ^^^^^^^^^^^^^^^^^^^^^^^^
  File "C:\Users\Hugh\Python_venvs\workstation1_venv\Lib\site-packages\starlette\middleware\base.py", line 159, in call_next
    raise app_exc
  File "C:\Users\Hugh\Python_venvs\workstation1_venv\Lib\site-packages\starlette\middleware\base.py", line 144, in coro
    await self.app(scope, receive_or_disconnect, send_no_error)
  File "C:\Users\Hugh\Python_venvs\workstation1_venv\Lib\site-packages\starlette\middleware\base.py", line 182, in __call__
    with recv_stream, send_stream, collapse_excgroups():
                                   ~~~~~~~~~~~~~~~~~~^^
  File "C:\Users\Hugh\AppData\Local\Programs\Python\Python313\Lib\contextlib.py", line 162, in __exit__
    self.gen.throw(value)
    ~~~~~~~~~~~~~~^^^^^^^
  File "C:\Users\Hugh\Python_venvs\workstation1_venv\Lib\site-packages\starlette\_utils.py", line 83, in collapse_excgroups
    raise exc
  File "C:\Users\Hugh\Python_venvs\workstation1_venv\Lib\site-packages\starlette\middleware\base.py", line 184, in __call__
    response = await self.dispatch_func(request, call_next)
               ^^^^^^^^^^^^^^^^^^^^^^^^^^^^^^^^^^^^^^^^^^^^
  File "C:\Users\Hugh\Python_venvs\workstation1_venv\Lib\site-packages\nicegui\middlewares.py", line 13, in dispatch
    response = await call_next(request)
               ^^^^^^^^^^^^^^^^^^^^^^^^
  File "C:\Users\Hugh\Python_venvs\workstation1_venv\Lib\site-packages\starlette\middleware\base.py", line 159, in call_next
    raise app_exc
  File "C:\Users\Hugh\Python_venvs\workstation1_venv\Lib\site-packages\starlette\middleware\base.py", line 144, in coro
    await self.app(scope, receive_or_disconnect, send_no_error)
  File "C:\Users\Hugh\Python_venvs\workstation1_venv\Lib\site-packages\starlette\middleware\gzip.py", line 29, in __call__
    await responder(scope, receive, send)
  File "C:\Users\Hugh\Python_venvs\workstation1_venv\Lib\site-packages\starlette\middleware\gzip.py", line 130, in __call__
    await super().__call__(scope, receive, send)
  File "C:\Users\Hugh\Python_venvs\workstation1_venv\Lib\site-packages\starlette\middleware\gzip.py", line 46, in __call__
    await self.app(scope, receive, self.send_with_compression)
  File "C:\Users\Hugh\Python_venvs\workstation1_venv\Lib\site-packages\starlette\middleware\exceptions.py", line 63, in __call__
    await wrap_app_handling_exceptions(self.app, conn)(scope, receive, send)
  File "C:\Users\Hugh\Python_venvs\workstation1_venv\Lib\site-packages\starlette\_exception_handler.py", line 53, in wrapped_app
    raise exc
  File "C:\Users\Hugh\Python_venvs\workstation1_venv\Lib\site-packages\starlette\_exception_handler.py", line 42, in wrapped_app
    await app(scope, receive, sender)
  File "C:\Users\Hugh\Python_venvs\workstation1_venv\Lib\site-packages\starlette\routing.py", line 716, in __call__
    await self.middleware_stack(scope, receive, send)
  File "C:\Users\Hugh\Python_venvs\workstation1_venv\Lib\site-packages\starlette\routing.py", line 736, in app
    await route.handle(scope, receive, send)
  File "C:\Users\Hugh\Python_venvs\workstation1_venv\Lib\site-packages\starlette\routing.py", line 290, in handle
    await self.app(scope, receive, send)
  File "C:\Users\Hugh\Python_venvs\workstation1_venv\Lib\site-packages\starlette\routing.py", line 78, in app
    await wrap_app_handling_exceptions(app, request)(scope, receive, send)
  File "C:\Users\Hugh\Python_venvs\workstation1_venv\Lib\site-packages\starlette\_exception_handler.py", line 53, in wrapped_app
    raise exc
  File "C:\Users\Hugh\Python_venvs\workstation1_venv\Lib\site-packages\starlette\_exception_handler.py", line 42, in wrapped_app
    await app(scope, receive, sender)
  File "C:\Users\Hugh\Python_venvs\workstation1_venv\Lib\site-packages\starlette\routing.py", line 75, in app
    response = await f(request)
               ^^^^^^^^^^^^^^^^
  File "C:\Users\Hugh\Python_venvs\workstation1_venv\Lib\site-packages\fastapi\routing.py", line 302, in app
    raw_response = await run_endpoint_function(
                   ^^^^^^^^^^^^^^^^^^^^^^^^^^^^
    ...<3 lines>...
    )
    ^
  File "C:\Users\Hugh\Python_venvs\workstation1_venv\Lib\site-packages\fastapi\routing.py", line 213, in run_endpoint_function
    return await dependant.call(**values)
           ^^^^^^^^^^^^^^^^^^^^^^^^^^^^^^
  File "C:\Users\Hugh\Python_venvs\workstation1_venv\Lib\site-packages\nicegui\page.py", line 148, in decorated
    return create_error_page(e, request)
  File "C:\Users\Hugh\Python_venvs\workstation1_venv\Lib\site-packages\nicegui\page.py", line 115, in create_error_page
    raise e
  File "C:\Users\Hugh\Python_venvs\workstation1_venv\Lib\site-packages\nicegui\page.py", line 146, in decorated
    result = func(*dec_args, **dec_kwargs)
  File "F:\VulcanConnect2025-09\frontend\pages\batch_drawings_export.py", line 29, in batch_drawings_export_page
    ui.button('EXPORT DRAWINGS', on_click=start_export_task).classes('mt-4')
                                          ^^^^^^^^^^^^^^^^^
UnboundLocalError: cannot access local variable 'start_export_task' where it is not associated with a value
ERROR:nicegui:cannot access local variable 'start_export_task' where it is not associated with a value
  + Exception Group Traceback (most recent call last):
  |   File "C:\Users\Hugh\Python_venvs\workstation1_venv\Lib\site-packages\starlette\_utils.py", line 77, in collapse_excgroups
  |     yield
  |   File "C:\Users\Hugh\Python_venvs\workstation1_venv\Lib\site-packages\starlette\middleware\base.py", line 183, in __call__
  |     async with anyio.create_task_group() as task_group:
  |                ~~~~~~~~~~~~~~~~~~~~~~~^^
  |   File "C:\Users\Hugh\Python_venvs\workstation1_venv\Lib\site-packages\anyio\_backends\_asyncio.py", line 772, in __aexit__
  |     raise BaseExceptionGroup(
  |         "unhandled errors in a TaskGroup", self._exceptions
  |     ) from None
  | ExceptionGroup: unhandled errors in a TaskGroup (1 sub-exception)
  +-+---------------- 1 ----------------
    | Traceback (most recent call last):
    |   File "C:\Users\Hugh\Python_venvs\workstation1_venv\Lib\site-packages\starlette\middleware\errors.py", line 164, in __call__
    |     await self.app(scope, receive, _send)
    |   File "C:\Users\Hugh\Python_venvs\workstation1_venv\Lib\site-packages\starlette\middleware\base.py", line 182, in __call__
    |     with recv_stream, send_stream, collapse_excgroups():
    |                                    ~~~~~~~~~~~~~~~~~~^^
    |   File "C:\Users\Hugh\AppData\Local\Programs\Python\Python313\Lib\contextlib.py", line 162, in __exit__
    |     self.gen.throw(value)
    |     ~~~~~~~~~~~~~~^^^^^^^
    |   File "C:\Users\Hugh\Python_venvs\workstation1_venv\Lib\site-packages\starlette\_utils.py", line 83, in collapse_excgroups
    |     raise exc
    |   File "C:\Users\Hugh\Python_venvs\workstation1_venv\Lib\site-packages\starlette\middleware\base.py", line 184, in __call__
    |     response = await self.dispatch_func(request, call_next)
    |                ^^^^^^^^^^^^^^^^^^^^^^^^^^^^^^^^^^^^^^^^^^^^
    |   File "C:\Users\Hugh\Python_venvs\workstation1_venv\Lib\site-packages\nicegui\middlewares.py", line 23, in dispatch
    |     response = await call_next(request)
    |                ^^^^^^^^^^^^^^^^^^^^^^^^
    |   File "C:\Users\Hugh\Python_venvs\workstation1_venv\Lib\site-packages\starlette\middleware\base.py", line 159, in call_next
    |     raise app_exc
    |   File "C:\Users\Hugh\Python_venvs\workstation1_venv\Lib\site-packages\starlette\middleware\base.py", line 144, in coro
    |     await self.app(scope, receive_or_disconnect, send_no_error)
    |   File "C:\Users\Hugh\Python_venvs\workstation1_venv\Lib\site-packages\starlette\middleware\base.py", line 182, in __call__
    |     with recv_stream, send_stream, collapse_excgroups():
    |                                    ~~~~~~~~~~~~~~~~~~^^
    |   File "C:\Users\Hugh\AppData\Local\Programs\Python\Python313\Lib\contextlib.py", line 162, in __exit__
    |     self.gen.throw(value)
    |     ~~~~~~~~~~~~~~^^^^^^^
    |   File "C:\Users\Hugh\Python_venvs\workstation1_venv\Lib\site-packages\starlette\_utils.py", line 83, in collapse_excgroups
    |     raise exc
    |   File "C:\Users\Hugh\Python_venvs\workstation1_venv\Lib\site-packages\starlette\middleware\base.py", line 184, in __call__
    |     response = await self.dispatch_func(request, call_next)
    |                ^^^^^^^^^^^^^^^^^^^^^^^^^^^^^^^^^^^^^^^^^^^^
    |   File "C:\Users\Hugh\Python_venvs\workstation1_venv\Lib\site-packages\nicegui\middlewares.py", line 13, in dispatch
    |     response = await call_next(request)
    |                ^^^^^^^^^^^^^^^^^^^^^^^^
    |   File "C:\Users\Hugh\Python_venvs\workstation1_venv\Lib\site-packages\starlette\middleware\base.py", line 159, in call_next
    |     raise app_exc
    |   File "C:\Users\Hugh\Python_venvs\workstation1_venv\Lib\site-packages\starlette\middleware\base.py", line 144, in coro
    |     await self.app(scope, receive_or_disconnect, send_no_error)
    |   File "C:\Users\Hugh\Python_venvs\workstation1_venv\Lib\site-packages\starlette\middleware\gzip.py", line 29, in __call__
    |     await responder(scope, receive, send)
    |   File "C:\Users\Hugh\Python_venvs\workstation1_venv\Lib\site-packages\starlette\middleware\gzip.py", line 130, in __call__
    |     await super().__call__(scope, receive, send)
    |   File "C:\Users\Hugh\Python_venvs\workstation1_venv\Lib\site-packages\starlette\middleware\gzip.py", line 46, in __call__
    |     await self.app(scope, receive, self.send_with_compression)
    |   File "C:\Users\Hugh\Python_venvs\workstation1_venv\Lib\site-packages\starlette\middleware\exceptions.py", line 63, in __call__
    |     await wrap_app_handling_exceptions(self.app, conn)(scope, receive, send)
    |   File "C:\Users\Hugh\Python_venvs\workstation1_venv\Lib\site-packages\starlette\_exception_handler.py", line 53, in wrapped_app
    |     raise exc
    |   File "C:\Users\Hugh\Python_venvs\workstation1_venv\Lib\site-packages\starlette\_exception_handler.py", line 42, in wrapped_app
    |     await app(scope, receive, sender)
    |   File "C:\Users\Hugh\Python_venvs\workstation1_venv\Lib\site-packages\starlette\routing.py", line 716, in __call__
    |     await self.middleware_stack(scope, receive, send)
    |   File "C:\Users\Hugh\Python_venvs\workstation1_venv\Lib\site-packages\starlette\routing.py", line 736, in app
    |     await route.handle(scope, receive, send)
    |   File "C:\Users\Hugh\Python_venvs\workstation1_venv\Lib\site-packages\starlette\routing.py", line 290, in handle
    |     await self.app(scope, receive, send)
    |   File "C:\Users\Hugh\Python_venvs\workstation1_venv\Lib\site-packages\starlette\routing.py", line 78, in app
    |     await wrap_app_handling_exceptions(app, request)(scope, receive, send)
    |   File "C:\Users\Hugh\Python_venvs\workstation1_venv\Lib\site-packages\starlette\_exception_handler.py", line 53, in wrapped_app
    |     raise exc
    |   File "C:\Users\Hugh\Python_venvs\workstation1_venv\Lib\site-packages\starlette\_exception_handler.py", line 42, in wrapped_app
    |     await app(scope, receive, sender)
    |   File "C:\Users\Hugh\Python_venvs\workstation1_venv\Lib\site-packages\starlette\routing.py", line 75, in app
    |     response = await f(request)
    |                ^^^^^^^^^^^^^^^^
    |   File "C:\Users\Hugh\Python_venvs\workstation1_venv\Lib\site-packages\fastapi\routing.py", line 302, in app
    |     raw_response = await run_endpoint_function(
    |                    ^^^^^^^^^^^^^^^^^^^^^^^^^^^^
    |     ...<3 lines>...
    |     )
    |     ^
    |   File "C:\Users\Hugh\Python_venvs\workstation1_venv\Lib\site-packages\fastapi\routing.py", line 213, in run_endpoint_function
    |     return await dependant.call(**values)
    |            ^^^^^^^^^^^^^^^^^^^^^^^^^^^^^^
    |   File "C:\Users\Hugh\Python_venvs\workstation1_venv\Lib\site-packages\nicegui\page.py", line 148, in decorated
    |     return create_error_page(e, request)
    |   File "C:\Users\Hugh\Python_venvs\workstation1_venv\Lib\site-packages\nicegui\page.py", line 115, in create_error_page
    |     raise e
    |   File "C:\Users\Hugh\Python_venvs\workstation1_venv\Lib\site-packages\nicegui\page.py", line 146, in decorated
    |     result = func(*dec_args, **dec_kwargs)
    |   File "F:\VulcanConnect2025-09\frontend\pages\batch_drawings_export.py", line 29, in batch_drawings_export_page
    |     ui.button('EXPORT DRAWINGS', on_click=start_export_task).classes('mt-4')
    |                                           ^^^^^^^^^^^^^^^^^
    | UnboundLocalError: cannot access local variable 'start_export_task' where it is not associated with a value
    +------------------------------------

During handling of the above exception, another exception occurred:

Traceback (most recent call last):
  File "C:\Users\Hugh\Python_venvs\workstation1_venv\Lib\site-packages\starlette\middleware\errors.py", line 164, in __call__
    await self.app(scope, receive, _send)
  File "C:\Users\Hugh\Python_venvs\workstation1_venv\Lib\site-packages\starlette\middleware\base.py", line 182, in __call__
    with recv_stream, send_stream, collapse_excgroups():
                                   ~~~~~~~~~~~~~~~~~~^^
  File "C:\Users\Hugh\AppData\Local\Programs\Python\Python313\Lib\contextlib.py", line 162, in __exit__
    self.gen.throw(value)
    ~~~~~~~~~~~~~~^^^^^^^
  File "C:\Users\Hugh\Python_venvs\workstation1_venv\Lib\site-packages\starlette\_utils.py", line 83, in collapse_excgroups
    raise exc
  File "C:\Users\Hugh\Python_venvs\workstation1_venv\Lib\site-packages\starlette\middleware\base.py", line 184, in __call__
    response = await self.dispatch_func(request, call_next)
               ^^^^^^^^^^^^^^^^^^^^^^^^^^^^^^^^^^^^^^^^^^^^
  File "C:\Users\Hugh\Python_venvs\workstation1_venv\Lib\site-packages\nicegui\middlewares.py", line 23, in dispatch
    response = await call_next(request)
               ^^^^^^^^^^^^^^^^^^^^^^^^
  File "C:\Users\Hugh\Python_venvs\workstation1_venv\Lib\site-packages\starlette\middleware\base.py", line 159, in call_next
    raise app_exc
  File "C:\Users\Hugh\Python_venvs\workstation1_venv\Lib\site-packages\starlette\middleware\base.py", line 144, in coro
    await self.app(scope, receive_or_disconnect, send_no_error)
  File "C:\Users\Hugh\Python_venvs\workstation1_venv\Lib\site-packages\starlette\middleware\base.py", line 182, in __call__
    with recv_stream, send_stream, collapse_excgroups():
                                   ~~~~~~~~~~~~~~~~~~^^
  File "C:\Users\Hugh\AppData\Local\Programs\Python\Python313\Lib\contextlib.py", line 162, in __exit__
    self.gen.throw(value)
    ~~~~~~~~~~~~~~^^^^^^^
  File "C:\Users\Hugh\Python_venvs\workstation1_venv\Lib\site-packages\starlette\_utils.py", line 83, in collapse_excgroups
    raise exc
  File "C:\Users\Hugh\Python_venvs\workstation1_venv\Lib\site-packages\starlette\middleware\base.py", line 184, in __call__
    response = await self.dispatch_func(request, call_next)
               ^^^^^^^^^^^^^^^^^^^^^^^^^^^^^^^^^^^^^^^^^^^^
  File "C:\Users\Hugh\Python_venvs\workstation1_venv\Lib\site-packages\nicegui\middlewares.py", line 13, in dispatch
    response = await call_next(request)
               ^^^^^^^^^^^^^^^^^^^^^^^^
  File "C:\Users\Hugh\Python_venvs\workstation1_venv\Lib\site-packages\starlette\middleware\base.py", line 159, in call_next
    raise app_exc
  File "C:\Users\Hugh\Python_venvs\workstation1_venv\Lib\site-packages\starlette\middleware\base.py", line 144, in coro
    await self.app(scope, receive_or_disconnect, send_no_error)
  File "C:\Users\Hugh\Python_venvs\workstation1_venv\Lib\site-packages\starlette\middleware\gzip.py", line 29, in __call__
    await responder(scope, receive, send)
  File "C:\Users\Hugh\Python_venvs\workstation1_venv\Lib\site-packages\starlette\middleware\gzip.py", line 130, in __call__
    await super().__call__(scope, receive, send)
  File "C:\Users\Hugh\Python_venvs\workstation1_venv\Lib\site-packages\starlette\middleware\gzip.py", line 46, in __call__
    await self.app(scope, receive, self.send_with_compression)
  File "C:\Users\Hugh\Python_venvs\workstation1_venv\Lib\site-packages\starlette\middleware\exceptions.py", line 63, in __call__
    await wrap_app_handling_exceptions(self.app, conn)(scope, receive, send)
  File "C:\Users\Hugh\Python_venvs\workstation1_venv\Lib\site-packages\starlette\_exception_handler.py", line 53, in wrapped_app
    raise exc
  File "C:\Users\Hugh\Python_venvs\workstation1_venv\Lib\site-packages\starlette\_exception_handler.py", line 42, in wrapped_app
    await app(scope, receive, sender)
  File "C:\Users\Hugh\Python_venvs\workstation1_venv\Lib\site-packages\starlette\routing.py", line 716, in __call__
    await self.middleware_stack(scope, receive, send)
  File "C:\Users\Hugh\Python_venvs\workstation1_venv\Lib\site-packages\starlette\routing.py", line 736, in app
    await route.handle(scope, receive, send)
  File "C:\Users\Hugh\Python_venvs\workstation1_venv\Lib\site-packages\starlette\routing.py", line 290, in handle
    await self.app(scope, receive, send)
  File "C:\Users\Hugh\Python_venvs\workstation1_venv\Lib\site-packages\starlette\routing.py", line 78, in app
    await wrap_app_handling_exceptions(app, request)(scope, receive, send)
  File "C:\Users\Hugh\Python_venvs\workstation1_venv\Lib\site-packages\starlette\_exception_handler.py", line 53, in wrapped_app
    raise exc
  File "C:\Users\Hugh\Python_venvs\workstation1_venv\Lib\site-packages\starlette\_exception_handler.py", line 42, in wrapped_app
    await app(scope, receive, sender)
  File "C:\Users\Hugh\Python_venvs\workstation1_venv\Lib\site-packages\starlette\routing.py", line 75, in app
    response = await f(request)
               ^^^^^^^^^^^^^^^^
  File "C:\Users\Hugh\Python_venvs\workstation1_venv\Lib\site-packages\fastapi\routing.py", line 302, in app
    raw_response = await run_endpoint_function(
                   ^^^^^^^^^^^^^^^^^^^^^^^^^^^^
    ...<3 lines>...
    )
    ^
  File "C:\Users\Hugh\Python_venvs\workstation1_venv\Lib\site-packages\fastapi\routing.py", line 213, in run_endpoint_function
    return await dependant.call(**values)
           ^^^^^^^^^^^^^^^^^^^^^^^^^^^^^^
  File "C:\Users\Hugh\Python_venvs\workstation1_venv\Lib\site-packages\nicegui\page.py", line 148, in decorated
    return create_error_page(e, request)
  File "C:\Users\Hugh\Python_venvs\workstation1_venv\Lib\site-packages\nicegui\page.py", line 115, in create_error_page
    raise e
  File "C:\Users\Hugh\Python_venvs\workstation1_venv\Lib\site-packages\nicegui\page.py", line 146, in decorated
    result = func(*dec_args, **dec_kwargs)
  File "F:\VulcanConnect2025-09\frontend\pages\batch_drawings_export.py", line 29, in batch_drawings_export_page
    ui.button('EXPORT DRAWINGS', on_click=start_export_task).classes('mt-4')
                                          ^^^^^^^^^^^^^^^^^
UnboundLocalError: cannot access local variable 'start_export_task' where it is not associated with a value
ERROR:nicegui:cannot access local variable 'start_export_task' where it is not associated with a value
  + Exception Group Traceback (most recent call last):
  |   File "C:\Users\Hugh\Python_venvs\workstation1_venv\Lib\site-packages\starlette\_utils.py", line 77, in collapse_excgroups
  |     yield
  |   File "C:\Users\Hugh\Python_venvs\workstation1_venv\Lib\site-packages\starlette\middleware\base.py", line 183, in __call__
  |     async with anyio.create_task_group() as task_group:
  |                ~~~~~~~~~~~~~~~~~~~~~~~^^
  |   File "C:\Users\Hugh\Python_venvs\workstation1_venv\Lib\site-packages\anyio\_backends\_asyncio.py", line 772, in __aexit__
  |     raise BaseExceptionGroup(
  |         "unhandled errors in a TaskGroup", self._exceptions
  |     ) from None
  | ExceptionGroup: unhandled errors in a TaskGroup (1 sub-exception)
  +-+---------------- 1 ----------------
    | Traceback (most recent call last):
    |   File "C:\Users\Hugh\Python_venvs\workstation1_venv\Lib\site-packages\starlette\middleware\errors.py", line 164, in __call__
    |     await self.app(scope, receive, _send)
    |   File "C:\Users\Hugh\Python_venvs\workstation1_venv\Lib\site-packages\starlette\middleware\base.py", line 182, in __call__
    |     with recv_stream, send_stream, collapse_excgroups():
    |                                    ~~~~~~~~~~~~~~~~~~^^
    |   File "C:\Users\Hugh\AppData\Local\Programs\Python\Python313\Lib\contextlib.py", line 162, in __exit__
    |     self.gen.throw(value)
    |     ~~~~~~~~~~~~~~^^^^^^^
    |   File "C:\Users\Hugh\Python_venvs\workstation1_venv\Lib\site-packages\starlette\_utils.py", line 83, in collapse_excgroups
    |     raise exc
    |   File "C:\Users\Hugh\Python_venvs\workstation1_venv\Lib\site-packages\starlette\middleware\base.py", line 184, in __call__
    |     response = await self.dispatch_func(request, call_next)
    |                ^^^^^^^^^^^^^^^^^^^^^^^^^^^^^^^^^^^^^^^^^^^^
    |   File "C:\Users\Hugh\Python_venvs\workstation1_venv\Lib\site-packages\nicegui\middlewares.py", line 23, in dispatch
    |     response = await call_next(request)
    |                ^^^^^^^^^^^^^^^^^^^^^^^^
    |   File "C:\Users\Hugh\Python_venvs\workstation1_venv\Lib\site-packages\starlette\middleware\base.py", line 159, in call_next
    |     raise app_exc
    |   File "C:\Users\Hugh\Python_venvs\workstation1_venv\Lib\site-packages\starlette\middleware\base.py", line 144, in coro
    |     await self.app(scope, receive_or_disconnect, send_no_error)
    |   File "C:\Users\Hugh\Python_venvs\workstation1_venv\Lib\site-packages\starlette\middleware\base.py", line 182, in __call__
    |     with recv_stream, send_stream, collapse_excgroups():
    |                                    ~~~~~~~~~~~~~~~~~~^^
    |   File "C:\Users\Hugh\AppData\Local\Programs\Python\Python313\Lib\contextlib.py", line 162, in __exit__
    |     self.gen.throw(value)
    |     ~~~~~~~~~~~~~~^^^^^^^
    |   File "C:\Users\Hugh\Python_venvs\workstation1_venv\Lib\site-packages\starlette\_utils.py", line 83, in collapse_excgroups
    |     raise exc
    |   File "C:\Users\Hugh\Python_venvs\workstation1_venv\Lib\site-packages\starlette\middleware\base.py", line 184, in __call__
    |     response = await self.dispatch_func(request, call_next)
    |                ^^^^^^^^^^^^^^^^^^^^^^^^^^^^^^^^^^^^^^^^^^^^
    |   File "C:\Users\Hugh\Python_venvs\workstation1_venv\Lib\site-packages\nicegui\middlewares.py", line 13, in dispatch
    |     response = await call_next(request)
    |                ^^^^^^^^^^^^^^^^^^^^^^^^
    |   File "C:\Users\Hugh\Python_venvs\workstation1_venv\Lib\site-packages\starlette\middleware\base.py", line 159, in call_next
    |     raise app_exc
    |   File "C:\Users\Hugh\Python_venvs\workstation1_venv\Lib\site-packages\starlette\middleware\base.py", line 144, in coro
    |     await self.app(scope, receive_or_disconnect, send_no_error)
    |   File "C:\Users\Hugh\Python_venvs\workstation1_venv\Lib\site-packages\starlette\middleware\gzip.py", line 29, in __call__
    |     await responder(scope, receive, send)
    |   File "C:\Users\Hugh\Python_venvs\workstation1_venv\Lib\site-packages\starlette\middleware\gzip.py", line 130, in __call__
    |     await super().__call__(scope, receive, send)
    |   File "C:\Users\Hugh\Python_venvs\workstation1_venv\Lib\site-packages\starlette\middleware\gzip.py", line 46, in __call__
    |     await self.app(scope, receive, self.send_with_compression)
    |   File "C:\Users\Hugh\Python_venvs\workstation1_venv\Lib\site-packages\starlette\middleware\exceptions.py", line 63, in __call__
    |     await wrap_app_handling_exceptions(self.app, conn)(scope, receive, send)
    |   File "C:\Users\Hugh\Python_venvs\workstation1_venv\Lib\site-packages\starlette\_exception_handler.py", line 53, in wrapped_app
    |     raise exc
    |   File "C:\Users\Hugh\Python_venvs\workstation1_venv\Lib\site-packages\starlette\_exception_handler.py", line 42, in wrapped_app
    |     await app(scope, receive, sender)
    |   File "C:\Users\Hugh\Python_venvs\workstation1_venv\Lib\site-packages\starlette\routing.py", line 716, in __call__
    |     await self.middleware_stack(scope, receive, send)
    |   File "C:\Users\Hugh\Python_venvs\workstation1_venv\Lib\site-packages\starlette\routing.py", line 736, in app
    |     await route.handle(scope, receive, send)
    |   File "C:\Users\Hugh\Python_venvs\workstation1_venv\Lib\site-packages\starlette\routing.py", line 290, in handle
    |     await self.app(scope, receive, send)
    |   File "C:\Users\Hugh\Python_venvs\workstation1_venv\Lib\site-packages\starlette\routing.py", line 78, in app
    |     await wrap_app_handling_exceptions(app, request)(scope, receive, send)
    |   File "C:\Users\Hugh\Python_venvs\workstation1_venv\Lib\site-packages\starlette\_exception_handler.py", line 53, in wrapped_app
    |     raise exc
    |   File "C:\Users\Hugh\Python_venvs\workstation1_venv\Lib\site-packages\starlette\_exception_handler.py", line 42, in wrapped_app
    |     await app(scope, receive, sender)
    |   File "C:\Users\Hugh\Python_venvs\workstation1_venv\Lib\site-packages\starlette\routing.py", line 75, in app
    |     response = await f(request)
    |                ^^^^^^^^^^^^^^^^
    |   File "C:\Users\Hugh\Python_venvs\workstation1_venv\Lib\site-packages\fastapi\routing.py", line 302, in app
    |     raw_response = await run_endpoint_function(
    |                    ^^^^^^^^^^^^^^^^^^^^^^^^^^^^
    |     ...<3 lines>...
    |     )
    |     ^
    |   File "C:\Users\Hugh\Python_venvs\workstation1_venv\Lib\site-packages\fastapi\routing.py", line 213, in run_endpoint_function
    |     return await dependant.call(**values)
    |            ^^^^^^^^^^^^^^^^^^^^^^^^^^^^^^
    |   File "C:\Users\Hugh\Python_venvs\workstation1_venv\Lib\site-packages\nicegui\page.py", line 148, in decorated
    |     return create_error_page(e, request)
    |   File "C:\Users\Hugh\Python_venvs\workstation1_venv\Lib\site-packages\nicegui\page.py", line 115, in create_error_page
    |     raise e
    |   File "C:\Users\Hugh\Python_venvs\workstation1_venv\Lib\site-packages\nicegui\page.py", line 146, in decorated
    |     result = func(*dec_args, **dec_kwargs)
    |   File "F:\VulcanConnect2025-09\frontend\pages\batch_drawings_export.py", line 29, in batch_drawings_export_page
    |     ui.button('EXPORT DRAWINGS', on_click=start_export_task).classes('mt-4')
    |                                           ^^^^^^^^^^^^^^^^^
    | UnboundLocalError: cannot access local variable 'start_export_task' where it is not associated with a value
    +------------------------------------

During handling of the above exception, another exception occurred:

Traceback (most recent call last):
  File "C:\Users\Hugh\Python_venvs\workstation1_venv\Lib\site-packages\starlette\middleware\errors.py", line 164, in __call__
    await self.app(scope, receive, _send)
  File "C:\Users\Hugh\Python_venvs\workstation1_venv\Lib\site-packages\starlette\middleware\base.py", line 182, in __call__
    with recv_stream, send_stream, collapse_excgroups():
                                   ~~~~~~~~~~~~~~~~~~^^
  File "C:\Users\Hugh\AppData\Local\Programs\Python\Python313\Lib\contextlib.py", line 162, in __exit__
    self.gen.throw(value)
    ~~~~~~~~~~~~~~^^^^^^^
  File "C:\Users\Hugh\Python_venvs\workstation1_venv\Lib\site-packages\starlette\_utils.py", line 83, in collapse_excgroups
    raise exc
  File "C:\Users\Hugh\Python_venvs\workstation1_venv\Lib\site-packages\starlette\middleware\base.py", line 184, in __call__
    response = await self.dispatch_func(request, call_next)
               ^^^^^^^^^^^^^^^^^^^^^^^^^^^^^^^^^^^^^^^^^^^^
  File "C:\Users\Hugh\Python_venvs\workstation1_venv\Lib\site-packages\nicegui\middlewares.py", line 23, in dispatch
    response = await call_next(request)
               ^^^^^^^^^^^^^^^^^^^^^^^^
  File "C:\Users\Hugh\Python_venvs\workstation1_venv\Lib\site-packages\starlette\middleware\base.py", line 159, in call_next
    raise app_exc
  File "C:\Users\Hugh\Python_venvs\workstation1_venv\Lib\site-packages\starlette\middleware\base.py", line 144, in coro
    await self.app(scope, receive_or_disconnect, send_no_error)
  File "C:\Users\Hugh\Python_venvs\workstation1_venv\Lib\site-packages\starlette\middleware\base.py", line 182, in __call__
    with recv_stream, send_stream, collapse_excgroups():
                                   ~~~~~~~~~~~~~~~~~~^^
  File "C:\Users\Hugh\AppData\Local\Programs\Python\Python313\Lib\contextlib.py", line 162, in __exit__
    self.gen.throw(value)
    ~~~~~~~~~~~~~~^^^^^^^
  File "C:\Users\Hugh\Python_venvs\workstation1_venv\Lib\site-packages\starlette\_utils.py", line 83, in collapse_excgroups
    raise exc
  File "C:\Users\Hugh\Python_venvs\workstation1_venv\Lib\site-packages\starlette\middleware\base.py", line 184, in __call__
    response = await self.dispatch_func(request, call_next)
               ^^^^^^^^^^^^^^^^^^^^^^^^^^^^^^^^^^^^^^^^^^^^
  File "C:\Users\Hugh\Python_venvs\workstation1_venv\Lib\site-packages\nicegui\middlewares.py", line 13, in dispatch
    response = await call_next(request)
               ^^^^^^^^^^^^^^^^^^^^^^^^
  File "C:\Users\Hugh\Python_venvs\workstation1_venv\Lib\site-packages\starlette\middleware\base.py", line 159, in call_next
    raise app_exc
  File "C:\Users\Hugh\Python_venvs\workstation1_venv\Lib\site-packages\starlette\middleware\base.py", line 144, in coro
    await self.app(scope, receive_or_disconnect, send_no_error)
  File "C:\Users\Hugh\Python_venvs\workstation1_venv\Lib\site-packages\starlette\middleware\gzip.py", line 29, in __call__
    await responder(scope, receive, send)
  File "C:\Users\Hugh\Python_venvs\workstation1_venv\Lib\site-packages\starlette\middleware\gzip.py", line 130, in __call__
    await super().__call__(scope, receive, send)
  File "C:\Users\Hugh\Python_venvs\workstation1_venv\Lib\site-packages\starlette\middleware\gzip.py", line 46, in __call__
    await self.app(scope, receive, self.send_with_compression)
  File "C:\Users\Hugh\Python_venvs\workstation1_venv\Lib\site-packages\starlette\middleware\exceptions.py", line 63, in __call__
    await wrap_app_handling_exceptions(self.app, conn)(scope, receive, send)
  File "C:\Users\Hugh\Python_venvs\workstation1_venv\Lib\site-packages\starlette\_exception_handler.py", line 53, in wrapped_app
    raise exc
  File "C:\Users\Hugh\Python_venvs\workstation1_venv\Lib\site-packages\starlette\_exception_handler.py", line 42, in wrapped_app
    await app(scope, receive, sender)
  File "C:\Users\Hugh\Python_venvs\workstation1_venv\Lib\site-packages\starlette\routing.py", line 716, in __call__
    await self.middleware_stack(scope, receive, send)
  File "C:\Users\Hugh\Python_venvs\workstation1_venv\Lib\site-packages\starlette\routing.py", line 736, in app
    await route.handle(scope, receive, send)
  File "C:\Users\Hugh\Python_venvs\workstation1_venv\Lib\site-packages\starlette\routing.py", line 290, in handle
    await self.app(scope, receive, send)
  File "C:\Users\Hugh\Python_venvs\workstation1_venv\Lib\site-packages\starlette\routing.py", line 78, in app
    await wrap_app_handling_exceptions(app, request)(scope, receive, send)
  File "C:\Users\Hugh\Python_venvs\workstation1_venv\Lib\site-packages\starlette\_exception_handler.py", line 53, in wrapped_app
    raise exc
  File "C:\Users\Hugh\Python_venvs\workstation1_venv\Lib\site-packages\starlette\_exception_handler.py", line 42, in wrapped_app
    await app(scope, receive, sender)
  File "C:\Users\Hugh\Python_venvs\workstation1_venv\Lib\site-packages\starlette\routing.py", line 75, in app
    response = await f(request)
               ^^^^^^^^^^^^^^^^
  File "C:\Users\Hugh\Python_venvs\workstation1_venv\Lib\site-packages\fastapi\routing.py", line 302, in app
    raw_response = await run_endpoint_function(
                   ^^^^^^^^^^^^^^^^^^^^^^^^^^^^
    ...<3 lines>...
    )
    ^
  File "C:\Users\Hugh\Python_venvs\workstation1_venv\Lib\site-packages\fastapi\routing.py", line 213, in run_endpoint_function
    return await dependant.call(**values)
           ^^^^^^^^^^^^^^^^^^^^^^^^^^^^^^
  File "C:\Users\Hugh\Python_venvs\workstation1_venv\Lib\site-packages\nicegui\page.py", line 148, in decorated
    return create_error_page(e, request)
  File "C:\Users\Hugh\Python_venvs\workstation1_venv\Lib\site-packages\nicegui\page.py", line 115, in create_error_page
    raise e
  File "C:\Users\Hugh\Python_venvs\workstation1_venv\Lib\site-packages\nicegui\page.py", line 146, in decorated
    result = func(*dec_args, **dec_kwargs)
  File "F:\VulcanConnect2025-09\frontend\pages\batch_drawings_export.py", line 29, in batch_drawings_export_page
    ui.button('EXPORT DRAWINGS', on_click=start_export_task).classes('mt-4')
                                          ^^^^^^^^^^^^^^^^^
UnboundLocalError: cannot access local variable 'start_export_task' where it is not associated with a value
ERROR:nicegui:cannot access local variable 'start_export_task' where it is not associated with a value
  + Exception Group Traceback (most recent call last):
  |   File "C:\Users\Hugh\Python_venvs\workstation1_venv\Lib\site-packages\starlette\_utils.py", line 77, in collapse_excgroups
  |     yield
  |   File "C:\Users\Hugh\Python_venvs\workstation1_venv\Lib\site-packages\starlette\middleware\base.py", line 183, in __call__
  |     async with anyio.create_task_group() as task_group:
  |                ~~~~~~~~~~~~~~~~~~~~~~~^^
  |   File "C:\Users\Hugh\Python_venvs\workstation1_venv\Lib\site-packages\anyio\_backends\_asyncio.py", line 772, in __aexit__
  |     raise BaseExceptionGroup(
  |         "unhandled errors in a TaskGroup", self._exceptions
  |     ) from None
  | ExceptionGroup: unhandled errors in a TaskGroup (1 sub-exception)
  +-+---------------- 1 ----------------
    | Traceback (most recent call last):
    |   File "C:\Users\Hugh\Python_venvs\workstation1_venv\Lib\site-packages\starlette\middleware\errors.py", line 164, in __call__
    |     await self.app(scope, receive, _send)
    |   File "C:\Users\Hugh\Python_venvs\workstation1_venv\Lib\site-packages\starlette\middleware\base.py", line 182, in __call__
    |     with recv_stream, send_stream, collapse_excgroups():
    |                                    ~~~~~~~~~~~~~~~~~~^^
    |   File "C:\Users\Hugh\AppData\Local\Programs\Python\Python313\Lib\contextlib.py", line 162, in __exit__
    |     self.gen.throw(value)
    |     ~~~~~~~~~~~~~~^^^^^^^
    |   File "C:\Users\Hugh\Python_venvs\workstation1_venv\Lib\site-packages\starlette\_utils.py", line 83, in collapse_excgroups
    |     raise exc
    |   File "C:\Users\Hugh\Python_venvs\workstation1_venv\Lib\site-packages\starlette\middleware\base.py", line 184, in __call__
    |     response = await self.dispatch_func(request, call_next)
    |                ^^^^^^^^^^^^^^^^^^^^^^^^^^^^^^^^^^^^^^^^^^^^
    |   File "C:\Users\Hugh\Python_venvs\workstation1_venv\Lib\site-packages\nicegui\middlewares.py", line 23, in dispatch
    |     response = await call_next(request)
    |                ^^^^^^^^^^^^^^^^^^^^^^^^
    |   File "C:\Users\Hugh\Python_venvs\workstation1_venv\Lib\site-packages\starlette\middleware\base.py", line 159, in call_next
    |     raise app_exc
    |   File "C:\Users\Hugh\Python_venvs\workstation1_venv\Lib\site-packages\starlette\middleware\base.py", line 144, in coro
    |     await self.app(scope, receive_or_disconnect, send_no_error)
    |   File "C:\Users\Hugh\Python_venvs\workstation1_venv\Lib\site-packages\starlette\middleware\base.py", line 182, in __call__
    |     with recv_stream, send_stream, collapse_excgroups():
    |                                    ~~~~~~~~~~~~~~~~~~^^
    |   File "C:\Users\Hugh\AppData\Local\Programs\Python\Python313\Lib\contextlib.py", line 162, in __exit__
    |     self.gen.throw(value)
    |     ~~~~~~~~~~~~~~^^^^^^^
    |   File "C:\Users\Hugh\Python_venvs\workstation1_venv\Lib\site-packages\starlette\_utils.py", line 83, in collapse_excgroups
    |     raise exc
    |   File "C:\Users\Hugh\Python_venvs\workstation1_venv\Lib\site-packages\starlette\middleware\base.py", line 184, in __call__
    |     response = await self.dispatch_func(request, call_next)
    |                ^^^^^^^^^^^^^^^^^^^^^^^^^^^^^^^^^^^^^^^^^^^^
    |   File "C:\Users\Hugh\Python_venvs\workstation1_venv\Lib\site-packages\nicegui\middlewares.py", line 13, in dispatch
    |     response = await call_next(request)
    |                ^^^^^^^^^^^^^^^^^^^^^^^^
    |   File "C:\Users\Hugh\Python_venvs\workstation1_venv\Lib\site-packages\starlette\middleware\base.py", line 159, in call_next
    |     raise app_exc
    |   File "C:\Users\Hugh\Python_venvs\workstation1_venv\Lib\site-packages\starlette\middleware\base.py", line 144, in coro
    |     await self.app(scope, receive_or_disconnect, send_no_error)
    |   File "C:\Users\Hugh\Python_venvs\workstation1_venv\Lib\site-packages\starlette\middleware\gzip.py", line 29, in __call__
    |     await responder(scope, receive, send)
    |   File "C:\Users\Hugh\Python_venvs\workstation1_venv\Lib\site-packages\starlette\middleware\gzip.py", line 130, in __call__
    |     await super().__call__(scope, receive, send)
    |   File "C:\Users\Hugh\Python_venvs\workstation1_venv\Lib\site-packages\starlette\middleware\gzip.py", line 46, in __call__
    |     await self.app(scope, receive, self.send_with_compression)
    |   File "C:\Users\Hugh\Python_venvs\workstation1_venv\Lib\site-packages\starlette\middleware\exceptions.py", line 63, in __call__
    |     await wrap_app_handling_exceptions(self.app, conn)(scope, receive, send)
    |   File "C:\Users\Hugh\Python_venvs\workstation1_venv\Lib\site-packages\starlette\_exception_handler.py", line 53, in wrapped_app
    |     raise exc
    |   File "C:\Users\Hugh\Python_venvs\workstation1_venv\Lib\site-packages\starlette\_exception_handler.py", line 42, in wrapped_app
    |     await app(scope, receive, sender)
    |   File "C:\Users\Hugh\Python_venvs\workstation1_venv\Lib\site-packages\starlette\routing.py", line 716, in __call__
    |     await self.middleware_stack(scope, receive, send)
    |   File "C:\Users\Hugh\Python_venvs\workstation1_venv\Lib\site-packages\starlette\routing.py", line 736, in app
    |     await route.handle(scope, receive, send)
    |   File "C:\Users\Hugh\Python_venvs\workstation1_venv\Lib\site-packages\starlette\routing.py", line 290, in handle
    |     await self.app(scope, receive, send)
    |   File "C:\Users\Hugh\Python_venvs\workstation1_venv\Lib\site-packages\starlette\routing.py", line 78, in app
    |     await wrap_app_handling_exceptions(app, request)(scope, receive, send)
    |   File "C:\Users\Hugh\Python_venvs\workstation1_venv\Lib\site-packages\starlette\_exception_handler.py", line 53, in wrapped_app
    |     raise exc
    |   File "C:\Users\Hugh\Python_venvs\workstation1_venv\Lib\site-packages\starlette\_exception_handler.py", line 42, in wrapped_app
    |     await app(scope, receive, sender)
    |   File "C:\Users\Hugh\Python_venvs\workstation1_venv\Lib\site-packages\starlette\routing.py", line 75, in app
    |     response = await f(request)
    |                ^^^^^^^^^^^^^^^^
    |   File "C:\Users\Hugh\Python_venvs\workstation1_venv\Lib\site-packages\fastapi\routing.py", line 302, in app
    |     raw_response = await run_endpoint_function(
    |                    ^^^^^^^^^^^^^^^^^^^^^^^^^^^^
    |     ...<3 lines>...
    |     )
    |     ^
    |   File "C:\Users\Hugh\Python_venvs\workstation1_venv\Lib\site-packages\fastapi\routing.py", line 213, in run_endpoint_function
    |     return await dependant.call(**values)
    |            ^^^^^^^^^^^^^^^^^^^^^^^^^^^^^^
    |   File "C:\Users\Hugh\Python_venvs\workstation1_venv\Lib\site-packages\nicegui\page.py", line 148, in decorated
    |     return create_error_page(e, request)
    |   File "C:\Users\Hugh\Python_venvs\workstation1_venv\Lib\site-packages\nicegui\page.py", line 115, in create_error_page
    |     raise e
    |   File "C:\Users\Hugh\Python_venvs\workstation1_venv\Lib\site-packages\nicegui\page.py", line 146, in decorated
    |     result = func(*dec_args, **dec_kwargs)
    |   File "F:\VulcanConnect2025-09\frontend\pages\batch_drawings_export.py", line 29, in batch_drawings_export_page
    |     ui.button('EXPORT DRAWINGS', on_click=start_export_task).classes('mt-4')
    |                                           ^^^^^^^^^^^^^^^^^
    | UnboundLocalError: cannot access local variable 'start_export_task' where it is not associated with a value
    +------------------------------------

During handling of the above exception, another exception occurred:

Traceback (most recent call last):
  File "C:\Users\Hugh\Python_venvs\workstation1_venv\Lib\site-packages\starlette\middleware\errors.py", line 164, in __call__
    await self.app(scope, receive, _send)
  File "C:\Users\Hugh\Python_venvs\workstation1_venv\Lib\site-packages\starlette\middleware\base.py", line 182, in __call__
    with recv_stream, send_stream, collapse_excgroups():
                                   ~~~~~~~~~~~~~~~~~~^^
  File "C:\Users\Hugh\AppData\Local\Programs\Python\Python313\Lib\contextlib.py", line 162, in __exit__
    self.gen.throw(value)
    ~~~~~~~~~~~~~~^^^^^^^
  File "C:\Users\Hugh\Python_venvs\workstation1_venv\Lib\site-packages\starlette\_utils.py", line 83, in collapse_excgroups
    raise exc
  File "C:\Users\Hugh\Python_venvs\workstation1_venv\Lib\site-packages\starlette\middleware\base.py", line 184, in __call__
    response = await self.dispatch_func(request, call_next)
               ^^^^^^^^^^^^^^^^^^^^^^^^^^^^^^^^^^^^^^^^^^^^
  File "C:\Users\Hugh\Python_venvs\workstation1_venv\Lib\site-packages\nicegui\middlewares.py", line 23, in dispatch
    response = await call_next(request)
               ^^^^^^^^^^^^^^^^^^^^^^^^
  File "C:\Users\Hugh\Python_venvs\workstation1_venv\Lib\site-packages\starlette\middleware\base.py", line 159, in call_next
    raise app_exc
  File "C:\Users\Hugh\Python_venvs\workstation1_venv\Lib\site-packages\starlette\middleware\base.py", line 144, in coro
    await self.app(scope, receive_or_disconnect, send_no_error)
  File "C:\Users\Hugh\Python_venvs\workstation1_venv\Lib\site-packages\starlette\middleware\base.py", line 182, in __call__
    with recv_stream, send_stream, collapse_excgroups():
                                   ~~~~~~~~~~~~~~~~~~^^
  File "C:\Users\Hugh\AppData\Local\Programs\Python\Python313\Lib\contextlib.py", line 162, in __exit__
    self.gen.throw(value)
    ~~~~~~~~~~~~~~^^^^^^^
  File "C:\Users\Hugh\Python_venvs\workstation1_venv\Lib\site-packages\starlette\_utils.py", line 83, in collapse_excgroups
    raise exc
  File "C:\Users\Hugh\Python_venvs\workstation1_venv\Lib\site-packages\starlette\middleware\base.py", line 184, in __call__
    response = await self.dispatch_func(request, call_next)
               ^^^^^^^^^^^^^^^^^^^^^^^^^^^^^^^^^^^^^^^^^^^^
  File "C:\Users\Hugh\Python_venvs\workstation1_venv\Lib\site-packages\nicegui\middlewares.py", line 13, in dispatch
    response = await call_next(request)
               ^^^^^^^^^^^^^^^^^^^^^^^^
  File "C:\Users\Hugh\Python_venvs\workstation1_venv\Lib\site-packages\starlette\middleware\base.py", line 159, in call_next
    raise app_exc
  File "C:\Users\Hugh\Python_venvs\workstation1_venv\Lib\site-packages\starlette\middleware\base.py", line 144, in coro
    await self.app(scope, receive_or_disconnect, send_no_error)
  File "C:\Users\Hugh\Python_venvs\workstation1_venv\Lib\site-packages\starlette\middleware\gzip.py", line 29, in __call__
    await responder(scope, receive, send)
  File "C:\Users\Hugh\Python_venvs\workstation1_venv\Lib\site-packages\starlette\middleware\gzip.py", line 130, in __call__
    await super().__call__(scope, receive, send)
  File "C:\Users\Hugh\Python_venvs\workstation1_venv\Lib\site-packages\starlette\middleware\gzip.py", line 46, in __call__
    await self.app(scope, receive, self.send_with_compression)
  File "C:\Users\Hugh\Python_venvs\workstation1_venv\Lib\site-packages\starlette\middleware\exceptions.py", line 63, in __call__
    await wrap_app_handling_exceptions(self.app, conn)(scope, receive, send)
  File "C:\Users\Hugh\Python_venvs\workstation1_venv\Lib\site-packages\starlette\_exception_handler.py", line 53, in wrapped_app
    raise exc
  File "C:\Users\Hugh\Python_venvs\workstation1_venv\Lib\site-packages\starlette\_exception_handler.py", line 42, in wrapped_app
    await app(scope, receive, sender)
  File "C:\Users\Hugh\Python_venvs\workstation1_venv\Lib\site-packages\starlette\routing.py", line 716, in __call__
    await self.middleware_stack(scope, receive, send)
  File "C:\Users\Hugh\Python_venvs\workstation1_venv\Lib\site-packages\starlette\routing.py", line 736, in app
    await route.handle(scope, receive, send)
  File "C:\Users\Hugh\Python_venvs\workstation1_venv\Lib\site-packages\starlette\routing.py", line 290, in handle
    await self.app(scope, receive, send)
  File "C:\Users\Hugh\Python_venvs\workstation1_venv\Lib\site-packages\starlette\routing.py", line 78, in app
    await wrap_app_handling_exceptions(app, request)(scope, receive, send)
  File "C:\Users\Hugh\Python_venvs\workstation1_venv\Lib\site-packages\starlette\_exception_handler.py", line 53, in wrapped_app
    raise exc
  File "C:\Users\Hugh\Python_venvs\workstation1_venv\Lib\site-packages\starlette\_exception_handler.py", line 42, in wrapped_app
    await app(scope, receive, sender)
  File "C:\Users\Hugh\Python_venvs\workstation1_venv\Lib\site-packages\starlette\routing.py", line 75, in app
    response = await f(request)
               ^^^^^^^^^^^^^^^^
  File "C:\Users\Hugh\Python_venvs\workstation1_venv\Lib\site-packages\fastapi\routing.py", line 302, in app
    raw_response = await run_endpoint_function(
                   ^^^^^^^^^^^^^^^^^^^^^^^^^^^^
    ...<3 lines>...
    )
    ^
  File "C:\Users\Hugh\Python_venvs\workstation1_venv\Lib\site-packages\fastapi\routing.py", line 213, in run_endpoint_function
    return await dependant.call(**values)
           ^^^^^^^^^^^^^^^^^^^^^^^^^^^^^^
  File "C:\Users\Hugh\Python_venvs\workstation1_venv\Lib\site-packages\nicegui\page.py", line 148, in decorated
    return create_error_page(e, request)
  File "C:\Users\Hugh\Python_venvs\workstation1_venv\Lib\site-packages\nicegui\page.py", line 115, in create_error_page
    raise e
  File "C:\Users\Hugh\Python_venvs\workstation1_venv\Lib\site-packages\nicegui\page.py", line 146, in decorated
    result = func(*dec_args, **dec_kwargs)
  File "F:\VulcanConnect2025-09\frontend\pages\batch_drawings_export.py", line 29, in batch_drawings_export_page
    ui.button('EXPORT DRAWINGS', on_click=start_export_task).classes('mt-4')
                                          ^^^^^^^^^^^^^^^^^
UnboundLocalError: cannot access local variable 'start_export_task' where it is not associated with a value
ERROR:nicegui:cannot access local variable 'start_export_task' where it is not associated with a value
  + Exception Group Traceback (most recent call last):
  |   File "C:\Users\Hugh\Python_venvs\workstation1_venv\Lib\site-packages\starlette\_utils.py", line 77, in collapse_excgroups
  |     yield
  |   File "C:\Users\Hugh\Python_venvs\workstation1_venv\Lib\site-packages\starlette\middleware\base.py", line 183, in __call__
  |     async with anyio.create_task_group() as task_group:
  |                ~~~~~~~~~~~~~~~~~~~~~~~^^
  |   File "C:\Users\Hugh\Python_venvs\workstation1_venv\Lib\site-packages\anyio\_backends\_asyncio.py", line 772, in __aexit__
  |     raise BaseExceptionGroup(
  |         "unhandled errors in a TaskGroup", self._exceptions
  |     ) from None
  | ExceptionGroup: unhandled errors in a TaskGroup (1 sub-exception)
  +-+---------------- 1 ----------------
    | Traceback (most recent call last):
    |   File "C:\Users\Hugh\Python_venvs\workstation1_venv\Lib\site-packages\starlette\middleware\errors.py", line 164, in __call__
    |     await self.app(scope, receive, _send)
    |   File "C:\Users\Hugh\Python_venvs\workstation1_venv\Lib\site-packages\starlette\middleware\base.py", line 182, in __call__
    |     with recv_stream, send_stream, collapse_excgroups():
    |                                    ~~~~~~~~~~~~~~~~~~^^
    |   File "C:\Users\Hugh\AppData\Local\Programs\Python\Python313\Lib\contextlib.py", line 162, in __exit__
    |     self.gen.throw(value)
    |     ~~~~~~~~~~~~~~^^^^^^^
    |   File "C:\Users\Hugh\Python_venvs\workstation1_venv\Lib\site-packages\starlette\_utils.py", line 83, in collapse_excgroups
    |     raise exc
    |   File "C:\Users\Hugh\Python_venvs\workstation1_venv\Lib\site-packages\starlette\middleware\base.py", line 184, in __call__
    |     response = await self.dispatch_func(request, call_next)
    |                ^^^^^^^^^^^^^^^^^^^^^^^^^^^^^^^^^^^^^^^^^^^^
    |   File "C:\Users\Hugh\Python_venvs\workstation1_venv\Lib\site-packages\nicegui\middlewares.py", line 23, in dispatch
    |     response = await call_next(request)
    |                ^^^^^^^^^^^^^^^^^^^^^^^^
    |   File "C:\Users\Hugh\Python_venvs\workstation1_venv\Lib\site-packages\starlette\middleware\base.py", line 159, in call_next
    |     raise app_exc
    |   File "C:\Users\Hugh\Python_venvs\workstation1_venv\Lib\site-packages\starlette\middleware\base.py", line 144, in coro
    |     await self.app(scope, receive_or_disconnect, send_no_error)
    |   File "C:\Users\Hugh\Python_venvs\workstation1_venv\Lib\site-packages\starlette\middleware\base.py", line 182, in __call__
    |     with recv_stream, send_stream, collapse_excgroups():
    |                                    ~~~~~~~~~~~~~~~~~~^^
    |   File "C:\Users\Hugh\AppData\Local\Programs\Python\Python313\Lib\contextlib.py", line 162, in __exit__
    |     self.gen.throw(value)
    |     ~~~~~~~~~~~~~~^^^^^^^
    |   File "C:\Users\Hugh\Python_venvs\workstation1_venv\Lib\site-packages\starlette\_utils.py", line 83, in collapse_excgroups
    |     raise exc
    |   File "C:\Users\Hugh\Python_venvs\workstation1_venv\Lib\site-packages\starlette\middleware\base.py", line 184, in __call__
    |     response = await self.dispatch_func(request, call_next)
    |                ^^^^^^^^^^^^^^^^^^^^^^^^^^^^^^^^^^^^^^^^^^^^
    |   File "C:\Users\Hugh\Python_venvs\workstation1_venv\Lib\site-packages\nicegui\middlewares.py", line 13, in dispatch
    |     response = await call_next(request)
    |                ^^^^^^^^^^^^^^^^^^^^^^^^
    |   File "C:\Users\Hugh\Python_venvs\workstation1_venv\Lib\site-packages\starlette\middleware\base.py", line 159, in call_next
    |     raise app_exc
    |   File "C:\Users\Hugh\Python_venvs\workstation1_venv\Lib\site-packages\starlette\middleware\base.py", line 144, in coro
    |     await self.app(scope, receive_or_disconnect, send_no_error)
    |   File "C:\Users\Hugh\Python_venvs\workstation1_venv\Lib\site-packages\starlette\middleware\gzip.py", line 29, in __call__
    |     await responder(scope, receive, send)
    |   File "C:\Users\Hugh\Python_venvs\workstation1_venv\Lib\site-packages\starlette\middleware\gzip.py", line 130, in __call__
    |     await super().__call__(scope, receive, send)
    |   File "C:\Users\Hugh\Python_venvs\workstation1_venv\Lib\site-packages\starlette\middleware\gzip.py", line 46, in __call__
    |     await self.app(scope, receive, self.send_with_compression)
    |   File "C:\Users\Hugh\Python_venvs\workstation1_venv\Lib\site-packages\starlette\middleware\exceptions.py", line 63, in __call__
    |     await wrap_app_handling_exceptions(self.app, conn)(scope, receive, send)
    |   File "C:\Users\Hugh\Python_venvs\workstation1_venv\Lib\site-packages\starlette\_exception_handler.py", line 53, in wrapped_app
    |     raise exc
    |   File "C:\Users\Hugh\Python_venvs\workstation1_venv\Lib\site-packages\starlette\_exception_handler.py", line 42, in wrapped_app
    |     await app(scope, receive, sender)
    |   File "C:\Users\Hugh\Python_venvs\workstation1_venv\Lib\site-packages\starlette\routing.py", line 716, in __call__
    |     await self.middleware_stack(scope, receive, send)
    |   File "C:\Users\Hugh\Python_venvs\workstation1_venv\Lib\site-packages\starlette\routing.py", line 736, in app
    |     await route.handle(scope, receive, send)
    |   File "C:\Users\Hugh\Python_venvs\workstation1_venv\Lib\site-packages\starlette\routing.py", line 290, in handle
    |     await self.app(scope, receive, send)
    |   File "C:\Users\Hugh\Python_venvs\workstation1_venv\Lib\site-packages\starlette\routing.py", line 78, in app
    |     await wrap_app_handling_exceptions(app, request)(scope, receive, send)
    |   File "C:\Users\Hugh\Python_venvs\workstation1_venv\Lib\site-packages\starlette\_exception_handler.py", line 53, in wrapped_app
    |     raise exc
    |   File "C:\Users\Hugh\Python_venvs\workstation1_venv\Lib\site-packages\starlette\_exception_handler.py", line 42, in wrapped_app
    |     await app(scope, receive, sender)
    |   File "C:\Users\Hugh\Python_venvs\workstation1_venv\Lib\site-packages\starlette\routing.py", line 75, in app
    |     response = await f(request)
    |                ^^^^^^^^^^^^^^^^
    |   File "C:\Users\Hugh\Python_venvs\workstation1_venv\Lib\site-packages\fastapi\routing.py", line 302, in app
    |     raw_response = await run_endpoint_function(
    |                    ^^^^^^^^^^^^^^^^^^^^^^^^^^^^
    |     ...<3 lines>...
    |     )
    |     ^
    |   File "C:\Users\Hugh\Python_venvs\workstation1_venv\Lib\site-packages\fastapi\routing.py", line 213, in run_endpoint_function
    |     return await dependant.call(**values)
    |            ^^^^^^^^^^^^^^^^^^^^^^^^^^^^^^
    |   File "C:\Users\Hugh\Python_venvs\workstation1_venv\Lib\site-packages\nicegui\page.py", line 148, in decorated
    |     return create_error_page(e, request)
    |   File "C:\Users\Hugh\Python_venvs\workstation1_venv\Lib\site-packages\nicegui\page.py", line 115, in create_error_page
    |     raise e
    |   File "C:\Users\Hugh\Python_venvs\workstation1_venv\Lib\site-packages\nicegui\page.py", line 146, in decorated
    |     result = func(*dec_args, **dec_kwargs)
    |   File "F:\VulcanConnect2025-09\frontend\pages\batch_drawings_export.py", line 29, in batch_drawings_export_page
    |     ui.button('EXPORT DRAWINGS', on_click=start_export_task).classes('mt-4')
    |                                           ^^^^^^^^^^^^^^^^^
    | UnboundLocalError: cannot access local variable 'start_export_task' where it is not associated with a value
    +------------------------------------

During handling of the above exception, another exception occurred:

Traceback (most recent call last):
  File "C:\Users\Hugh\Python_venvs\workstation1_venv\Lib\site-packages\starlette\middleware\errors.py", line 164, in __call__
    await self.app(scope, receive, _send)
  File "C:\Users\Hugh\Python_venvs\workstation1_venv\Lib\site-packages\starlette\middleware\base.py", line 182, in __call__
    with recv_stream, send_stream, collapse_excgroups():
                                   ~~~~~~~~~~~~~~~~~~^^
  File "C:\Users\Hugh\AppData\Local\Programs\Python\Python313\Lib\contextlib.py", line 162, in __exit__
    self.gen.throw(value)
    ~~~~~~~~~~~~~~^^^^^^^
  File "C:\Users\Hugh\Python_venvs\workstation1_venv\Lib\site-packages\starlette\_utils.py", line 83, in collapse_excgroups
    raise exc
  File "C:\Users\Hugh\Python_venvs\workstation1_venv\Lib\site-packages\starlette\middleware\base.py", line 184, in __call__
    response = await self.dispatch_func(request, call_next)
               ^^^^^^^^^^^^^^^^^^^^^^^^^^^^^^^^^^^^^^^^^^^^
  File "C:\Users\Hugh\Python_venvs\workstation1_venv\Lib\site-packages\nicegui\middlewares.py", line 23, in dispatch
    response = await call_next(request)
               ^^^^^^^^^^^^^^^^^^^^^^^^
  File "C:\Users\Hugh\Python_venvs\workstation1_venv\Lib\site-packages\starlette\middleware\base.py", line 159, in call_next
    raise app_exc
  File "C:\Users\Hugh\Python_venvs\workstation1_venv\Lib\site-packages\starlette\middleware\base.py", line 144, in coro
    await self.app(scope, receive_or_disconnect, send_no_error)
  File "C:\Users\Hugh\Python_venvs\workstation1_venv\Lib\site-packages\starlette\middleware\base.py", line 182, in __call__
    with recv_stream, send_stream, collapse_excgroups():
                                   ~~~~~~~~~~~~~~~~~~^^
  File "C:\Users\Hugh\AppData\Local\Programs\Python\Python313\Lib\contextlib.py", line 162, in __exit__
    self.gen.throw(value)
    ~~~~~~~~~~~~~~^^^^^^^
  File "C:\Users\Hugh\Python_venvs\workstation1_venv\Lib\site-packages\starlette\_utils.py", line 83, in collapse_excgroups
    raise exc
  File "C:\Users\Hugh\Python_venvs\workstation1_venv\Lib\site-packages\starlette\middleware\base.py", line 184, in __call__
    response = await self.dispatch_func(request, call_next)
               ^^^^^^^^^^^^^^^^^^^^^^^^^^^^^^^^^^^^^^^^^^^^
  File "C:\Users\Hugh\Python_venvs\workstation1_venv\Lib\site-packages\nicegui\middlewares.py", line 13, in dispatch
    response = await call_next(request)
               ^^^^^^^^^^^^^^^^^^^^^^^^
  File "C:\Users\Hugh\Python_venvs\workstation1_venv\Lib\site-packages\starlette\middleware\base.py", line 159, in call_next
    raise app_exc
  File "C:\Users\Hugh\Python_venvs\workstation1_venv\Lib\site-packages\starlette\middleware\base.py", line 144, in coro
    await self.app(scope, receive_or_disconnect, send_no_error)
  File "C:\Users\Hugh\Python_venvs\workstation1_venv\Lib\site-packages\starlette\middleware\gzip.py", line 29, in __call__
    await responder(scope, receive, send)
  File "C:\Users\Hugh\Python_venvs\workstation1_venv\Lib\site-packages\starlette\middleware\gzip.py", line 130, in __call__
    await super().__call__(scope, receive, send)
  File "C:\Users\Hugh\Python_venvs\workstation1_venv\Lib\site-packages\starlette\middleware\gzip.py", line 46, in __call__
    await self.app(scope, receive, self.send_with_compression)
  File "C:\Users\Hugh\Python_venvs\workstation1_venv\Lib\site-packages\starlette\middleware\exceptions.py", line 63, in __call__
    await wrap_app_handling_exceptions(self.app, conn)(scope, receive, send)
  File "C:\Users\Hugh\Python_venvs\workstation1_venv\Lib\site-packages\starlette\_exception_handler.py", line 53, in wrapped_app
    raise exc
  File "C:\Users\Hugh\Python_venvs\workstation1_venv\Lib\site-packages\starlette\_exception_handler.py", line 42, in wrapped_app
    await app(scope, receive, sender)
  File "C:\Users\Hugh\Python_venvs\workstation1_venv\Lib\site-packages\starlette\routing.py", line 716, in __call__
    await self.middleware_stack(scope, receive, send)
  File "C:\Users\Hugh\Python_venvs\workstation1_venv\Lib\site-packages\starlette\routing.py", line 736, in app
    await route.handle(scope, receive, send)
  File "C:\Users\Hugh\Python_venvs\workstation1_venv\Lib\site-packages\starlette\routing.py", line 290, in handle
    await self.app(scope, receive, send)
  File "C:\Users\Hugh\Python_venvs\workstation1_venv\Lib\site-packages\starlette\routing.py", line 78, in app
    await wrap_app_handling_exceptions(app, request)(scope, receive, send)
  File "C:\Users\Hugh\Python_venvs\workstation1_venv\Lib\site-packages\starlette\_exception_handler.py", line 53, in wrapped_app
    raise exc
  File "C:\Users\Hugh\Python_venvs\workstation1_venv\Lib\site-packages\starlette\_exception_handler.py", line 42, in wrapped_app
    await app(scope, receive, sender)
  File "C:\Users\Hugh\Python_venvs\workstation1_venv\Lib\site-packages\starlette\routing.py", line 75, in app
    response = await f(request)
               ^^^^^^^^^^^^^^^^
  File "C:\Users\Hugh\Python_venvs\workstation1_venv\Lib\site-packages\fastapi\routing.py", line 302, in app
    raw_response = await run_endpoint_function(
                   ^^^^^^^^^^^^^^^^^^^^^^^^^^^^
    ...<3 lines>...
    )
    ^
  File "C:\Users\Hugh\Python_venvs\workstation1_venv\Lib\site-packages\fastapi\routing.py", line 213, in run_endpoint_function
    return await dependant.call(**values)
           ^^^^^^^^^^^^^^^^^^^^^^^^^^^^^^
  File "C:\Users\Hugh\Python_venvs\workstation1_venv\Lib\site-packages\nicegui\page.py", line 148, in decorated
    return create_error_page(e, request)
  File "C:\Users\Hugh\Python_venvs\workstation1_venv\Lib\site-packages\nicegui\page.py", line 115, in create_error_page
    raise e
  File "C:\Users\Hugh\Python_venvs\workstation1_venv\Lib\site-packages\nicegui\page.py", line 146, in decorated
    result = func(*dec_args, **dec_kwargs)
  File "F:\VulcanConnect2025-09\frontend\pages\batch_drawings_export.py", line 29, in batch_drawings_export_page
    ui.button('EXPORT DRAWINGS', on_click=start_export_task).classes('mt-4')
                                          ^^^^^^^^^^^^^^^^^
UnboundLocalError: cannot access local variable 'start_export_task' where it is not associated with a value
ERROR:nicegui:cannot access local variable 'start_export_task' where it is not associated with a value
  + Exception Group Traceback (most recent call last):
  |   File "C:\Users\Hugh\Python_venvs\workstation1_venv\Lib\site-packages\starlette\_utils.py", line 77, in collapse_excgroups
  |     yield
  |   File "C:\Users\Hugh\Python_venvs\workstation1_venv\Lib\site-packages\starlette\middleware\base.py", line 183, in __call__
  |     async with anyio.create_task_group() as task_group:
  |                ~~~~~~~~~~~~~~~~~~~~~~~^^
  |   File "C:\Users\Hugh\Python_venvs\workstation1_venv\Lib\site-packages\anyio\_backends\_asyncio.py", line 772, in __aexit__
  |     raise BaseExceptionGroup(
  |         "unhandled errors in a TaskGroup", self._exceptions
  |     ) from None
  | ExceptionGroup: unhandled errors in a TaskGroup (1 sub-exception)
  +-+---------------- 1 ----------------
    | Traceback (most recent call last):
    |   File "C:\Users\Hugh\Python_venvs\workstation1_venv\Lib\site-packages\starlette\middleware\errors.py", line 164, in __call__
    |     await self.app(scope, receive, _send)
    |   File "C:\Users\Hugh\Python_venvs\workstation1_venv\Lib\site-packages\starlette\middleware\base.py", line 182, in __call__
    |     with recv_stream, send_stream, collapse_excgroups():
    |                                    ~~~~~~~~~~~~~~~~~~^^
    |   File "C:\Users\Hugh\AppData\Local\Programs\Python\Python313\Lib\contextlib.py", line 162, in __exit__
    |     self.gen.throw(value)
    |     ~~~~~~~~~~~~~~^^^^^^^
    |   File "C:\Users\Hugh\Python_venvs\workstation1_venv\Lib\site-packages\starlette\_utils.py", line 83, in collapse_excgroups
    |     raise exc
    |   File "C:\Users\Hugh\Python_venvs\workstation1_venv\Lib\site-packages\starlette\middleware\base.py", line 184, in __call__
    |     response = await self.dispatch_func(request, call_next)
    |                ^^^^^^^^^^^^^^^^^^^^^^^^^^^^^^^^^^^^^^^^^^^^
    |   File "C:\Users\Hugh\Python_venvs\workstation1_venv\Lib\site-packages\nicegui\middlewares.py", line 23, in dispatch
    |     response = await call_next(request)
    |                ^^^^^^^^^^^^^^^^^^^^^^^^
    |   File "C:\Users\Hugh\Python_venvs\workstation1_venv\Lib\site-packages\starlette\middleware\base.py", line 159, in call_next
    |     raise app_exc
    |   File "C:\Users\Hugh\Python_venvs\workstation1_venv\Lib\site-packages\starlette\middleware\base.py", line 144, in coro
    |     await self.app(scope, receive_or_disconnect, send_no_error)
    |   File "C:\Users\Hugh\Python_venvs\workstation1_venv\Lib\site-packages\starlette\middleware\base.py", line 182, in __call__
    |     with recv_stream, send_stream, collapse_excgroups():
    |                                    ~~~~~~~~~~~~~~~~~~^^
    |   File "C:\Users\Hugh\AppData\Local\Programs\Python\Python313\Lib\contextlib.py", line 162, in __exit__
    |     self.gen.throw(value)
    |     ~~~~~~~~~~~~~~^^^^^^^
    |   File "C:\Users\Hugh\Python_venvs\workstation1_venv\Lib\site-packages\starlette\_utils.py", line 83, in collapse_excgroups
    |     raise exc
    |   File "C:\Users\Hugh\Python_venvs\workstation1_venv\Lib\site-packages\starlette\middleware\base.py", line 184, in __call__
    |     response = await self.dispatch_func(request, call_next)
    |                ^^^^^^^^^^^^^^^^^^^^^^^^^^^^^^^^^^^^^^^^^^^^
    |   File "C:\Users\Hugh\Python_venvs\workstation1_venv\Lib\site-packages\nicegui\middlewares.py", line 13, in dispatch
    |     response = await call_next(request)
    |                ^^^^^^^^^^^^^^^^^^^^^^^^
    |   File "C:\Users\Hugh\Python_venvs\workstation1_venv\Lib\site-packages\starlette\middleware\base.py", line 159, in call_next
    |     raise app_exc
    |   File "C:\Users\Hugh\Python_venvs\workstation1_venv\Lib\site-packages\starlette\middleware\base.py", line 144, in coro
    |     await self.app(scope, receive_or_disconnect, send_no_error)
    |   File "C:\Users\Hugh\Python_venvs\workstation1_venv\Lib\site-packages\starlette\middleware\gzip.py", line 29, in __call__
    |     await responder(scope, receive, send)
    |   File "C:\Users\Hugh\Python_venvs\workstation1_venv\Lib\site-packages\starlette\middleware\gzip.py", line 130, in __call__
    |     await super().__call__(scope, receive, send)
    |   File "C:\Users\Hugh\Python_venvs\workstation1_venv\Lib\site-packages\starlette\middleware\gzip.py", line 46, in __call__
    |     await self.app(scope, receive, self.send_with_compression)
    |   File "C:\Users\Hugh\Python_venvs\workstation1_venv\Lib\site-packages\starlette\middleware\exceptions.py", line 63, in __call__
    |     await wrap_app_handling_exceptions(self.app, conn)(scope, receive, send)
    |   File "C:\Users\Hugh\Python_venvs\workstation1_venv\Lib\site-packages\starlette\_exception_handler.py", line 53, in wrapped_app
    |     raise exc
    |   File "C:\Users\Hugh\Python_venvs\workstation1_venv\Lib\site-packages\starlette\_exception_handler.py", line 42, in wrapped_app
    |     await app(scope, receive, sender)
    |   File "C:\Users\Hugh\Python_venvs\workstation1_venv\Lib\site-packages\starlette\routing.py", line 716, in __call__
    |     await self.middleware_stack(scope, receive, send)
    |   File "C:\Users\Hugh\Python_venvs\workstation1_venv\Lib\site-packages\starlette\routing.py", line 736, in app
    |     await route.handle(scope, receive, send)
    |   File "C:\Users\Hugh\Python_venvs\workstation1_venv\Lib\site-packages\starlette\routing.py", line 290, in handle
    |     await self.app(scope, receive, send)
    |   File "C:\Users\Hugh\Python_venvs\workstation1_venv\Lib\site-packages\starlette\routing.py", line 78, in app
    |     await wrap_app_handling_exceptions(app, request)(scope, receive, send)
    |   File "C:\Users\Hugh\Python_venvs\workstation1_venv\Lib\site-packages\starlette\_exception_handler.py", line 53, in wrapped_app
    |     raise exc
    |   File "C:\Users\Hugh\Python_venvs\workstation1_venv\Lib\site-packages\starlette\_exception_handler.py", line 42, in wrapped_app
    |     await app(scope, receive, sender)
    |   File "C:\Users\Hugh\Python_venvs\workstation1_venv\Lib\site-packages\starlette\routing.py", line 75, in app
    |     response = await f(request)
    |                ^^^^^^^^^^^^^^^^
    |   File "C:\Users\Hugh\Python_venvs\workstation1_venv\Lib\site-packages\fastapi\routing.py", line 302, in app
    |     raw_response = await run_endpoint_function(
    |                    ^^^^^^^^^^^^^^^^^^^^^^^^^^^^
    |     ...<3 lines>...
    |     )
    |     ^
    |   File "C:\Users\Hugh\Python_venvs\workstation1_venv\Lib\site-packages\fastapi\routing.py", line 213, in run_endpoint_function
    |     return await dependant.call(**values)
    |            ^^^^^^^^^^^^^^^^^^^^^^^^^^^^^^
    |   File "C:\Users\Hugh\Python_venvs\workstation1_venv\Lib\site-packages\nicegui\page.py", line 148, in decorated
    |     return create_error_page(e, request)
    |   File "C:\Users\Hugh\Python_venvs\workstation1_venv\Lib\site-packages\nicegui\page.py", line 115, in create_error_page
    |     raise e
    |   File "C:\Users\Hugh\Python_venvs\workstation1_venv\Lib\site-packages\nicegui\page.py", line 146, in decorated
    |     result = func(*dec_args, **dec_kwargs)
    |   File "F:\VulcanConnect2025-09\frontend\pages\batch_drawings_export.py", line 29, in batch_drawings_export_page
    |     ui.button('EXPORT DRAWINGS', on_click=start_export_task).classes('mt-4')
    |                                           ^^^^^^^^^^^^^^^^^
    | UnboundLocalError: cannot access local variable 'start_export_task' where it is not associated with a value
    +------------------------------------

During handling of the above exception, another exception occurred:

Traceback (most recent call last):
  File "C:\Users\Hugh\Python_venvs\workstation1_venv\Lib\site-packages\starlette\middleware\errors.py", line 164, in __call__
    await self.app(scope, receive, _send)
  File "C:\Users\Hugh\Python_venvs\workstation1_venv\Lib\site-packages\starlette\middleware\base.py", line 182, in __call__
    with recv_stream, send_stream, collapse_excgroups():
                                   ~~~~~~~~~~~~~~~~~~^^
  File "C:\Users\Hugh\AppData\Local\Programs\Python\Python313\Lib\contextlib.py", line 162, in __exit__
    self.gen.throw(value)
    ~~~~~~~~~~~~~~^^^^^^^
  File "C:\Users\Hugh\Python_venvs\workstation1_venv\Lib\site-packages\starlette\_utils.py", line 83, in collapse_excgroups
    raise exc
  File "C:\Users\Hugh\Python_venvs\workstation1_venv\Lib\site-packages\starlette\middleware\base.py", line 184, in __call__
    response = await self.dispatch_func(request, call_next)
               ^^^^^^^^^^^^^^^^^^^^^^^^^^^^^^^^^^^^^^^^^^^^
  File "C:\Users\Hugh\Python_venvs\workstation1_venv\Lib\site-packages\nicegui\middlewares.py", line 23, in dispatch
    response = await call_next(request)
               ^^^^^^^^^^^^^^^^^^^^^^^^
  File "C:\Users\Hugh\Python_venvs\workstation1_venv\Lib\site-packages\starlette\middleware\base.py", line 159, in call_next
    raise app_exc
  File "C:\Users\Hugh\Python_venvs\workstation1_venv\Lib\site-packages\starlette\middleware\base.py", line 144, in coro
    await self.app(scope, receive_or_disconnect, send_no_error)
  File "C:\Users\Hugh\Python_venvs\workstation1_venv\Lib\site-packages\starlette\middleware\base.py", line 182, in __call__
    with recv_stream, send_stream, collapse_excgroups():
                                   ~~~~~~~~~~~~~~~~~~^^
  File "C:\Users\Hugh\AppData\Local\Programs\Python\Python313\Lib\contextlib.py", line 162, in __exit__
    self.gen.throw(value)
    ~~~~~~~~~~~~~~^^^^^^^
  File "C:\Users\Hugh\Python_venvs\workstation1_venv\Lib\site-packages\starlette\_utils.py", line 83, in collapse_excgroups
    raise exc
  File "C:\Users\Hugh\Python_venvs\workstation1_venv\Lib\site-packages\starlette\middleware\base.py", line 184, in __call__
    response = await self.dispatch_func(request, call_next)
               ^^^^^^^^^^^^^^^^^^^^^^^^^^^^^^^^^^^^^^^^^^^^
  File "C:\Users\Hugh\Python_venvs\workstation1_venv\Lib\site-packages\nicegui\middlewares.py", line 13, in dispatch
    response = await call_next(request)
               ^^^^^^^^^^^^^^^^^^^^^^^^
  File "C:\Users\Hugh\Python_venvs\workstation1_venv\Lib\site-packages\starlette\middleware\base.py", line 159, in call_next
    raise app_exc
  File "C:\Users\Hugh\Python_venvs\workstation1_venv\Lib\site-packages\starlette\middleware\base.py", line 144, in coro
    await self.app(scope, receive_or_disconnect, send_no_error)
  File "C:\Users\Hugh\Python_venvs\workstation1_venv\Lib\site-packages\starlette\middleware\gzip.py", line 29, in __call__
    await responder(scope, receive, send)
  File "C:\Users\Hugh\Python_venvs\workstation1_venv\Lib\site-packages\starlette\middleware\gzip.py", line 130, in __call__
    await super().__call__(scope, receive, send)
  File "C:\Users\Hugh\Python_venvs\workstation1_venv\Lib\site-packages\starlette\middleware\gzip.py", line 46, in __call__
    await self.app(scope, receive, self.send_with_compression)
  File "C:\Users\Hugh\Python_venvs\workstation1_venv\Lib\site-packages\starlette\middleware\exceptions.py", line 63, in __call__
    await wrap_app_handling_exceptions(self.app, conn)(scope, receive, send)
  File "C:\Users\Hugh\Python_venvs\workstation1_venv\Lib\site-packages\starlette\_exception_handler.py", line 53, in wrapped_app
    raise exc
  File "C:\Users\Hugh\Python_venvs\workstation1_venv\Lib\site-packages\starlette\_exception_handler.py", line 42, in wrapped_app
    await app(scope, receive, sender)
  File "C:\Users\Hugh\Python_venvs\workstation1_venv\Lib\site-packages\starlette\routing.py", line 716, in __call__
    await self.middleware_stack(scope, receive, send)
  File "C:\Users\Hugh\Python_venvs\workstation1_venv\Lib\site-packages\starlette\routing.py", line 736, in app
    await route.handle(scope, receive, send)
  File "C:\Users\Hugh\Python_venvs\workstation1_venv\Lib\site-packages\starlette\routing.py", line 290, in handle
    await self.app(scope, receive, send)
  File "C:\Users\Hugh\Python_venvs\workstation1_venv\Lib\site-packages\starlette\routing.py", line 78, in app
    await wrap_app_handling_exceptions(app, request)(scope, receive, send)
  File "C:\Users\Hugh\Python_venvs\workstation1_venv\Lib\site-packages\starlette\_exception_handler.py", line 53, in wrapped_app
    raise exc
  File "C:\Users\Hugh\Python_venvs\workstation1_venv\Lib\site-packages\starlette\_exception_handler.py", line 42, in wrapped_app
    await app(scope, receive, sender)
  File "C:\Users\Hugh\Python_venvs\workstation1_venv\Lib\site-packages\starlette\routing.py", line 75, in app
    response = await f(request)
               ^^^^^^^^^^^^^^^^
  File "C:\Users\Hugh\Python_venvs\workstation1_venv\Lib\site-packages\fastapi\routing.py", line 302, in app
    raw_response = await run_endpoint_function(
                   ^^^^^^^^^^^^^^^^^^^^^^^^^^^^
    ...<3 lines>...
    )
    ^
  File "C:\Users\Hugh\Python_venvs\workstation1_venv\Lib\site-packages\fastapi\routing.py", line 213, in run_endpoint_function
    return await dependant.call(**values)
           ^^^^^^^^^^^^^^^^^^^^^^^^^^^^^^
  File "C:\Users\Hugh\Python_venvs\workstation1_venv\Lib\site-packages\nicegui\page.py", line 148, in decorated
    return create_error_page(e, request)
  File "C:\Users\Hugh\Python_venvs\workstation1_venv\Lib\site-packages\nicegui\page.py", line 115, in create_error_page
    raise e
  File "C:\Users\Hugh\Python_venvs\workstation1_venv\Lib\site-packages\nicegui\page.py", line 146, in decorated
    result = func(*dec_args, **dec_kwargs)
  File "F:\VulcanConnect2025-09\frontend\pages\batch_drawings_export.py", line 29, in batch_drawings_export_page
    ui.button('EXPORT DRAWINGS', on_click=start_export_task).classes('mt-4')
                                          ^^^^^^^^^^^^^^^^^
UnboundLocalError: cannot access local variable 'start_export_task' where it is not associated with a value
ERROR:nicegui:cannot access local variable 'start_export_task' where it is not associated with a value
  + Exception Group Traceback (most recent call last):
  |   File "C:\Users\Hugh\Python_venvs\workstation1_venv\Lib\site-packages\starlette\_utils.py", line 77, in collapse_excgroups
  |     yield
  |   File "C:\Users\Hugh\Python_venvs\workstation1_venv\Lib\site-packages\starlette\middleware\base.py", line 183, in __call__
  |     async with anyio.create_task_group() as task_group:
  |                ~~~~~~~~~~~~~~~~~~~~~~~^^
  |   File "C:\Users\Hugh\Python_venvs\workstation1_venv\Lib\site-packages\anyio\_backends\_asyncio.py", line 772, in __aexit__
  |     raise BaseExceptionGroup(
  |         "unhandled errors in a TaskGroup", self._exceptions
  |     ) from None
  | ExceptionGroup: unhandled errors in a TaskGroup (1 sub-exception)
  +-+---------------- 1 ----------------
    | Traceback (most recent call last):
    |   File "C:\Users\Hugh\Python_venvs\workstation1_venv\Lib\site-packages\starlette\middleware\errors.py", line 164, in __call__
    |     await self.app(scope, receive, _send)
    |   File "C:\Users\Hugh\Python_venvs\workstation1_venv\Lib\site-packages\starlette\middleware\base.py", line 182, in __call__
    |     with recv_stream, send_stream, collapse_excgroups():
    |                                    ~~~~~~~~~~~~~~~~~~^^
    |   File "C:\Users\Hugh\AppData\Local\Programs\Python\Python313\Lib\contextlib.py", line 162, in __exit__
    |     self.gen.throw(value)
    |     ~~~~~~~~~~~~~~^^^^^^^
    |   File "C:\Users\Hugh\Python_venvs\workstation1_venv\Lib\site-packages\starlette\_utils.py", line 83, in collapse_excgroups
    |     raise exc
    |   File "C:\Users\Hugh\Python_venvs\workstation1_venv\Lib\site-packages\starlette\middleware\base.py", line 184, in __call__
    |     response = await self.dispatch_func(request, call_next)
    |                ^^^^^^^^^^^^^^^^^^^^^^^^^^^^^^^^^^^^^^^^^^^^
    |   File "C:\Users\Hugh\Python_venvs\workstation1_venv\Lib\site-packages\nicegui\middlewares.py", line 23, in dispatch
    |     response = await call_next(request)
    |                ^^^^^^^^^^^^^^^^^^^^^^^^
    |   File "C:\Users\Hugh\Python_venvs\workstation1_venv\Lib\site-packages\starlette\middleware\base.py", line 159, in call_next
    |     raise app_exc
    |   File "C:\Users\Hugh\Python_venvs\workstation1_venv\Lib\site-packages\starlette\middleware\base.py", line 144, in coro
    |     await self.app(scope, receive_or_disconnect, send_no_error)
    |   File "C:\Users\Hugh\Python_venvs\workstation1_venv\Lib\site-packages\starlette\middleware\base.py", line 182, in __call__
    |     with recv_stream, send_stream, collapse_excgroups():
    |                                    ~~~~~~~~~~~~~~~~~~^^
    |   File "C:\Users\Hugh\AppData\Local\Programs\Python\Python313\Lib\contextlib.py", line 162, in __exit__
    |     self.gen.throw(value)
    |     ~~~~~~~~~~~~~~^^^^^^^
    |   File "C:\Users\Hugh\Python_venvs\workstation1_venv\Lib\site-packages\starlette\_utils.py", line 83, in collapse_excgroups
    |     raise exc
    |   File "C:\Users\Hugh\Python_venvs\workstation1_venv\Lib\site-packages\starlette\middleware\base.py", line 184, in __call__
    |     response = await self.dispatch_func(request, call_next)
    |                ^^^^^^^^^^^^^^^^^^^^^^^^^^^^^^^^^^^^^^^^^^^^
    |   File "C:\Users\Hugh\Python_venvs\workstation1_venv\Lib\site-packages\nicegui\middlewares.py", line 13, in dispatch
    |     response = await call_next(request)
    |                ^^^^^^^^^^^^^^^^^^^^^^^^
    |   File "C:\Users\Hugh\Python_venvs\workstation1_venv\Lib\site-packages\starlette\middleware\base.py", line 159, in call_next
    |     raise app_exc
    |   File "C:\Users\Hugh\Python_venvs\workstation1_venv\Lib\site-packages\starlette\middleware\base.py", line 144, in coro
    |     await self.app(scope, receive_or_disconnect, send_no_error)
    |   File "C:\Users\Hugh\Python_venvs\workstation1_venv\Lib\site-packages\starlette\middleware\gzip.py", line 29, in __call__
    |     await responder(scope, receive, send)
    |   File "C:\Users\Hugh\Python_venvs\workstation1_venv\Lib\site-packages\starlette\middleware\gzip.py", line 130, in __call__
    |     await super().__call__(scope, receive, send)
    |   File "C:\Users\Hugh\Python_venvs\workstation1_venv\Lib\site-packages\starlette\middleware\gzip.py", line 46, in __call__
    |     await self.app(scope, receive, self.send_with_compression)
    |   File "C:\Users\Hugh\Python_venvs\workstation1_venv\Lib\site-packages\starlette\middleware\exceptions.py", line 63, in __call__
    |     await wrap_app_handling_exceptions(self.app, conn)(scope, receive, send)
    |   File "C:\Users\Hugh\Python_venvs\workstation1_venv\Lib\site-packages\starlette\_exception_handler.py", line 53, in wrapped_app
    |     raise exc
    |   File "C:\Users\Hugh\Python_venvs\workstation1_venv\Lib\site-packages\starlette\_exception_handler.py", line 42, in wrapped_app
    |     await app(scope, receive, sender)
    |   File "C:\Users\Hugh\Python_venvs\workstation1_venv\Lib\site-packages\starlette\routing.py", line 716, in __call__
    |     await self.middleware_stack(scope, receive, send)
    |   File "C:\Users\Hugh\Python_venvs\workstation1_venv\Lib\site-packages\starlette\routing.py", line 736, in app
    |     await route.handle(scope, receive, send)
    |   File "C:\Users\Hugh\Python_venvs\workstation1_venv\Lib\site-packages\starlette\routing.py", line 290, in handle
    |     await self.app(scope, receive, send)
    |   File "C:\Users\Hugh\Python_venvs\workstation1_venv\Lib\site-packages\starlette\routing.py", line 78, in app
    |     await wrap_app_handling_exceptions(app, request)(scope, receive, send)
    |   File "C:\Users\Hugh\Python_venvs\workstation1_venv\Lib\site-packages\starlette\_exception_handler.py", line 53, in wrapped_app
    |     raise exc
    |   File "C:\Users\Hugh\Python_venvs\workstation1_venv\Lib\site-packages\starlette\_exception_handler.py", line 42, in wrapped_app
    |     await app(scope, receive, sender)
    |   File "C:\Users\Hugh\Python_venvs\workstation1_venv\Lib\site-packages\starlette\routing.py", line 75, in app
    |     response = await f(request)
    |                ^^^^^^^^^^^^^^^^
    |   File "C:\Users\Hugh\Python_venvs\workstation1_venv\Lib\site-packages\fastapi\routing.py", line 302, in app
    |     raw_response = await run_endpoint_function(
    |                    ^^^^^^^^^^^^^^^^^^^^^^^^^^^^
    |     ...<3 lines>...
    |     )
    |     ^
    |   File "C:\Users\Hugh\Python_venvs\workstation1_venv\Lib\site-packages\fastapi\routing.py", line 213, in run_endpoint_function
    |     return await dependant.call(**values)
    |            ^^^^^^^^^^^^^^^^^^^^^^^^^^^^^^
    |   File "C:\Users\Hugh\Python_venvs\workstation1_venv\Lib\site-packages\nicegui\page.py", line 148, in decorated
    |     return create_error_page(e, request)
    |   File "C:\Users\Hugh\Python_venvs\workstation1_venv\Lib\site-packages\nicegui\page.py", line 115, in create_error_page
    |     raise e
    |   File "C:\Users\Hugh\Python_venvs\workstation1_venv\Lib\site-packages\nicegui\page.py", line 146, in decorated
    |     result = func(*dec_args, **dec_kwargs)
    |   File "F:\VulcanConnect2025-09\frontend\pages\batch_drawings_export.py", line 29, in batch_drawings_export_page
    |     ui.button('EXPORT DRAWINGS', on_click=start_export_task).classes('mt-4')
    |                                           ^^^^^^^^^^^^^^^^^
    | UnboundLocalError: cannot access local variable 'start_export_task' where it is not associated with a value
    +------------------------------------

During handling of the above exception, another exception occurred:

Traceback (most recent call last):
  File "C:\Users\Hugh\Python_venvs\workstation1_venv\Lib\site-packages\starlette\middleware\errors.py", line 164, in __call__
    await self.app(scope, receive, _send)
  File "C:\Users\Hugh\Python_venvs\workstation1_venv\Lib\site-packages\starlette\middleware\base.py", line 182, in __call__
    with recv_stream, send_stream, collapse_excgroups():
                                   ~~~~~~~~~~~~~~~~~~^^
  File "C:\Users\Hugh\AppData\Local\Programs\Python\Python313\Lib\contextlib.py", line 162, in __exit__
    self.gen.throw(value)
    ~~~~~~~~~~~~~~^^^^^^^
  File "C:\Users\Hugh\Python_venvs\workstation1_venv\Lib\site-packages\starlette\_utils.py", line 83, in collapse_excgroups
    raise exc
  File "C:\Users\Hugh\Python_venvs\workstation1_venv\Lib\site-packages\starlette\middleware\base.py", line 184, in __call__
    response = await self.dispatch_func(request, call_next)
               ^^^^^^^^^^^^^^^^^^^^^^^^^^^^^^^^^^^^^^^^^^^^
  File "C:\Users\Hugh\Python_venvs\workstation1_venv\Lib\site-packages\nicegui\middlewares.py", line 23, in dispatch
    response = await call_next(request)
               ^^^^^^^^^^^^^^^^^^^^^^^^
  File "C:\Users\Hugh\Python_venvs\workstation1_venv\Lib\site-packages\starlette\middleware\base.py", line 159, in call_next
    raise app_exc
  File "C:\Users\Hugh\Python_venvs\workstation1_venv\Lib\site-packages\starlette\middleware\base.py", line 144, in coro
    await self.app(scope, receive_or_disconnect, send_no_error)
  File "C:\Users\Hugh\Python_venvs\workstation1_venv\Lib\site-packages\starlette\middleware\base.py", line 182, in __call__
    with recv_stream, send_stream, collapse_excgroups():
                                   ~~~~~~~~~~~~~~~~~~^^
  File "C:\Users\Hugh\AppData\Local\Programs\Python\Python313\Lib\contextlib.py", line 162, in __exit__
    self.gen.throw(value)
    ~~~~~~~~~~~~~~^^^^^^^
  File "C:\Users\Hugh\Python_venvs\workstation1_venv\Lib\site-packages\starlette\_utils.py", line 83, in collapse_excgroups
    raise exc
  File "C:\Users\Hugh\Python_venvs\workstation1_venv\Lib\site-packages\starlette\middleware\base.py", line 184, in __call__
    response = await self.dispatch_func(request, call_next)
               ^^^^^^^^^^^^^^^^^^^^^^^^^^^^^^^^^^^^^^^^^^^^
  File "C:\Users\Hugh\Python_venvs\workstation1_venv\Lib\site-packages\nicegui\middlewares.py", line 13, in dispatch
    response = await call_next(request)
               ^^^^^^^^^^^^^^^^^^^^^^^^
  File "C:\Users\Hugh\Python_venvs\workstation1_venv\Lib\site-packages\starlette\middleware\base.py", line 159, in call_next
    raise app_exc
  File "C:\Users\Hugh\Python_venvs\workstation1_venv\Lib\site-packages\starlette\middleware\base.py", line 144, in coro
    await self.app(scope, receive_or_disconnect, send_no_error)
  File "C:\Users\Hugh\Python_venvs\workstation1_venv\Lib\site-packages\starlette\middleware\gzip.py", line 29, in __call__
    await responder(scope, receive, send)
  File "C:\Users\Hugh\Python_venvs\workstation1_venv\Lib\site-packages\starlette\middleware\gzip.py", line 130, in __call__
    await super().__call__(scope, receive, send)
  File "C:\Users\Hugh\Python_venvs\workstation1_venv\Lib\site-packages\starlette\middleware\gzip.py", line 46, in __call__
    await self.app(scope, receive, self.send_with_compression)
  File "C:\Users\Hugh\Python_venvs\workstation1_venv\Lib\site-packages\starlette\middleware\exceptions.py", line 63, in __call__
    await wrap_app_handling_exceptions(self.app, conn)(scope, receive, send)
  File "C:\Users\Hugh\Python_venvs\workstation1_venv\Lib\site-packages\starlette\_exception_handler.py", line 53, in wrapped_app
    raise exc
  File "C:\Users\Hugh\Python_venvs\workstation1_venv\Lib\site-packages\starlette\_exception_handler.py", line 42, in wrapped_app
    await app(scope, receive, sender)
  File "C:\Users\Hugh\Python_venvs\workstation1_venv\Lib\site-packages\starlette\routing.py", line 716, in __call__
    await self.middleware_stack(scope, receive, send)
  File "C:\Users\Hugh\Python_venvs\workstation1_venv\Lib\site-packages\starlette\routing.py", line 736, in app
    await route.handle(scope, receive, send)
  File "C:\Users\Hugh\Python_venvs\workstation1_venv\Lib\site-packages\starlette\routing.py", line 290, in handle
    await self.app(scope, receive, send)
  File "C:\Users\Hugh\Python_venvs\workstation1_venv\Lib\site-packages\starlette\routing.py", line 78, in app
    await wrap_app_handling_exceptions(app, request)(scope, receive, send)
  File "C:\Users\Hugh\Python_venvs\workstation1_venv\Lib\site-packages\starlette\_exception_handler.py", line 53, in wrapped_app
    raise exc
  File "C:\Users\Hugh\Python_venvs\workstation1_venv\Lib\site-packages\starlette\_exception_handler.py", line 42, in wrapped_app
    await app(scope, receive, sender)
  File "C:\Users\Hugh\Python_venvs\workstation1_venv\Lib\site-packages\starlette\routing.py", line 75, in app
    response = await f(request)
               ^^^^^^^^^^^^^^^^
  File "C:\Users\Hugh\Python_venvs\workstation1_venv\Lib\site-packages\fastapi\routing.py", line 302, in app
    raw_response = await run_endpoint_function(
                   ^^^^^^^^^^^^^^^^^^^^^^^^^^^^
    ...<3 lines>...
    )
    ^
  File "C:\Users\Hugh\Python_venvs\workstation1_venv\Lib\site-packages\fastapi\routing.py", line 213, in run_endpoint_function
    return await dependant.call(**values)
           ^^^^^^^^^^^^^^^^^^^^^^^^^^^^^^
  File "C:\Users\Hugh\Python_venvs\workstation1_venv\Lib\site-packages\nicegui\page.py", line 148, in decorated
    return create_error_page(e, request)
  File "C:\Users\Hugh\Python_venvs\workstation1_venv\Lib\site-packages\nicegui\page.py", line 115, in create_error_page
    raise e
  File "C:\Users\Hugh\Python_venvs\workstation1_venv\Lib\site-packages\nicegui\page.py", line 146, in decorated
    result = func(*dec_args, **dec_kwargs)
  File "F:\VulcanConnect2025-09\frontend\pages\batch_drawings_export.py", line 29, in batch_drawings_export_page
    ui.button('EXPORT DRAWINGS', on_click=start_export_task).classes('mt-4')
                                          ^^^^^^^^^^^^^^^^^
UnboundLocalError: cannot access local variable 'start_export_task' where it is not associated with a value
ERROR:nicegui:cannot access local variable 'start_export_task' where it is not associated with a value
  + Exception Group Traceback (most recent call last):
  |   File "C:\Users\Hugh\Python_venvs\workstation1_venv\Lib\site-packages\starlette\_utils.py", line 77, in collapse_excgroups
  |     yield
  |   File "C:\Users\Hugh\Python_venvs\workstation1_venv\Lib\site-packages\starlette\middleware\base.py", line 183, in __call__
  |     async with anyio.create_task_group() as task_group:
  |                ~~~~~~~~~~~~~~~~~~~~~~~^^
  |   File "C:\Users\Hugh\Python_venvs\workstation1_venv\Lib\site-packages\anyio\_backends\_asyncio.py", line 772, in __aexit__
  |     raise BaseExceptionGroup(
  |         "unhandled errors in a TaskGroup", self._exceptions
  |     ) from None
  | ExceptionGroup: unhandled errors in a TaskGroup (1 sub-exception)
  +-+---------------- 1 ----------------
    | Traceback (most recent call last):
    |   File "C:\Users\Hugh\Python_venvs\workstation1_venv\Lib\site-packages\starlette\middleware\errors.py", line 164, in __call__
    |     await self.app(scope, receive, _send)
    |   File "C:\Users\Hugh\Python_venvs\workstation1_venv\Lib\site-packages\starlette\middleware\base.py", line 182, in __call__
    |     with recv_stream, send_stream, collapse_excgroups():
    |                                    ~~~~~~~~~~~~~~~~~~^^
    |   File "C:\Users\Hugh\AppData\Local\Programs\Python\Python313\Lib\contextlib.py", line 162, in __exit__
    |     self.gen.throw(value)
    |     ~~~~~~~~~~~~~~^^^^^^^
    |   File "C:\Users\Hugh\Python_venvs\workstation1_venv\Lib\site-packages\starlette\_utils.py", line 83, in collapse_excgroups
    |     raise exc
    |   File "C:\Users\Hugh\Python_venvs\workstation1_venv\Lib\site-packages\starlette\middleware\base.py", line 184, in __call__
    |     response = await self.dispatch_func(request, call_next)
    |                ^^^^^^^^^^^^^^^^^^^^^^^^^^^^^^^^^^^^^^^^^^^^
    |   File "C:\Users\Hugh\Python_venvs\workstation1_venv\Lib\site-packages\nicegui\middlewares.py", line 23, in dispatch
    |     response = await call_next(request)
    |                ^^^^^^^^^^^^^^^^^^^^^^^^
    |   File "C:\Users\Hugh\Python_venvs\workstation1_venv\Lib\site-packages\starlette\middleware\base.py", line 159, in call_next
    |     raise app_exc
    |   File "C:\Users\Hugh\Python_venvs\workstation1_venv\Lib\site-packages\starlette\middleware\base.py", line 144, in coro
    |     await self.app(scope, receive_or_disconnect, send_no_error)
    |   File "C:\Users\Hugh\Python_venvs\workstation1_venv\Lib\site-packages\starlette\middleware\base.py", line 182, in __call__
    |     with recv_stream, send_stream, collapse_excgroups():
    |                                    ~~~~~~~~~~~~~~~~~~^^
    |   File "C:\Users\Hugh\AppData\Local\Programs\Python\Python313\Lib\contextlib.py", line 162, in __exit__
    |     self.gen.throw(value)
    |     ~~~~~~~~~~~~~~^^^^^^^
    |   File "C:\Users\Hugh\Python_venvs\workstation1_venv\Lib\site-packages\starlette\_utils.py", line 83, in collapse_excgroups
    |     raise exc
    |   File "C:\Users\Hugh\Python_venvs\workstation1_venv\Lib\site-packages\starlette\middleware\base.py", line 184, in __call__
    |     response = await self.dispatch_func(request, call_next)
    |                ^^^^^^^^^^^^^^^^^^^^^^^^^^^^^^^^^^^^^^^^^^^^
    |   File "C:\Users\Hugh\Python_venvs\workstation1_venv\Lib\site-packages\nicegui\middlewares.py", line 13, in dispatch
    |     response = await call_next(request)
    |                ^^^^^^^^^^^^^^^^^^^^^^^^
    |   File "C:\Users\Hugh\Python_venvs\workstation1_venv\Lib\site-packages\starlette\middleware\base.py", line 159, in call_next
    |     raise app_exc
    |   File "C:\Users\Hugh\Python_venvs\workstation1_venv\Lib\site-packages\starlette\middleware\base.py", line 144, in coro
    |     await self.app(scope, receive_or_disconnect, send_no_error)
    |   File "C:\Users\Hugh\Python_venvs\workstation1_venv\Lib\site-packages\starlette\middleware\gzip.py", line 29, in __call__
    |     await responder(scope, receive, send)
    |   File "C:\Users\Hugh\Python_venvs\workstation1_venv\Lib\site-packages\starlette\middleware\gzip.py", line 130, in __call__
    |     await super().__call__(scope, receive, send)
    |   File "C:\Users\Hugh\Python_venvs\workstation1_venv\Lib\site-packages\starlette\middleware\gzip.py", line 46, in __call__
    |     await self.app(scope, receive, self.send_with_compression)
    |   File "C:\Users\Hugh\Python_venvs\workstation1_venv\Lib\site-packages\starlette\middleware\exceptions.py", line 63, in __call__
    |     await wrap_app_handling_exceptions(self.app, conn)(scope, receive, send)
    |   File "C:\Users\Hugh\Python_venvs\workstation1_venv\Lib\site-packages\starlette\_exception_handler.py", line 53, in wrapped_app
    |     raise exc
    |   File "C:\Users\Hugh\Python_venvs\workstation1_venv\Lib\site-packages\starlette\_exception_handler.py", line 42, in wrapped_app
    |     await app(scope, receive, sender)
    |   File "C:\Users\Hugh\Python_venvs\workstation1_venv\Lib\site-packages\starlette\routing.py", line 716, in __call__
    |     await self.middleware_stack(scope, receive, send)
    |   File "C:\Users\Hugh\Python_venvs\workstation1_venv\Lib\site-packages\starlette\routing.py", line 736, in app
    |     await route.handle(scope, receive, send)
    |   File "C:\Users\Hugh\Python_venvs\workstation1_venv\Lib\site-packages\starlette\routing.py", line 290, in handle
    |     await self.app(scope, receive, send)
    |   File "C:\Users\Hugh\Python_venvs\workstation1_venv\Lib\site-packages\starlette\routing.py", line 78, in app
    |     await wrap_app_handling_exceptions(app, request)(scope, receive, send)
    |   File "C:\Users\Hugh\Python_venvs\workstation1_venv\Lib\site-packages\starlette\_exception_handler.py", line 53, in wrapped_app
    |     raise exc
    |   File "C:\Users\Hugh\Python_venvs\workstation1_venv\Lib\site-packages\starlette\_exception_handler.py", line 42, in wrapped_app
    |     await app(scope, receive, sender)
    |   File "C:\Users\Hugh\Python_venvs\workstation1_venv\Lib\site-packages\starlette\routing.py", line 75, in app
    |     response = await f(request)
    |                ^^^^^^^^^^^^^^^^
    |   File "C:\Users\Hugh\Python_venvs\workstation1_venv\Lib\site-packages\fastapi\routing.py", line 302, in app
    |     raw_response = await run_endpoint_function(
    |                    ^^^^^^^^^^^^^^^^^^^^^^^^^^^^
    |     ...<3 lines>...
    |     )
    |     ^
    |   File "C:\Users\Hugh\Python_venvs\workstation1_venv\Lib\site-packages\fastapi\routing.py", line 213, in run_endpoint_function
    |     return await dependant.call(**values)
    |            ^^^^^^^^^^^^^^^^^^^^^^^^^^^^^^
    |   File "C:\Users\Hugh\Python_venvs\workstation1_venv\Lib\site-packages\nicegui\page.py", line 148, in decorated
    |     return create_error_page(e, request)
    |   File "C:\Users\Hugh\Python_venvs\workstation1_venv\Lib\site-packages\nicegui\page.py", line 115, in create_error_page
    |     raise e
    |   File "C:\Users\Hugh\Python_venvs\workstation1_venv\Lib\site-packages\nicegui\page.py", line 146, in decorated
    |     result = func(*dec_args, **dec_kwargs)
    |   File "F:\VulcanConnect2025-09\frontend\pages\batch_drawings_export.py", line 29, in batch_drawings_export_page
    |     ui.button('EXPORT DRAWINGS', on_click=start_export_task).classes('mt-4')
    |                                           ^^^^^^^^^^^^^^^^^
    | UnboundLocalError: cannot access local variable 'start_export_task' where it is not associated with a value
    +------------------------------------

During handling of the above exception, another exception occurred:

Traceback (most recent call last):
  File "C:\Users\Hugh\Python_venvs\workstation1_venv\Lib\site-packages\starlette\middleware\errors.py", line 164, in __call__
    await self.app(scope, receive, _send)
  File "C:\Users\Hugh\Python_venvs\workstation1_venv\Lib\site-packages\starlette\middleware\base.py", line 182, in __call__
    with recv_stream, send_stream, collapse_excgroups():
                                   ~~~~~~~~~~~~~~~~~~^^
  File "C:\Users\Hugh\AppData\Local\Programs\Python\Python313\Lib\contextlib.py", line 162, in __exit__
    self.gen.throw(value)
    ~~~~~~~~~~~~~~^^^^^^^
  File "C:\Users\Hugh\Python_venvs\workstation1_venv\Lib\site-packages\starlette\_utils.py", line 83, in collapse_excgroups
    raise exc
  File "C:\Users\Hugh\Python_venvs\workstation1_venv\Lib\site-packages\starlette\middleware\base.py", line 184, in __call__
    response = await self.dispatch_func(request, call_next)
               ^^^^^^^^^^^^^^^^^^^^^^^^^^^^^^^^^^^^^^^^^^^^
  File "C:\Users\Hugh\Python_venvs\workstation1_venv\Lib\site-packages\nicegui\middlewares.py", line 23, in dispatch
    response = await call_next(request)
               ^^^^^^^^^^^^^^^^^^^^^^^^
  File "C:\Users\Hugh\Python_venvs\workstation1_venv\Lib\site-packages\starlette\middleware\base.py", line 159, in call_next
    raise app_exc
  File "C:\Users\Hugh\Python_venvs\workstation1_venv\Lib\site-packages\starlette\middleware\base.py", line 144, in coro
    await self.app(scope, receive_or_disconnect, send_no_error)
  File "C:\Users\Hugh\Python_venvs\workstation1_venv\Lib\site-packages\starlette\middleware\base.py", line 182, in __call__
    with recv_stream, send_stream, collapse_excgroups():
                                   ~~~~~~~~~~~~~~~~~~^^
  File "C:\Users\Hugh\AppData\Local\Programs\Python\Python313\Lib\contextlib.py", line 162, in __exit__
    self.gen.throw(value)
    ~~~~~~~~~~~~~~^^^^^^^
  File "C:\Users\Hugh\Python_venvs\workstation1_venv\Lib\site-packages\starlette\_utils.py", line 83, in collapse_excgroups
    raise exc
  File "C:\Users\Hugh\Python_venvs\workstation1_venv\Lib\site-packages\starlette\middleware\base.py", line 184, in __call__
    response = await self.dispatch_func(request, call_next)
               ^^^^^^^^^^^^^^^^^^^^^^^^^^^^^^^^^^^^^^^^^^^^
  File "C:\Users\Hugh\Python_venvs\workstation1_venv\Lib\site-packages\nicegui\middlewares.py", line 13, in dispatch
    response = await call_next(request)
               ^^^^^^^^^^^^^^^^^^^^^^^^
  File "C:\Users\Hugh\Python_venvs\workstation1_venv\Lib\site-packages\starlette\middleware\base.py", line 159, in call_next
    raise app_exc
  File "C:\Users\Hugh\Python_venvs\workstation1_venv\Lib\site-packages\starlette\middleware\base.py", line 144, in coro
    await self.app(scope, receive_or_disconnect, send_no_error)
  File "C:\Users\Hugh\Python_venvs\workstation1_venv\Lib\site-packages\starlette\middleware\gzip.py", line 29, in __call__
    await responder(scope, receive, send)
  File "C:\Users\Hugh\Python_venvs\workstation1_venv\Lib\site-packages\starlette\middleware\gzip.py", line 130, in __call__
    await super().__call__(scope, receive, send)
  File "C:\Users\Hugh\Python_venvs\workstation1_venv\Lib\site-packages\starlette\middleware\gzip.py", line 46, in __call__
    await self.app(scope, receive, self.send_with_compression)
  File "C:\Users\Hugh\Python_venvs\workstation1_venv\Lib\site-packages\starlette\middleware\exceptions.py", line 63, in __call__
    await wrap_app_handling_exceptions(self.app, conn)(scope, receive, send)
  File "C:\Users\Hugh\Python_venvs\workstation1_venv\Lib\site-packages\starlette\_exception_handler.py", line 53, in wrapped_app
    raise exc
  File "C:\Users\Hugh\Python_venvs\workstation1_venv\Lib\site-packages\starlette\_exception_handler.py", line 42, in wrapped_app
    await app(scope, receive, sender)
  File "C:\Users\Hugh\Python_venvs\workstation1_venv\Lib\site-packages\starlette\routing.py", line 716, in __call__
    await self.middleware_stack(scope, receive, send)
  File "C:\Users\Hugh\Python_venvs\workstation1_venv\Lib\site-packages\starlette\routing.py", line 736, in app
    await route.handle(scope, receive, send)
  File "C:\Users\Hugh\Python_venvs\workstation1_venv\Lib\site-packages\starlette\routing.py", line 290, in handle
    await self.app(scope, receive, send)
  File "C:\Users\Hugh\Python_venvs\workstation1_venv\Lib\site-packages\starlette\routing.py", line 78, in app
    await wrap_app_handling_exceptions(app, request)(scope, receive, send)
  File "C:\Users\Hugh\Python_venvs\workstation1_venv\Lib\site-packages\starlette\_exception_handler.py", line 53, in wrapped_app
    raise exc
  File "C:\Users\Hugh\Python_venvs\workstation1_venv\Lib\site-packages\starlette\_exception_handler.py", line 42, in wrapped_app
    await app(scope, receive, sender)
  File "C:\Users\Hugh\Python_venvs\workstation1_venv\Lib\site-packages\starlette\routing.py", line 75, in app
    response = await f(request)
               ^^^^^^^^^^^^^^^^
  File "C:\Users\Hugh\Python_venvs\workstation1_venv\Lib\site-packages\fastapi\routing.py", line 302, in app
    raw_response = await run_endpoint_function(
                   ^^^^^^^^^^^^^^^^^^^^^^^^^^^^
    ...<3 lines>...
    )
    ^
  File "C:\Users\Hugh\Python_venvs\workstation1_venv\Lib\site-packages\fastapi\routing.py", line 213, in run_endpoint_function
    return await dependant.call(**values)
           ^^^^^^^^^^^^^^^^^^^^^^^^^^^^^^
  File "C:\Users\Hugh\Python_venvs\workstation1_venv\Lib\site-packages\nicegui\page.py", line 148, in decorated
    return create_error_page(e, request)
  File "C:\Users\Hugh\Python_venvs\workstation1_venv\Lib\site-packages\nicegui\page.py", line 115, in create_error_page
    raise e
  File "C:\Users\Hugh\Python_venvs\workstation1_venv\Lib\site-packages\nicegui\page.py", line 146, in decorated
    result = func(*dec_args, **dec_kwargs)
  File "F:\VulcanConnect2025-09\frontend\pages\batch_drawings_export.py", line 29, in batch_drawings_export_page
    ui.button('EXPORT DRAWINGS', on_click=start_export_task).classes('mt-4')
                                          ^^^^^^^^^^^^^^^^^
UnboundLocalError: cannot access local variable 'start_export_task' where it is not associated with a value
ERROR:nicegui:cannot access local variable 'start_export_task' where it is not associated with a value
  + Exception Group Traceback (most recent call last):
  |   File "C:\Users\Hugh\Python_venvs\workstation1_venv\Lib\site-packages\starlette\_utils.py", line 77, in collapse_excgroups
  |     yield
  |   File "C:\Users\Hugh\Python_venvs\workstation1_venv\Lib\site-packages\starlette\middleware\base.py", line 183, in __call__
  |     async with anyio.create_task_group() as task_group:
  |                ~~~~~~~~~~~~~~~~~~~~~~~^^
  |   File "C:\Users\Hugh\Python_venvs\workstation1_venv\Lib\site-packages\anyio\_backends\_asyncio.py", line 772, in __aexit__
  |     raise BaseExceptionGroup(
  |         "unhandled errors in a TaskGroup", self._exceptions
  |     ) from None
  | ExceptionGroup: unhandled errors in a TaskGroup (1 sub-exception)
  +-+---------------- 1 ----------------
    | Traceback (most recent call last):
    |   File "C:\Users\Hugh\Python_venvs\workstation1_venv\Lib\site-packages\starlette\middleware\errors.py", line 164, in __call__
    |     await self.app(scope, receive, _send)
    |   File "C:\Users\Hugh\Python_venvs\workstation1_venv\Lib\site-packages\starlette\middleware\base.py", line 182, in __call__
    |     with recv_stream, send_stream, collapse_excgroups():
    |                                    ~~~~~~~~~~~~~~~~~~^^
    |   File "C:\Users\Hugh\AppData\Local\Programs\Python\Python313\Lib\contextlib.py", line 162, in __exit__
    |     self.gen.throw(value)
    |     ~~~~~~~~~~~~~~^^^^^^^
    |   File "C:\Users\Hugh\Python_venvs\workstation1_venv\Lib\site-packages\starlette\_utils.py", line 83, in collapse_excgroups
    |     raise exc
    |   File "C:\Users\Hugh\Python_venvs\workstation1_venv\Lib\site-packages\starlette\middleware\base.py", line 184, in __call__
    |     response = await self.dispatch_func(request, call_next)
    |                ^^^^^^^^^^^^^^^^^^^^^^^^^^^^^^^^^^^^^^^^^^^^
    |   File "C:\Users\Hugh\Python_venvs\workstation1_venv\Lib\site-packages\nicegui\middlewares.py", line 23, in dispatch
    |     response = await call_next(request)
    |                ^^^^^^^^^^^^^^^^^^^^^^^^
    |   File "C:\Users\Hugh\Python_venvs\workstation1_venv\Lib\site-packages\starlette\middleware\base.py", line 159, in call_next
    |     raise app_exc
    |   File "C:\Users\Hugh\Python_venvs\workstation1_venv\Lib\site-packages\starlette\middleware\base.py", line 144, in coro
    |     await self.app(scope, receive_or_disconnect, send_no_error)
    |   File "C:\Users\Hugh\Python_venvs\workstation1_venv\Lib\site-packages\starlette\middleware\base.py", line 182, in __call__
    |     with recv_stream, send_stream, collapse_excgroups():
    |                                    ~~~~~~~~~~~~~~~~~~^^
    |   File "C:\Users\Hugh\AppData\Local\Programs\Python\Python313\Lib\contextlib.py", line 162, in __exit__
    |     self.gen.throw(value)
    |     ~~~~~~~~~~~~~~^^^^^^^
    |   File "C:\Users\Hugh\Python_venvs\workstation1_venv\Lib\site-packages\starlette\_utils.py", line 83, in collapse_excgroups
    |     raise exc
    |   File "C:\Users\Hugh\Python_venvs\workstation1_venv\Lib\site-packages\starlette\middleware\base.py", line 184, in __call__
    |     response = await self.dispatch_func(request, call_next)
    |                ^^^^^^^^^^^^^^^^^^^^^^^^^^^^^^^^^^^^^^^^^^^^
    |   File "C:\Users\Hugh\Python_venvs\workstation1_venv\Lib\site-packages\nicegui\middlewares.py", line 13, in dispatch
    |     response = await call_next(request)
    |                ^^^^^^^^^^^^^^^^^^^^^^^^
    |   File "C:\Users\Hugh\Python_venvs\workstation1_venv\Lib\site-packages\starlette\middleware\base.py", line 159, in call_next
    |     raise app_exc
    |   File "C:\Users\Hugh\Python_venvs\workstation1_venv\Lib\site-packages\starlette\middleware\base.py", line 144, in coro
    |     await self.app(scope, receive_or_disconnect, send_no_error)
    |   File "C:\Users\Hugh\Python_venvs\workstation1_venv\Lib\site-packages\starlette\middleware\gzip.py", line 29, in __call__
    |     await responder(scope, receive, send)
    |   File "C:\Users\Hugh\Python_venvs\workstation1_venv\Lib\site-packages\starlette\middleware\gzip.py", line 130, in __call__
    |     await super().__call__(scope, receive, send)
    |   File "C:\Users\Hugh\Python_venvs\workstation1_venv\Lib\site-packages\starlette\middleware\gzip.py", line 46, in __call__
    |     await self.app(scope, receive, self.send_with_compression)
    |   File "C:\Users\Hugh\Python_venvs\workstation1_venv\Lib\site-packages\starlette\middleware\exceptions.py", line 63, in __call__
    |     await wrap_app_handling_exceptions(self.app, conn)(scope, receive, send)
    |   File "C:\Users\Hugh\Python_venvs\workstation1_venv\Lib\site-packages\starlette\_exception_handler.py", line 53, in wrapped_app
    |     raise exc
    |   File "C:\Users\Hugh\Python_venvs\workstation1_venv\Lib\site-packages\starlette\_exception_handler.py", line 42, in wrapped_app
    |     await app(scope, receive, sender)
    |   File "C:\Users\Hugh\Python_venvs\workstation1_venv\Lib\site-packages\starlette\routing.py", line 716, in __call__
    |     await self.middleware_stack(scope, receive, send)
    |   File "C:\Users\Hugh\Python_venvs\workstation1_venv\Lib\site-packages\starlette\routing.py", line 736, in app
    |     await route.handle(scope, receive, send)
    |   File "C:\Users\Hugh\Python_venvs\workstation1_venv\Lib\site-packages\starlette\routing.py", line 290, in handle
    |     await self.app(scope, receive, send)
    |   File "C:\Users\Hugh\Python_venvs\workstation1_venv\Lib\site-packages\starlette\routing.py", line 78, in app
    |     await wrap_app_handling_exceptions(app, request)(scope, receive, send)
    |   File "C:\Users\Hugh\Python_venvs\workstation1_venv\Lib\site-packages\starlette\_exception_handler.py", line 53, in wrapped_app
    |     raise exc
    |   File "C:\Users\Hugh\Python_venvs\workstation1_venv\Lib\site-packages\starlette\_exception_handler.py", line 42, in wrapped_app
    |     await app(scope, receive, sender)
    |   File "C:\Users\Hugh\Python_venvs\workstation1_venv\Lib\site-packages\starlette\routing.py", line 75, in app
    |     response = await f(request)
    |                ^^^^^^^^^^^^^^^^
    |   File "C:\Users\Hugh\Python_venvs\workstation1_venv\Lib\site-packages\fastapi\routing.py", line 302, in app
    |     raw_response = await run_endpoint_function(
    |                    ^^^^^^^^^^^^^^^^^^^^^^^^^^^^
    |     ...<3 lines>...
    |     )
    |     ^
    |   File "C:\Users\Hugh\Python_venvs\workstation1_venv\Lib\site-packages\fastapi\routing.py", line 213, in run_endpoint_function
    |     return await dependant.call(**values)
    |            ^^^^^^^^^^^^^^^^^^^^^^^^^^^^^^
    |   File "C:\Users\Hugh\Python_venvs\workstation1_venv\Lib\site-packages\nicegui\page.py", line 148, in decorated
    |     return create_error_page(e, request)
    |   File "C:\Users\Hugh\Python_venvs\workstation1_venv\Lib\site-packages\nicegui\page.py", line 115, in create_error_page
    |     raise e
    |   File "C:\Users\Hugh\Python_venvs\workstation1_venv\Lib\site-packages\nicegui\page.py", line 146, in decorated
    |     result = func(*dec_args, **dec_kwargs)
    |   File "F:\VulcanConnect2025-09\frontend\pages\batch_drawings_export.py", line 29, in batch_drawings_export_page
    |     ui.button('EXPORT DRAWINGS', on_click=start_export_task).classes('mt-4')
    |                                           ^^^^^^^^^^^^^^^^^
    | UnboundLocalError: cannot access local variable 'start_export_task' where it is not associated with a value
    +------------------------------------

During handling of the above exception, another exception occurred:

Traceback (most recent call last):
  File "C:\Users\Hugh\Python_venvs\workstation1_venv\Lib\site-packages\starlette\middleware\errors.py", line 164, in __call__
    await self.app(scope, receive, _send)
  File "C:\Users\Hugh\Python_venvs\workstation1_venv\Lib\site-packages\starlette\middleware\base.py", line 182, in __call__
    with recv_stream, send_stream, collapse_excgroups():
                                   ~~~~~~~~~~~~~~~~~~^^
  File "C:\Users\Hugh\AppData\Local\Programs\Python\Python313\Lib\contextlib.py", line 162, in __exit__
    self.gen.throw(value)
    ~~~~~~~~~~~~~~^^^^^^^
  File "C:\Users\Hugh\Python_venvs\workstation1_venv\Lib\site-packages\starlette\_utils.py", line 83, in collapse_excgroups
    raise exc
  File "C:\Users\Hugh\Python_venvs\workstation1_venv\Lib\site-packages\starlette\middleware\base.py", line 184, in __call__
    response = await self.dispatch_func(request, call_next)
               ^^^^^^^^^^^^^^^^^^^^^^^^^^^^^^^^^^^^^^^^^^^^
  File "C:\Users\Hugh\Python_venvs\workstation1_venv\Lib\site-packages\nicegui\middlewares.py", line 23, in dispatch
    response = await call_next(request)
               ^^^^^^^^^^^^^^^^^^^^^^^^
  File "C:\Users\Hugh\Python_venvs\workstation1_venv\Lib\site-packages\starlette\middleware\base.py", line 159, in call_next
    raise app_exc
  File "C:\Users\Hugh\Python_venvs\workstation1_venv\Lib\site-packages\starlette\middleware\base.py", line 144, in coro
    await self.app(scope, receive_or_disconnect, send_no_error)
  File "C:\Users\Hugh\Python_venvs\workstation1_venv\Lib\site-packages\starlette\middleware\base.py", line 182, in __call__
    with recv_stream, send_stream, collapse_excgroups():
                                   ~~~~~~~~~~~~~~~~~~^^
  File "C:\Users\Hugh\AppData\Local\Programs\Python\Python313\Lib\contextlib.py", line 162, in __exit__
    self.gen.throw(value)
    ~~~~~~~~~~~~~~^^^^^^^
  File "C:\Users\Hugh\Python_venvs\workstation1_venv\Lib\site-packages\starlette\_utils.py", line 83, in collapse_excgroups
    raise exc
  File "C:\Users\Hugh\Python_venvs\workstation1_venv\Lib\site-packages\starlette\middleware\base.py", line 184, in __call__
    response = await self.dispatch_func(request, call_next)
               ^^^^^^^^^^^^^^^^^^^^^^^^^^^^^^^^^^^^^^^^^^^^
  File "C:\Users\Hugh\Python_venvs\workstation1_venv\Lib\site-packages\nicegui\middlewares.py", line 13, in dispatch
    response = await call_next(request)
               ^^^^^^^^^^^^^^^^^^^^^^^^
  File "C:\Users\Hugh\Python_venvs\workstation1_venv\Lib\site-packages\starlette\middleware\base.py", line 159, in call_next
    raise app_exc
  File "C:\Users\Hugh\Python_venvs\workstation1_venv\Lib\site-packages\starlette\middleware\base.py", line 144, in coro
    await self.app(scope, receive_or_disconnect, send_no_error)
  File "C:\Users\Hugh\Python_venvs\workstation1_venv\Lib\site-packages\starlette\middleware\gzip.py", line 29, in __call__
    await responder(scope, receive, send)
  File "C:\Users\Hugh\Python_venvs\workstation1_venv\Lib\site-packages\starlette\middleware\gzip.py", line 130, in __call__
    await super().__call__(scope, receive, send)
  File "C:\Users\Hugh\Python_venvs\workstation1_venv\Lib\site-packages\starlette\middleware\gzip.py", line 46, in __call__
    await self.app(scope, receive, self.send_with_compression)
  File "C:\Users\Hugh\Python_venvs\workstation1_venv\Lib\site-packages\starlette\middleware\exceptions.py", line 63, in __call__
    await wrap_app_handling_exceptions(self.app, conn)(scope, receive, send)
  File "C:\Users\Hugh\Python_venvs\workstation1_venv\Lib\site-packages\starlette\_exception_handler.py", line 53, in wrapped_app
    raise exc
  File "C:\Users\Hugh\Python_venvs\workstation1_venv\Lib\site-packages\starlette\_exception_handler.py", line 42, in wrapped_app
    await app(scope, receive, sender)
  File "C:\Users\Hugh\Python_venvs\workstation1_venv\Lib\site-packages\starlette\routing.py", line 716, in __call__
    await self.middleware_stack(scope, receive, send)
  File "C:\Users\Hugh\Python_venvs\workstation1_venv\Lib\site-packages\starlette\routing.py", line 736, in app
    await route.handle(scope, receive, send)
  File "C:\Users\Hugh\Python_venvs\workstation1_venv\Lib\site-packages\starlette\routing.py", line 290, in handle
    await self.app(scope, receive, send)
  File "C:\Users\Hugh\Python_venvs\workstation1_venv\Lib\site-packages\starlette\routing.py", line 78, in app
    await wrap_app_handling_exceptions(app, request)(scope, receive, send)
  File "C:\Users\Hugh\Python_venvs\workstation1_venv\Lib\site-packages\starlette\_exception_handler.py", line 53, in wrapped_app
    raise exc
  File "C:\Users\Hugh\Python_venvs\workstation1_venv\Lib\site-packages\starlette\_exception_handler.py", line 42, in wrapped_app
    await app(scope, receive, sender)
  File "C:\Users\Hugh\Python_venvs\workstation1_venv\Lib\site-packages\starlette\routing.py", line 75, in app
    response = await f(request)
               ^^^^^^^^^^^^^^^^
  File "C:\Users\Hugh\Python_venvs\workstation1_venv\Lib\site-packages\fastapi\routing.py", line 302, in app
    raw_response = await run_endpoint_function(
                   ^^^^^^^^^^^^^^^^^^^^^^^^^^^^
    ...<3 lines>...
    )
    ^
  File "C:\Users\Hugh\Python_venvs\workstation1_venv\Lib\site-packages\fastapi\routing.py", line 213, in run_endpoint_function
    return await dependant.call(**values)
           ^^^^^^^^^^^^^^^^^^^^^^^^^^^^^^
  File "C:\Users\Hugh\Python_venvs\workstation1_venv\Lib\site-packages\nicegui\page.py", line 148, in decorated
    return create_error_page(e, request)
  File "C:\Users\Hugh\Python_venvs\workstation1_venv\Lib\site-packages\nicegui\page.py", line 115, in create_error_page
    raise e
  File "C:\Users\Hugh\Python_venvs\workstation1_venv\Lib\site-packages\nicegui\page.py", line 146, in decorated
    result = func(*dec_args, **dec_kwargs)
  File "F:\VulcanConnect2025-09\frontend\pages\batch_drawings_export.py", line 29, in batch_drawings_export_page
    ui.button('EXPORT DRAWINGS', on_click=start_export_task).classes('mt-4')
                                          ^^^^^^^^^^^^^^^^^
UnboundLocalError: cannot access local variable 'start_export_task' where it is not associated with a value
ERROR:nicegui:cannot access local variable 'start_export_task' where it is not associated with a value
  + Exception Group Traceback (most recent call last):
  |   File "C:\Users\Hugh\Python_venvs\workstation1_venv\Lib\site-packages\starlette\_utils.py", line 77, in collapse_excgroups
  |     yield
  |   File "C:\Users\Hugh\Python_venvs\workstation1_venv\Lib\site-packages\starlette\middleware\base.py", line 183, in __call__
  |     async with anyio.create_task_group() as task_group:
  |                ~~~~~~~~~~~~~~~~~~~~~~~^^
  |   File "C:\Users\Hugh\Python_venvs\workstation1_venv\Lib\site-packages\anyio\_backends\_asyncio.py", line 772, in __aexit__
  |     raise BaseExceptionGroup(
  |         "unhandled errors in a TaskGroup", self._exceptions
  |     ) from None
  | ExceptionGroup: unhandled errors in a TaskGroup (1 sub-exception)
  +-+---------------- 1 ----------------
    | Traceback (most recent call last):
    |   File "C:\Users\Hugh\Python_venvs\workstation1_venv\Lib\site-packages\starlette\middleware\errors.py", line 164, in __call__
    |     await self.app(scope, receive, _send)
    |   File "C:\Users\Hugh\Python_venvs\workstation1_venv\Lib\site-packages\starlette\middleware\base.py", line 182, in __call__
    |     with recv_stream, send_stream, collapse_excgroups():
    |                                    ~~~~~~~~~~~~~~~~~~^^
    |   File "C:\Users\Hugh\AppData\Local\Programs\Python\Python313\Lib\contextlib.py", line 162, in __exit__
    |     self.gen.throw(value)
    |     ~~~~~~~~~~~~~~^^^^^^^
    |   File "C:\Users\Hugh\Python_venvs\workstation1_venv\Lib\site-packages\starlette\_utils.py", line 83, in collapse_excgroups
    |     raise exc
    |   File "C:\Users\Hugh\Python_venvs\workstation1_venv\Lib\site-packages\starlette\middleware\base.py", line 184, in __call__
    |     response = await self.dispatch_func(request, call_next)
    |                ^^^^^^^^^^^^^^^^^^^^^^^^^^^^^^^^^^^^^^^^^^^^
    |   File "C:\Users\Hugh\Python_venvs\workstation1_venv\Lib\site-packages\nicegui\middlewares.py", line 23, in dispatch
    |     response = await call_next(request)
    |                ^^^^^^^^^^^^^^^^^^^^^^^^
    |   File "C:\Users\Hugh\Python_venvs\workstation1_venv\Lib\site-packages\starlette\middleware\base.py", line 159, in call_next
    |     raise app_exc
    |   File "C:\Users\Hugh\Python_venvs\workstation1_venv\Lib\site-packages\starlette\middleware\base.py", line 144, in coro
    |     await self.app(scope, receive_or_disconnect, send_no_error)
    |   File "C:\Users\Hugh\Python_venvs\workstation1_venv\Lib\site-packages\starlette\middleware\base.py", line 182, in __call__
    |     with recv_stream, send_stream, collapse_excgroups():
    |                                    ~~~~~~~~~~~~~~~~~~^^
    |   File "C:\Users\Hugh\AppData\Local\Programs\Python\Python313\Lib\contextlib.py", line 162, in __exit__
    |     self.gen.throw(value)
    |     ~~~~~~~~~~~~~~^^^^^^^
    |   File "C:\Users\Hugh\Python_venvs\workstation1_venv\Lib\site-packages\starlette\_utils.py", line 83, in collapse_excgroups
    |     raise exc
    |   File "C:\Users\Hugh\Python_venvs\workstation1_venv\Lib\site-packages\starlette\middleware\base.py", line 184, in __call__
    |     response = await self.dispatch_func(request, call_next)
    |                ^^^^^^^^^^^^^^^^^^^^^^^^^^^^^^^^^^^^^^^^^^^^
    |   File "C:\Users\Hugh\Python_venvs\workstation1_venv\Lib\site-packages\nicegui\middlewares.py", line 13, in dispatch
    |     response = await call_next(request)
    |                ^^^^^^^^^^^^^^^^^^^^^^^^
    |   File "C:\Users\Hugh\Python_venvs\workstation1_venv\Lib\site-packages\starlette\middleware\base.py", line 159, in call_next
    |     raise app_exc
    |   File "C:\Users\Hugh\Python_venvs\workstation1_venv\Lib\site-packages\starlette\middleware\base.py", line 144, in coro
    |     await self.app(scope, receive_or_disconnect, send_no_error)
    |   File "C:\Users\Hugh\Python_venvs\workstation1_venv\Lib\site-packages\starlette\middleware\gzip.py", line 29, in __call__
    |     await responder(scope, receive, send)
    |   File "C:\Users\Hugh\Python_venvs\workstation1_venv\Lib\site-packages\starlette\middleware\gzip.py", line 130, in __call__
    |     await super().__call__(scope, receive, send)
    |   File "C:\Users\Hugh\Python_venvs\workstation1_venv\Lib\site-packages\starlette\middleware\gzip.py", line 46, in __call__
    |     await self.app(scope, receive, self.send_with_compression)
    |   File "C:\Users\Hugh\Python_venvs\workstation1_venv\Lib\site-packages\starlette\middleware\exceptions.py", line 63, in __call__
    |     await wrap_app_handling_exceptions(self.app, conn)(scope, receive, send)
    |   File "C:\Users\Hugh\Python_venvs\workstation1_venv\Lib\site-packages\starlette\_exception_handler.py", line 53, in wrapped_app
    |     raise exc
    |   File "C:\Users\Hugh\Python_venvs\workstation1_venv\Lib\site-packages\starlette\_exception_handler.py", line 42, in wrapped_app
    |     await app(scope, receive, sender)
    |   File "C:\Users\Hugh\Python_venvs\workstation1_venv\Lib\site-packages\starlette\routing.py", line 716, in __call__
    |     await self.middleware_stack(scope, receive, send)
    |   File "C:\Users\Hugh\Python_venvs\workstation1_venv\Lib\site-packages\starlette\routing.py", line 736, in app
    |     await route.handle(scope, receive, send)
    |   File "C:\Users\Hugh\Python_venvs\workstation1_venv\Lib\site-packages\starlette\routing.py", line 290, in handle
    |     await self.app(scope, receive, send)
    |   File "C:\Users\Hugh\Python_venvs\workstation1_venv\Lib\site-packages\starlette\routing.py", line 78, in app
    |     await wrap_app_handling_exceptions(app, request)(scope, receive, send)
    |   File "C:\Users\Hugh\Python_venvs\workstation1_venv\Lib\site-packages\starlette\_exception_handler.py", line 53, in wrapped_app
    |     raise exc
    |   File "C:\Users\Hugh\Python_venvs\workstation1_venv\Lib\site-packages\starlette\_exception_handler.py", line 42, in wrapped_app
    |     await app(scope, receive, sender)
    |   File "C:\Users\Hugh\Python_venvs\workstation1_venv\Lib\site-packages\starlette\routing.py", line 75, in app
    |     response = await f(request)
    |                ^^^^^^^^^^^^^^^^
    |   File "C:\Users\Hugh\Python_venvs\workstation1_venv\Lib\site-packages\fastapi\routing.py", line 302, in app
    |     raw_response = await run_endpoint_function(
    |                    ^^^^^^^^^^^^^^^^^^^^^^^^^^^^
    |     ...<3 lines>...
    |     )
    |     ^
    |   File "C:\Users\Hugh\Python_venvs\workstation1_venv\Lib\site-packages\fastapi\routing.py", line 213, in run_endpoint_function
    |     return await dependant.call(**values)
    |            ^^^^^^^^^^^^^^^^^^^^^^^^^^^^^^
    |   File "C:\Users\Hugh\Python_venvs\workstation1_venv\Lib\site-packages\nicegui\page.py", line 148, in decorated
    |     return create_error_page(e, request)
    |   File "C:\Users\Hugh\Python_venvs\workstation1_venv\Lib\site-packages\nicegui\page.py", line 115, in create_error_page
    |     raise e
    |   File "C:\Users\Hugh\Python_venvs\workstation1_venv\Lib\site-packages\nicegui\page.py", line 146, in decorated
    |     result = func(*dec_args, **dec_kwargs)
    |   File "F:\VulcanConnect2025-09\frontend\pages\batch_drawings_export.py", line 29, in batch_drawings_export_page
    |     ui.button('EXPORT DRAWINGS', on_click=start_export_task).classes('mt-4')
    |                                           ^^^^^^^^^^^^^^^^^
    | UnboundLocalError: cannot access local variable 'start_export_task' where it is not associated with a value
    +------------------------------------

During handling of the above exception, another exception occurred:

Traceback (most recent call last):
  File "C:\Users\Hugh\Python_venvs\workstation1_venv\Lib\site-packages\starlette\middleware\errors.py", line 164, in __call__
    await self.app(scope, receive, _send)
  File "C:\Users\Hugh\Python_venvs\workstation1_venv\Lib\site-packages\starlette\middleware\base.py", line 182, in __call__
    with recv_stream, send_stream, collapse_excgroups():
                                   ~~~~~~~~~~~~~~~~~~^^
  File "C:\Users\Hugh\AppData\Local\Programs\Python\Python313\Lib\contextlib.py", line 162, in __exit__
    self.gen.throw(value)
    ~~~~~~~~~~~~~~^^^^^^^
  File "C:\Users\Hugh\Python_venvs\workstation1_venv\Lib\site-packages\starlette\_utils.py", line 83, in collapse_excgroups
    raise exc
  File "C:\Users\Hugh\Python_venvs\workstation1_venv\Lib\site-packages\starlette\middleware\base.py", line 184, in __call__
    response = await self.dispatch_func(request, call_next)
               ^^^^^^^^^^^^^^^^^^^^^^^^^^^^^^^^^^^^^^^^^^^^
  File "C:\Users\Hugh\Python_venvs\workstation1_venv\Lib\site-packages\nicegui\middlewares.py", line 23, in dispatch
    response = await call_next(request)
               ^^^^^^^^^^^^^^^^^^^^^^^^
  File "C:\Users\Hugh\Python_venvs\workstation1_venv\Lib\site-packages\starlette\middleware\base.py", line 159, in call_next
    raise app_exc
  File "C:\Users\Hugh\Python_venvs\workstation1_venv\Lib\site-packages\starlette\middleware\base.py", line 144, in coro
    await self.app(scope, receive_or_disconnect, send_no_error)
  File "C:\Users\Hugh\Python_venvs\workstation1_venv\Lib\site-packages\starlette\middleware\base.py", line 182, in __call__
    with recv_stream, send_stream, collapse_excgroups():
                                   ~~~~~~~~~~~~~~~~~~^^
  File "C:\Users\Hugh\AppData\Local\Programs\Python\Python313\Lib\contextlib.py", line 162, in __exit__
    self.gen.throw(value)
    ~~~~~~~~~~~~~~^^^^^^^
  File "C:\Users\Hugh\Python_venvs\workstation1_venv\Lib\site-packages\starlette\_utils.py", line 83, in collapse_excgroups
    raise exc
  File "C:\Users\Hugh\Python_venvs\workstation1_venv\Lib\site-packages\starlette\middleware\base.py", line 184, in __call__
    response = await self.dispatch_func(request, call_next)
               ^^^^^^^^^^^^^^^^^^^^^^^^^^^^^^^^^^^^^^^^^^^^
  File "C:\Users\Hugh\Python_venvs\workstation1_venv\Lib\site-packages\nicegui\middlewares.py", line 13, in dispatch
    response = await call_next(request)
               ^^^^^^^^^^^^^^^^^^^^^^^^
  File "C:\Users\Hugh\Python_venvs\workstation1_venv\Lib\site-packages\starlette\middleware\base.py", line 159, in call_next
    raise app_exc
  File "C:\Users\Hugh\Python_venvs\workstation1_venv\Lib\site-packages\starlette\middleware\base.py", line 144, in coro
    await self.app(scope, receive_or_disconnect, send_no_error)
  File "C:\Users\Hugh\Python_venvs\workstation1_venv\Lib\site-packages\starlette\middleware\gzip.py", line 29, in __call__
    await responder(scope, receive, send)
  File "C:\Users\Hugh\Python_venvs\workstation1_venv\Lib\site-packages\starlette\middleware\gzip.py", line 130, in __call__
    await super().__call__(scope, receive, send)
  File "C:\Users\Hugh\Python_venvs\workstation1_venv\Lib\site-packages\starlette\middleware\gzip.py", line 46, in __call__
    await self.app(scope, receive, self.send_with_compression)
  File "C:\Users\Hugh\Python_venvs\workstation1_venv\Lib\site-packages\starlette\middleware\exceptions.py", line 63, in __call__
    await wrap_app_handling_exceptions(self.app, conn)(scope, receive, send)
  File "C:\Users\Hugh\Python_venvs\workstation1_venv\Lib\site-packages\starlette\_exception_handler.py", line 53, in wrapped_app
    raise exc
  File "C:\Users\Hugh\Python_venvs\workstation1_venv\Lib\site-packages\starlette\_exception_handler.py", line 42, in wrapped_app
    await app(scope, receive, sender)
  File "C:\Users\Hugh\Python_venvs\workstation1_venv\Lib\site-packages\starlette\routing.py", line 716, in __call__
    await self.middleware_stack(scope, receive, send)
  File "C:\Users\Hugh\Python_venvs\workstation1_venv\Lib\site-packages\starlette\routing.py", line 736, in app
    await route.handle(scope, receive, send)
  File "C:\Users\Hugh\Python_venvs\workstation1_venv\Lib\site-packages\starlette\routing.py", line 290, in handle
    await self.app(scope, receive, send)
  File "C:\Users\Hugh\Python_venvs\workstation1_venv\Lib\site-packages\starlette\routing.py", line 78, in app
    await wrap_app_handling_exceptions(app, request)(scope, receive, send)
  File "C:\Users\Hugh\Python_venvs\workstation1_venv\Lib\site-packages\starlette\_exception_handler.py", line 53, in wrapped_app
    raise exc
  File "C:\Users\Hugh\Python_venvs\workstation1_venv\Lib\site-packages\starlette\_exception_handler.py", line 42, in wrapped_app
    await app(scope, receive, sender)
  File "C:\Users\Hugh\Python_venvs\workstation1_venv\Lib\site-packages\starlette\routing.py", line 75, in app
    response = await f(request)
               ^^^^^^^^^^^^^^^^
  File "C:\Users\Hugh\Python_venvs\workstation1_venv\Lib\site-packages\fastapi\routing.py", line 302, in app
    raw_response = await run_endpoint_function(
                   ^^^^^^^^^^^^^^^^^^^^^^^^^^^^
    ...<3 lines>...
    )
    ^
  File "C:\Users\Hugh\Python_venvs\workstation1_venv\Lib\site-packages\fastapi\routing.py", line 213, in run_endpoint_function
    return await dependant.call(**values)
           ^^^^^^^^^^^^^^^^^^^^^^^^^^^^^^
  File "C:\Users\Hugh\Python_venvs\workstation1_venv\Lib\site-packages\nicegui\page.py", line 148, in decorated
    return create_error_page(e, request)
  File "C:\Users\Hugh\Python_venvs\workstation1_venv\Lib\site-packages\nicegui\page.py", line 115, in create_error_page
    raise e
  File "C:\Users\Hugh\Python_venvs\workstation1_venv\Lib\site-packages\nicegui\page.py", line 146, in decorated
    result = func(*dec_args, **dec_kwargs)
  File "F:\VulcanConnect2025-09\frontend\pages\batch_drawings_export.py", line 29, in batch_drawings_export_page
    ui.button('EXPORT DRAWINGS', on_click=start_export_task).classes('mt-4')
                                          ^^^^^^^^^^^^^^^^^
UnboundLocalError: cannot access local variable 'start_export_task' where it is not associated with a value
ERROR:nicegui:cannot access local variable 'start_export_task' where it is not associated with a value
  + Exception Group Traceback (most recent call last):
  |   File "C:\Users\Hugh\Python_venvs\workstation1_venv\Lib\site-packages\starlette\_utils.py", line 77, in collapse_excgroups
  |     yield
  |   File "C:\Users\Hugh\Python_venvs\workstation1_venv\Lib\site-packages\starlette\middleware\base.py", line 183, in __call__
  |     async with anyio.create_task_group() as task_group:
  |                ~~~~~~~~~~~~~~~~~~~~~~~^^
  |   File "C:\Users\Hugh\Python_venvs\workstation1_venv\Lib\site-packages\anyio\_backends\_asyncio.py", line 772, in __aexit__
  |     raise BaseExceptionGroup(
  |         "unhandled errors in a TaskGroup", self._exceptions
  |     ) from None
  | ExceptionGroup: unhandled errors in a TaskGroup (1 sub-exception)
  +-+---------------- 1 ----------------
    | Traceback (most recent call last):
    |   File "C:\Users\Hugh\Python_venvs\workstation1_venv\Lib\site-packages\starlette\middleware\errors.py", line 164, in __call__
    |     await self.app(scope, receive, _send)
    |   File "C:\Users\Hugh\Python_venvs\workstation1_venv\Lib\site-packages\starlette\middleware\base.py", line 182, in __call__
    |     with recv_stream, send_stream, collapse_excgroups():
    |                                    ~~~~~~~~~~~~~~~~~~^^
    |   File "C:\Users\Hugh\AppData\Local\Programs\Python\Python313\Lib\contextlib.py", line 162, in __exit__
    |     self.gen.throw(value)
    |     ~~~~~~~~~~~~~~^^^^^^^
    |   File "C:\Users\Hugh\Python_venvs\workstation1_venv\Lib\site-packages\starlette\_utils.py", line 83, in collapse_excgroups
    |     raise exc
    |   File "C:\Users\Hugh\Python_venvs\workstation1_venv\Lib\site-packages\starlette\middleware\base.py", line 184, in __call__
    |     response = await self.dispatch_func(request, call_next)
    |                ^^^^^^^^^^^^^^^^^^^^^^^^^^^^^^^^^^^^^^^^^^^^
    |   File "C:\Users\Hugh\Python_venvs\workstation1_venv\Lib\site-packages\nicegui\middlewares.py", line 23, in dispatch
    |     response = await call_next(request)
    |                ^^^^^^^^^^^^^^^^^^^^^^^^
    |   File "C:\Users\Hugh\Python_venvs\workstation1_venv\Lib\site-packages\starlette\middleware\base.py", line 159, in call_next
    |     raise app_exc
    |   File "C:\Users\Hugh\Python_venvs\workstation1_venv\Lib\site-packages\starlette\middleware\base.py", line 144, in coro
    |     await self.app(scope, receive_or_disconnect, send_no_error)
    |   File "C:\Users\Hugh\Python_venvs\workstation1_venv\Lib\site-packages\starlette\middleware\base.py", line 182, in __call__
    |     with recv_stream, send_stream, collapse_excgroups():
    |                                    ~~~~~~~~~~~~~~~~~~^^
    |   File "C:\Users\Hugh\AppData\Local\Programs\Python\Python313\Lib\contextlib.py", line 162, in __exit__
    |     self.gen.throw(value)
    |     ~~~~~~~~~~~~~~^^^^^^^
    |   File "C:\Users\Hugh\Python_venvs\workstation1_venv\Lib\site-packages\starlette\_utils.py", line 83, in collapse_excgroups
    |     raise exc
    |   File "C:\Users\Hugh\Python_venvs\workstation1_venv\Lib\site-packages\starlette\middleware\base.py", line 184, in __call__
    |     response = await self.dispatch_func(request, call_next)
    |                ^^^^^^^^^^^^^^^^^^^^^^^^^^^^^^^^^^^^^^^^^^^^
    |   File "C:\Users\Hugh\Python_venvs\workstation1_venv\Lib\site-packages\nicegui\middlewares.py", line 13, in dispatch
    |     response = await call_next(request)
    |                ^^^^^^^^^^^^^^^^^^^^^^^^
    |   File "C:\Users\Hugh\Python_venvs\workstation1_venv\Lib\site-packages\starlette\middleware\base.py", line 159, in call_next
    |     raise app_exc
    |   File "C:\Users\Hugh\Python_venvs\workstation1_venv\Lib\site-packages\starlette\middleware\base.py", line 144, in coro
    |     await self.app(scope, receive_or_disconnect, send_no_error)
    |   File "C:\Users\Hugh\Python_venvs\workstation1_venv\Lib\site-packages\starlette\middleware\gzip.py", line 29, in __call__
    |     await responder(scope, receive, send)
    |   File "C:\Users\Hugh\Python_venvs\workstation1_venv\Lib\site-packages\starlette\middleware\gzip.py", line 130, in __call__
    |     await super().__call__(scope, receive, send)
    |   File "C:\Users\Hugh\Python_venvs\workstation1_venv\Lib\site-packages\starlette\middleware\gzip.py", line 46, in __call__
    |     await self.app(scope, receive, self.send_with_compression)
    |   File "C:\Users\Hugh\Python_venvs\workstation1_venv\Lib\site-packages\starlette\middleware\exceptions.py", line 63, in __call__
    |     await wrap_app_handling_exceptions(self.app, conn)(scope, receive, send)
    |   File "C:\Users\Hugh\Python_venvs\workstation1_venv\Lib\site-packages\starlette\_exception_handler.py", line 53, in wrapped_app
    |     raise exc
    |   File "C:\Users\Hugh\Python_venvs\workstation1_venv\Lib\site-packages\starlette\_exception_handler.py", line 42, in wrapped_app
    |     await app(scope, receive, sender)
    |   File "C:\Users\Hugh\Python_venvs\workstation1_venv\Lib\site-packages\starlette\routing.py", line 716, in __call__
    |     await self.middleware_stack(scope, receive, send)
    |   File "C:\Users\Hugh\Python_venvs\workstation1_venv\Lib\site-packages\starlette\routing.py", line 736, in app
    |     await route.handle(scope, receive, send)
    |   File "C:\Users\Hugh\Python_venvs\workstation1_venv\Lib\site-packages\starlette\routing.py", line 290, in handle
    |     await self.app(scope, receive, send)
    |   File "C:\Users\Hugh\Python_venvs\workstation1_venv\Lib\site-packages\starlette\routing.py", line 78, in app
    |     await wrap_app_handling_exceptions(app, request)(scope, receive, send)
    |   File "C:\Users\Hugh\Python_venvs\workstation1_venv\Lib\site-packages\starlette\_exception_handler.py", line 53, in wrapped_app
    |     raise exc
    |   File "C:\Users\Hugh\Python_venvs\workstation1_venv\Lib\site-packages\starlette\_exception_handler.py", line 42, in wrapped_app
    |     await app(scope, receive, sender)
    |   File "C:\Users\Hugh\Python_venvs\workstation1_venv\Lib\site-packages\starlette\routing.py", line 75, in app
    |     response = await f(request)
    |                ^^^^^^^^^^^^^^^^
    |   File "C:\Users\Hugh\Python_venvs\workstation1_venv\Lib\site-packages\fastapi\routing.py", line 302, in app
    |     raw_response = await run_endpoint_function(
    |                    ^^^^^^^^^^^^^^^^^^^^^^^^^^^^
    |     ...<3 lines>...
    |     )
    |     ^
    |   File "C:\Users\Hugh\Python_venvs\workstation1_venv\Lib\site-packages\fastapi\routing.py", line 213, in run_endpoint_function
    |     return await dependant.call(**values)
    |            ^^^^^^^^^^^^^^^^^^^^^^^^^^^^^^
    |   File "C:\Users\Hugh\Python_venvs\workstation1_venv\Lib\site-packages\nicegui\page.py", line 148, in decorated
    |     return create_error_page(e, request)
    |   File "C:\Users\Hugh\Python_venvs\workstation1_venv\Lib\site-packages\nicegui\page.py", line 115, in create_error_page
    |     raise e
    |   File "C:\Users\Hugh\Python_venvs\workstation1_venv\Lib\site-packages\nicegui\page.py", line 146, in decorated
    |     result = func(*dec_args, **dec_kwargs)
    |   File "F:\VulcanConnect2025-09\frontend\pages\batch_drawings_export.py", line 29, in batch_drawings_export_page
    |     ui.button('EXPORT DRAWINGS', on_click=start_export_task).classes('mt-4')
    |                                           ^^^^^^^^^^^^^^^^^
    | UnboundLocalError: cannot access local variable 'start_export_task' where it is not associated with a value
    +------------------------------------

During handling of the above exception, another exception occurred:

Traceback (most recent call last):
  File "C:\Users\Hugh\Python_venvs\workstation1_venv\Lib\site-packages\starlette\middleware\errors.py", line 164, in __call__
    await self.app(scope, receive, _send)
  File "C:\Users\Hugh\Python_venvs\workstation1_venv\Lib\site-packages\starlette\middleware\base.py", line 182, in __call__
    with recv_stream, send_stream, collapse_excgroups():
                                   ~~~~~~~~~~~~~~~~~~^^
  File "C:\Users\Hugh\AppData\Local\Programs\Python\Python313\Lib\contextlib.py", line 162, in __exit__
    self.gen.throw(value)
    ~~~~~~~~~~~~~~^^^^^^^
  File "C:\Users\Hugh\Python_venvs\workstation1_venv\Lib\site-packages\starlette\_utils.py", line 83, in collapse_excgroups
    raise exc
  File "C:\Users\Hugh\Python_venvs\workstation1_venv\Lib\site-packages\starlette\middleware\base.py", line 184, in __call__
    response = await self.dispatch_func(request, call_next)
               ^^^^^^^^^^^^^^^^^^^^^^^^^^^^^^^^^^^^^^^^^^^^
  File "C:\Users\Hugh\Python_venvs\workstation1_venv\Lib\site-packages\nicegui\middlewares.py", line 23, in dispatch
    response = await call_next(request)
               ^^^^^^^^^^^^^^^^^^^^^^^^
  File "C:\Users\Hugh\Python_venvs\workstation1_venv\Lib\site-packages\starlette\middleware\base.py", line 159, in call_next
    raise app_exc
  File "C:\Users\Hugh\Python_venvs\workstation1_venv\Lib\site-packages\starlette\middleware\base.py", line 144, in coro
    await self.app(scope, receive_or_disconnect, send_no_error)
  File "C:\Users\Hugh\Python_venvs\workstation1_venv\Lib\site-packages\starlette\middleware\base.py", line 182, in __call__
    with recv_stream, send_stream, collapse_excgroups():
                                   ~~~~~~~~~~~~~~~~~~^^
  File "C:\Users\Hugh\AppData\Local\Programs\Python\Python313\Lib\contextlib.py", line 162, in __exit__
    self.gen.throw(value)
    ~~~~~~~~~~~~~~^^^^^^^
  File "C:\Users\Hugh\Python_venvs\workstation1_venv\Lib\site-packages\starlette\_utils.py", line 83, in collapse_excgroups
    raise exc
  File "C:\Users\Hugh\Python_venvs\workstation1_venv\Lib\site-packages\starlette\middleware\base.py", line 184, in __call__
    response = await self.dispatch_func(request, call_next)
               ^^^^^^^^^^^^^^^^^^^^^^^^^^^^^^^^^^^^^^^^^^^^
  File "C:\Users\Hugh\Python_venvs\workstation1_venv\Lib\site-packages\nicegui\middlewares.py", line 13, in dispatch
    response = await call_next(request)
               ^^^^^^^^^^^^^^^^^^^^^^^^
  File "C:\Users\Hugh\Python_venvs\workstation1_venv\Lib\site-packages\starlette\middleware\base.py", line 159, in call_next
    raise app_exc
  File "C:\Users\Hugh\Python_venvs\workstation1_venv\Lib\site-packages\starlette\middleware\base.py", line 144, in coro
    await self.app(scope, receive_or_disconnect, send_no_error)
  File "C:\Users\Hugh\Python_venvs\workstation1_venv\Lib\site-packages\starlette\middleware\gzip.py", line 29, in __call__
    await responder(scope, receive, send)
  File "C:\Users\Hugh\Python_venvs\workstation1_venv\Lib\site-packages\starlette\middleware\gzip.py", line 130, in __call__
    await super().__call__(scope, receive, send)
  File "C:\Users\Hugh\Python_venvs\workstation1_venv\Lib\site-packages\starlette\middleware\gzip.py", line 46, in __call__
    await self.app(scope, receive, self.send_with_compression)
  File "C:\Users\Hugh\Python_venvs\workstation1_venv\Lib\site-packages\starlette\middleware\exceptions.py", line 63, in __call__
    await wrap_app_handling_exceptions(self.app, conn)(scope, receive, send)
  File "C:\Users\Hugh\Python_venvs\workstation1_venv\Lib\site-packages\starlette\_exception_handler.py", line 53, in wrapped_app
    raise exc
  File "C:\Users\Hugh\Python_venvs\workstation1_venv\Lib\site-packages\starlette\_exception_handler.py", line 42, in wrapped_app
    await app(scope, receive, sender)
  File "C:\Users\Hugh\Python_venvs\workstation1_venv\Lib\site-packages\starlette\routing.py", line 716, in __call__
    await self.middleware_stack(scope, receive, send)
  File "C:\Users\Hugh\Python_venvs\workstation1_venv\Lib\site-packages\starlette\routing.py", line 736, in app
    await route.handle(scope, receive, send)
  File "C:\Users\Hugh\Python_venvs\workstation1_venv\Lib\site-packages\starlette\routing.py", line 290, in handle
    await self.app(scope, receive, send)
  File "C:\Users\Hugh\Python_venvs\workstation1_venv\Lib\site-packages\starlette\routing.py", line 78, in app
    await wrap_app_handling_exceptions(app, request)(scope, receive, send)
  File "C:\Users\Hugh\Python_venvs\workstation1_venv\Lib\site-packages\starlette\_exception_handler.py", line 53, in wrapped_app
    raise exc
  File "C:\Users\Hugh\Python_venvs\workstation1_venv\Lib\site-packages\starlette\_exception_handler.py", line 42, in wrapped_app
    await app(scope, receive, sender)
  File "C:\Users\Hugh\Python_venvs\workstation1_venv\Lib\site-packages\starlette\routing.py", line 75, in app
    response = await f(request)
               ^^^^^^^^^^^^^^^^
  File "C:\Users\Hugh\Python_venvs\workstation1_venv\Lib\site-packages\fastapi\routing.py", line 302, in app
    raw_response = await run_endpoint_function(
                   ^^^^^^^^^^^^^^^^^^^^^^^^^^^^
    ...<3 lines>...
    )
    ^
  File "C:\Users\Hugh\Python_venvs\workstation1_venv\Lib\site-packages\fastapi\routing.py", line 213, in run_endpoint_function
    return await dependant.call(**values)
           ^^^^^^^^^^^^^^^^^^^^^^^^^^^^^^
  File "C:\Users\Hugh\Python_venvs\workstation1_venv\Lib\site-packages\nicegui\page.py", line 148, in decorated
    return create_error_page(e, request)
  File "C:\Users\Hugh\Python_venvs\workstation1_venv\Lib\site-packages\nicegui\page.py", line 115, in create_error_page
    raise e
  File "C:\Users\Hugh\Python_venvs\workstation1_venv\Lib\site-packages\nicegui\page.py", line 146, in decorated
    result = func(*dec_args, **dec_kwargs)
  File "F:\VulcanConnect2025-09\frontend\pages\batch_drawings_export.py", line 29, in batch_drawings_export_page
    ui.button('EXPORT DRAWINGS', on_click=start_export_task).classes('mt-4')
                                          ^^^^^^^^^^^^^^^^^
UnboundLocalError: cannot access local variable 'start_export_task' where it is not associated with a value
ERROR:nicegui:cannot access local variable 'start_export_task' where it is not associated with a value
  + Exception Group Traceback (most recent call last):
  |   File "C:\Users\Hugh\Python_venvs\workstation1_venv\Lib\site-packages\starlette\_utils.py", line 77, in collapse_excgroups
  |     yield
  |   File "C:\Users\Hugh\Python_venvs\workstation1_venv\Lib\site-packages\starlette\middleware\base.py", line 183, in __call__
  |     async with anyio.create_task_group() as task_group:
  |                ~~~~~~~~~~~~~~~~~~~~~~~^^
  |   File "C:\Users\Hugh\Python_venvs\workstation1_venv\Lib\site-packages\anyio\_backends\_asyncio.py", line 772, in __aexit__
  |     raise BaseExceptionGroup(
  |         "unhandled errors in a TaskGroup", self._exceptions
  |     ) from None
  | ExceptionGroup: unhandled errors in a TaskGroup (1 sub-exception)
  +-+---------------- 1 ----------------
    | Traceback (most recent call last):
    |   File "C:\Users\Hugh\Python_venvs\workstation1_venv\Lib\site-packages\starlette\middleware\errors.py", line 164, in __call__
    |     await self.app(scope, receive, _send)
    |   File "C:\Users\Hugh\Python_venvs\workstation1_venv\Lib\site-packages\starlette\middleware\base.py", line 182, in __call__
    |     with recv_stream, send_stream, collapse_excgroups():
    |                                    ~~~~~~~~~~~~~~~~~~^^
    |   File "C:\Users\Hugh\AppData\Local\Programs\Python\Python313\Lib\contextlib.py", line 162, in __exit__
    |     self.gen.throw(value)
    |     ~~~~~~~~~~~~~~^^^^^^^
    |   File "C:\Users\Hugh\Python_venvs\workstation1_venv\Lib\site-packages\starlette\_utils.py", line 83, in collapse_excgroups
    |     raise exc
    |   File "C:\Users\Hugh\Python_venvs\workstation1_venv\Lib\site-packages\starlette\middleware\base.py", line 184, in __call__
    |     response = await self.dispatch_func(request, call_next)
    |                ^^^^^^^^^^^^^^^^^^^^^^^^^^^^^^^^^^^^^^^^^^^^
    |   File "C:\Users\Hugh\Python_venvs\workstation1_venv\Lib\site-packages\nicegui\middlewares.py", line 23, in dispatch
    |     response = await call_next(request)
    |                ^^^^^^^^^^^^^^^^^^^^^^^^
    |   File "C:\Users\Hugh\Python_venvs\workstation1_venv\Lib\site-packages\starlette\middleware\base.py", line 159, in call_next
    |     raise app_exc
    |   File "C:\Users\Hugh\Python_venvs\workstation1_venv\Lib\site-packages\starlette\middleware\base.py", line 144, in coro
    |     await self.app(scope, receive_or_disconnect, send_no_error)
    |   File "C:\Users\Hugh\Python_venvs\workstation1_venv\Lib\site-packages\starlette\middleware\base.py", line 182, in __call__
    |     with recv_stream, send_stream, collapse_excgroups():
    |                                    ~~~~~~~~~~~~~~~~~~^^
    |   File "C:\Users\Hugh\AppData\Local\Programs\Python\Python313\Lib\contextlib.py", line 162, in __exit__
    |     self.gen.throw(value)
    |     ~~~~~~~~~~~~~~^^^^^^^
    |   File "C:\Users\Hugh\Python_venvs\workstation1_venv\Lib\site-packages\starlette\_utils.py", line 83, in collapse_excgroups
    |     raise exc
    |   File "C:\Users\Hugh\Python_venvs\workstation1_venv\Lib\site-packages\starlette\middleware\base.py", line 184, in __call__
    |     response = await self.dispatch_func(request, call_next)
    |                ^^^^^^^^^^^^^^^^^^^^^^^^^^^^^^^^^^^^^^^^^^^^
    |   File "C:\Users\Hugh\Python_venvs\workstation1_venv\Lib\site-packages\nicegui\middlewares.py", line 13, in dispatch
    |     response = await call_next(request)
    |                ^^^^^^^^^^^^^^^^^^^^^^^^
    |   File "C:\Users\Hugh\Python_venvs\workstation1_venv\Lib\site-packages\starlette\middleware\base.py", line 159, in call_next
    |     raise app_exc
    |   File "C:\Users\Hugh\Python_venvs\workstation1_venv\Lib\site-packages\starlette\middleware\base.py", line 144, in coro
    |     await self.app(scope, receive_or_disconnect, send_no_error)
    |   File "C:\Users\Hugh\Python_venvs\workstation1_venv\Lib\site-packages\starlette\middleware\gzip.py", line 29, in __call__
    |     await responder(scope, receive, send)
    |   File "C:\Users\Hugh\Python_venvs\workstation1_venv\Lib\site-packages\starlette\middleware\gzip.py", line 130, in __call__
    |     await super().__call__(scope, receive, send)
    |   File "C:\Users\Hugh\Python_venvs\workstation1_venv\Lib\site-packages\starlette\middleware\gzip.py", line 46, in __call__
    |     await self.app(scope, receive, self.send_with_compression)
    |   File "C:\Users\Hugh\Python_venvs\workstation1_venv\Lib\site-packages\starlette\middleware\exceptions.py", line 63, in __call__
    |     await wrap_app_handling_exceptions(self.app, conn)(scope, receive, send)
    |   File "C:\Users\Hugh\Python_venvs\workstation1_venv\Lib\site-packages\starlette\_exception_handler.py", line 53, in wrapped_app
    |     raise exc
    |   File "C:\Users\Hugh\Python_venvs\workstation1_venv\Lib\site-packages\starlette\_exception_handler.py", line 42, in wrapped_app
    |     await app(scope, receive, sender)
    |   File "C:\Users\Hugh\Python_venvs\workstation1_venv\Lib\site-packages\starlette\routing.py", line 716, in __call__
    |     await self.middleware_stack(scope, receive, send)
    |   File "C:\Users\Hugh\Python_venvs\workstation1_venv\Lib\site-packages\starlette\routing.py", line 736, in app
    |     await route.handle(scope, receive, send)
    |   File "C:\Users\Hugh\Python_venvs\workstation1_venv\Lib\site-packages\starlette\routing.py", line 290, in handle
    |     await self.app(scope, receive, send)
    |   File "C:\Users\Hugh\Python_venvs\workstation1_venv\Lib\site-packages\starlette\routing.py", line 78, in app
    |     await wrap_app_handling_exceptions(app, request)(scope, receive, send)
    |   File "C:\Users\Hugh\Python_venvs\workstation1_venv\Lib\site-packages\starlette\_exception_handler.py", line 53, in wrapped_app
    |     raise exc
    |   File "C:\Users\Hugh\Python_venvs\workstation1_venv\Lib\site-packages\starlette\_exception_handler.py", line 42, in wrapped_app
    |     await app(scope, receive, sender)
    |   File "C:\Users\Hugh\Python_venvs\workstation1_venv\Lib\site-packages\starlette\routing.py", line 75, in app
    |     response = await f(request)
    |                ^^^^^^^^^^^^^^^^
    |   File "C:\Users\Hugh\Python_venvs\workstation1_venv\Lib\site-packages\fastapi\routing.py", line 302, in app
    |     raw_response = await run_endpoint_function(
    |                    ^^^^^^^^^^^^^^^^^^^^^^^^^^^^
    |     ...<3 lines>...
    |     )
    |     ^
    |   File "C:\Users\Hugh\Python_venvs\workstation1_venv\Lib\site-packages\fastapi\routing.py", line 213, in run_endpoint_function
    |     return await dependant.call(**values)
    |            ^^^^^^^^^^^^^^^^^^^^^^^^^^^^^^
    |   File "C:\Users\Hugh\Python_venvs\workstation1_venv\Lib\site-packages\nicegui\page.py", line 148, in decorated
    |     return create_error_page(e, request)
    |   File "C:\Users\Hugh\Python_venvs\workstation1_venv\Lib\site-packages\nicegui\page.py", line 115, in create_error_page
    |     raise e
    |   File "C:\Users\Hugh\Python_venvs\workstation1_venv\Lib\site-packages\nicegui\page.py", line 146, in decorated
    |     result = func(*dec_args, **dec_kwargs)
    |   File "F:\VulcanConnect2025-09\frontend\pages\batch_drawings_export.py", line 29, in batch_drawings_export_page
    |     ui.button('EXPORT DRAWINGS', on_click=start_export_task).classes('mt-4')
    |                                           ^^^^^^^^^^^^^^^^^
    | UnboundLocalError: cannot access local variable 'start_export_task' where it is not associated with a value
    +------------------------------------

During handling of the above exception, another exception occurred:

Traceback (most recent call last):
  File "C:\Users\Hugh\Python_venvs\workstation1_venv\Lib\site-packages\starlette\middleware\errors.py", line 164, in __call__
    await self.app(scope, receive, _send)
  File "C:\Users\Hugh\Python_venvs\workstation1_venv\Lib\site-packages\starlette\middleware\base.py", line 182, in __call__
    with recv_stream, send_stream, collapse_excgroups():
                                   ~~~~~~~~~~~~~~~~~~^^
  File "C:\Users\Hugh\AppData\Local\Programs\Python\Python313\Lib\contextlib.py", line 162, in __exit__
    self.gen.throw(value)
    ~~~~~~~~~~~~~~^^^^^^^
  File "C:\Users\Hugh\Python_venvs\workstation1_venv\Lib\site-packages\starlette\_utils.py", line 83, in collapse_excgroups
    raise exc
  File "C:\Users\Hugh\Python_venvs\workstation1_venv\Lib\site-packages\starlette\middleware\base.py", line 184, in __call__
    response = await self.dispatch_func(request, call_next)
               ^^^^^^^^^^^^^^^^^^^^^^^^^^^^^^^^^^^^^^^^^^^^
  File "C:\Users\Hugh\Python_venvs\workstation1_venv\Lib\site-packages\nicegui\middlewares.py", line 23, in dispatch
    response = await call_next(request)
               ^^^^^^^^^^^^^^^^^^^^^^^^
  File "C:\Users\Hugh\Python_venvs\workstation1_venv\Lib\site-packages\starlette\middleware\base.py", line 159, in call_next
    raise app_exc
  File "C:\Users\Hugh\Python_venvs\workstation1_venv\Lib\site-packages\starlette\middleware\base.py", line 144, in coro
    await self.app(scope, receive_or_disconnect, send_no_error)
  File "C:\Users\Hugh\Python_venvs\workstation1_venv\Lib\site-packages\starlette\middleware\base.py", line 182, in __call__
    with recv_stream, send_stream, collapse_excgroups():
                                   ~~~~~~~~~~~~~~~~~~^^
  File "C:\Users\Hugh\AppData\Local\Programs\Python\Python313\Lib\contextlib.py", line 162, in __exit__
    self.gen.throw(value)
    ~~~~~~~~~~~~~~^^^^^^^
  File "C:\Users\Hugh\Python_venvs\workstation1_venv\Lib\site-packages\starlette\_utils.py", line 83, in collapse_excgroups
    raise exc
  File "C:\Users\Hugh\Python_venvs\workstation1_venv\Lib\site-packages\starlette\middleware\base.py", line 184, in __call__
    response = await self.dispatch_func(request, call_next)
               ^^^^^^^^^^^^^^^^^^^^^^^^^^^^^^^^^^^^^^^^^^^^
  File "C:\Users\Hugh\Python_venvs\workstation1_venv\Lib\site-packages\nicegui\middlewares.py", line 13, in dispatch
    response = await call_next(request)
               ^^^^^^^^^^^^^^^^^^^^^^^^
  File "C:\Users\Hugh\Python_venvs\workstation1_venv\Lib\site-packages\starlette\middleware\base.py", line 159, in call_next
    raise app_exc
  File "C:\Users\Hugh\Python_venvs\workstation1_venv\Lib\site-packages\starlette\middleware\base.py", line 144, in coro
    await self.app(scope, receive_or_disconnect, send_no_error)
  File "C:\Users\Hugh\Python_venvs\workstation1_venv\Lib\site-packages\starlette\middleware\gzip.py", line 29, in __call__
    await responder(scope, receive, send)
  File "C:\Users\Hugh\Python_venvs\workstation1_venv\Lib\site-packages\starlette\middleware\gzip.py", line 130, in __call__
    await super().__call__(scope, receive, send)
  File "C:\Users\Hugh\Python_venvs\workstation1_venv\Lib\site-packages\starlette\middleware\gzip.py", line 46, in __call__
    await self.app(scope, receive, self.send_with_compression)
  File "C:\Users\Hugh\Python_venvs\workstation1_venv\Lib\site-packages\starlette\middleware\exceptions.py", line 63, in __call__
    await wrap_app_handling_exceptions(self.app, conn)(scope, receive, send)
  File "C:\Users\Hugh\Python_venvs\workstation1_venv\Lib\site-packages\starlette\_exception_handler.py", line 53, in wrapped_app
    raise exc
  File "C:\Users\Hugh\Python_venvs\workstation1_venv\Lib\site-packages\starlette\_exception_handler.py", line 42, in wrapped_app
    await app(scope, receive, sender)
  File "C:\Users\Hugh\Python_venvs\workstation1_venv\Lib\site-packages\starlette\routing.py", line 716, in __call__
    await self.middleware_stack(scope, receive, send)
  File "C:\Users\Hugh\Python_venvs\workstation1_venv\Lib\site-packages\starlette\routing.py", line 736, in app
    await route.handle(scope, receive, send)
  File "C:\Users\Hugh\Python_venvs\workstation1_venv\Lib\site-packages\starlette\routing.py", line 290, in handle
    await self.app(scope, receive, send)
  File "C:\Users\Hugh\Python_venvs\workstation1_venv\Lib\site-packages\starlette\routing.py", line 78, in app
    await wrap_app_handling_exceptions(app, request)(scope, receive, send)
  File "C:\Users\Hugh\Python_venvs\workstation1_venv\Lib\site-packages\starlette\_exception_handler.py", line 53, in wrapped_app
    raise exc
  File "C:\Users\Hugh\Python_venvs\workstation1_venv\Lib\site-packages\starlette\_exception_handler.py", line 42, in wrapped_app
    await app(scope, receive, sender)
  File "C:\Users\Hugh\Python_venvs\workstation1_venv\Lib\site-packages\starlette\routing.py", line 75, in app
    response = await f(request)
               ^^^^^^^^^^^^^^^^
  File "C:\Users\Hugh\Python_venvs\workstation1_venv\Lib\site-packages\fastapi\routing.py", line 302, in app
    raw_response = await run_endpoint_function(
                   ^^^^^^^^^^^^^^^^^^^^^^^^^^^^
    ...<3 lines>...
    )
    ^
  File "C:\Users\Hugh\Python_venvs\workstation1_venv\Lib\site-packages\fastapi\routing.py", line 213, in run_endpoint_function
    return await dependant.call(**values)
           ^^^^^^^^^^^^^^^^^^^^^^^^^^^^^^
  File "C:\Users\Hugh\Python_venvs\workstation1_venv\Lib\site-packages\nicegui\page.py", line 148, in decorated
    return create_error_page(e, request)
  File "C:\Users\Hugh\Python_venvs\workstation1_venv\Lib\site-packages\nicegui\page.py", line 115, in create_error_page
    raise e
  File "C:\Users\Hugh\Python_venvs\workstation1_venv\Lib\site-packages\nicegui\page.py", line 146, in decorated
    result = func(*dec_args, **dec_kwargs)
  File "F:\VulcanConnect2025-09\frontend\pages\batch_drawings_export.py", line 29, in batch_drawings_export_page
    ui.button('EXPORT DRAWINGS', on_click=start_export_task).classes('mt-4')
                                          ^^^^^^^^^^^^^^^^^
UnboundLocalError: cannot access local variable 'start_export_task' where it is not associated with a value
ERROR:nicegui:cannot access local variable 'start_export_task' where it is not associated with a value
  + Exception Group Traceback (most recent call last):
  |   File "C:\Users\Hugh\Python_venvs\workstation1_venv\Lib\site-packages\starlette\_utils.py", line 77, in collapse_excgroups
  |     yield
  |   File "C:\Users\Hugh\Python_venvs\workstation1_venv\Lib\site-packages\starlette\middleware\base.py", line 183, in __call__
  |     async with anyio.create_task_group() as task_group:
  |                ~~~~~~~~~~~~~~~~~~~~~~~^^
  |   File "C:\Users\Hugh\Python_venvs\workstation1_venv\Lib\site-packages\anyio\_backends\_asyncio.py", line 772, in __aexit__
  |     raise BaseExceptionGroup(
  |         "unhandled errors in a TaskGroup", self._exceptions
  |     ) from None
  | ExceptionGroup: unhandled errors in a TaskGroup (1 sub-exception)
  +-+---------------- 1 ----------------
    | Traceback (most recent call last):
    |   File "C:\Users\Hugh\Python_venvs\workstation1_venv\Lib\site-packages\starlette\middleware\errors.py", line 164, in __call__
    |     await self.app(scope, receive, _send)
    |   File "C:\Users\Hugh\Python_venvs\workstation1_venv\Lib\site-packages\starlette\middleware\base.py", line 182, in __call__
    |     with recv_stream, send_stream, collapse_excgroups():
    |                                    ~~~~~~~~~~~~~~~~~~^^
    |   File "C:\Users\Hugh\AppData\Local\Programs\Python\Python313\Lib\contextlib.py", line 162, in __exit__
    |     self.gen.throw(value)
    |     ~~~~~~~~~~~~~~^^^^^^^
    |   File "C:\Users\Hugh\Python_venvs\workstation1_venv\Lib\site-packages\starlette\_utils.py", line 83, in collapse_excgroups
    |     raise exc
    |   File "C:\Users\Hugh\Python_venvs\workstation1_venv\Lib\site-packages\starlette\middleware\base.py", line 184, in __call__
    |     response = await self.dispatch_func(request, call_next)
    |                ^^^^^^^^^^^^^^^^^^^^^^^^^^^^^^^^^^^^^^^^^^^^
    |   File "C:\Users\Hugh\Python_venvs\workstation1_venv\Lib\site-packages\nicegui\middlewares.py", line 23, in dispatch
    |     response = await call_next(request)
    |                ^^^^^^^^^^^^^^^^^^^^^^^^
    |   File "C:\Users\Hugh\Python_venvs\workstation1_venv\Lib\site-packages\starlette\middleware\base.py", line 159, in call_next
    |     raise app_exc
    |   File "C:\Users\Hugh\Python_venvs\workstation1_venv\Lib\site-packages\starlette\middleware\base.py", line 144, in coro
    |     await self.app(scope, receive_or_disconnect, send_no_error)
    |   File "C:\Users\Hugh\Python_venvs\workstation1_venv\Lib\site-packages\starlette\middleware\base.py", line 182, in __call__
    |     with recv_stream, send_stream, collapse_excgroups():
    |                                    ~~~~~~~~~~~~~~~~~~^^
    |   File "C:\Users\Hugh\AppData\Local\Programs\Python\Python313\Lib\contextlib.py", line 162, in __exit__
    |     self.gen.throw(value)
    |     ~~~~~~~~~~~~~~^^^^^^^
    |   File "C:\Users\Hugh\Python_venvs\workstation1_venv\Lib\site-packages\starlette\_utils.py", line 83, in collapse_excgroups
    |     raise exc
    |   File "C:\Users\Hugh\Python_venvs\workstation1_venv\Lib\site-packages\starlette\middleware\base.py", line 184, in __call__
    |     response = await self.dispatch_func(request, call_next)
    |                ^^^^^^^^^^^^^^^^^^^^^^^^^^^^^^^^^^^^^^^^^^^^
    |   File "C:\Users\Hugh\Python_venvs\workstation1_venv\Lib\site-packages\nicegui\middlewares.py", line 13, in dispatch
    |     response = await call_next(request)
    |                ^^^^^^^^^^^^^^^^^^^^^^^^
    |   File "C:\Users\Hugh\Python_venvs\workstation1_venv\Lib\site-packages\starlette\middleware\base.py", line 159, in call_next
    |     raise app_exc
    |   File "C:\Users\Hugh\Python_venvs\workstation1_venv\Lib\site-packages\starlette\middleware\base.py", line 144, in coro
    |     await self.app(scope, receive_or_disconnect, send_no_error)
    |   File "C:\Users\Hugh\Python_venvs\workstation1_venv\Lib\site-packages\starlette\middleware\gzip.py", line 29, in __call__
    |     await responder(scope, receive, send)
    |   File "C:\Users\Hugh\Python_venvs\workstation1_venv\Lib\site-packages\starlette\middleware\gzip.py", line 130, in __call__
    |     await super().__call__(scope, receive, send)
    |   File "C:\Users\Hugh\Python_venvs\workstation1_venv\Lib\site-packages\starlette\middleware\gzip.py", line 46, in __call__
    |     await self.app(scope, receive, self.send_with_compression)
    |   File "C:\Users\Hugh\Python_venvs\workstation1_venv\Lib\site-packages\starlette\middleware\exceptions.py", line 63, in __call__
    |     await wrap_app_handling_exceptions(self.app, conn)(scope, receive, send)
    |   File "C:\Users\Hugh\Python_venvs\workstation1_venv\Lib\site-packages\starlette\_exception_handler.py", line 53, in wrapped_app
    |     raise exc
    |   File "C:\Users\Hugh\Python_venvs\workstation1_venv\Lib\site-packages\starlette\_exception_handler.py", line 42, in wrapped_app
    |     await app(scope, receive, sender)
    |   File "C:\Users\Hugh\Python_venvs\workstation1_venv\Lib\site-packages\starlette\routing.py", line 716, in __call__
    |     await self.middleware_stack(scope, receive, send)
    |   File "C:\Users\Hugh\Python_venvs\workstation1_venv\Lib\site-packages\starlette\routing.py", line 736, in app
    |     await route.handle(scope, receive, send)
    |   File "C:\Users\Hugh\Python_venvs\workstation1_venv\Lib\site-packages\starlette\routing.py", line 290, in handle
    |     await self.app(scope, receive, send)
    |   File "C:\Users\Hugh\Python_venvs\workstation1_venv\Lib\site-packages\starlette\routing.py", line 78, in app
    |     await wrap_app_handling_exceptions(app, request)(scope, receive, send)
    |   File "C:\Users\Hugh\Python_venvs\workstation1_venv\Lib\site-packages\starlette\_exception_handler.py", line 53, in wrapped_app
    |     raise exc
    |   File "C:\Users\Hugh\Python_venvs\workstation1_venv\Lib\site-packages\starlette\_exception_handler.py", line 42, in wrapped_app
    |     await app(scope, receive, sender)
    |   File "C:\Users\Hugh\Python_venvs\workstation1_venv\Lib\site-packages\starlette\routing.py", line 75, in app
    |     response = await f(request)
    |                ^^^^^^^^^^^^^^^^
    |   File "C:\Users\Hugh\Python_venvs\workstation1_venv\Lib\site-packages\fastapi\routing.py", line 302, in app
    |     raw_response = await run_endpoint_function(
    |                    ^^^^^^^^^^^^^^^^^^^^^^^^^^^^
    |     ...<3 lines>...
    |     )
    |     ^
    |   File "C:\Users\Hugh\Python_venvs\workstation1_venv\Lib\site-packages\fastapi\routing.py", line 213, in run_endpoint_function
    |     return await dependant.call(**values)
    |            ^^^^^^^^^^^^^^^^^^^^^^^^^^^^^^
    |   File "C:\Users\Hugh\Python_venvs\workstation1_venv\Lib\site-packages\nicegui\page.py", line 148, in decorated
    |     return create_error_page(e, request)
    |   File "C:\Users\Hugh\Python_venvs\workstation1_venv\Lib\site-packages\nicegui\page.py", line 115, in create_error_page
    |     raise e
    |   File "C:\Users\Hugh\Python_venvs\workstation1_venv\Lib\site-packages\nicegui\page.py", line 146, in decorated
    |     result = func(*dec_args, **dec_kwargs)
    |   File "F:\VulcanConnect2025-09\frontend\pages\batch_drawings_export.py", line 29, in batch_drawings_export_page
    |     ui.button('EXPORT DRAWINGS', on_click=start_export_task).classes('mt-4')
    |                                           ^^^^^^^^^^^^^^^^^
    | UnboundLocalError: cannot access local variable 'start_export_task' where it is not associated with a value
    +------------------------------------

During handling of the above exception, another exception occurred:

Traceback (most recent call last):
  File "C:\Users\Hugh\Python_venvs\workstation1_venv\Lib\site-packages\starlette\middleware\errors.py", line 164, in __call__
    await self.app(scope, receive, _send)
  File "C:\Users\Hugh\Python_venvs\workstation1_venv\Lib\site-packages\starlette\middleware\base.py", line 182, in __call__
    with recv_stream, send_stream, collapse_excgroups():
                                   ~~~~~~~~~~~~~~~~~~^^
  File "C:\Users\Hugh\AppData\Local\Programs\Python\Python313\Lib\contextlib.py", line 162, in __exit__
    self.gen.throw(value)
    ~~~~~~~~~~~~~~^^^^^^^
  File "C:\Users\Hugh\Python_venvs\workstation1_venv\Lib\site-packages\starlette\_utils.py", line 83, in collapse_excgroups
    raise exc
  File "C:\Users\Hugh\Python_venvs\workstation1_venv\Lib\site-packages\starlette\middleware\base.py", line 184, in __call__
    response = await self.dispatch_func(request, call_next)
               ^^^^^^^^^^^^^^^^^^^^^^^^^^^^^^^^^^^^^^^^^^^^
  File "C:\Users\Hugh\Python_venvs\workstation1_venv\Lib\site-packages\nicegui\middlewares.py", line 23, in dispatch
    response = await call_next(request)
               ^^^^^^^^^^^^^^^^^^^^^^^^
  File "C:\Users\Hugh\Python_venvs\workstation1_venv\Lib\site-packages\starlette\middleware\base.py", line 159, in call_next
    raise app_exc
  File "C:\Users\Hugh\Python_venvs\workstation1_venv\Lib\site-packages\starlette\middleware\base.py", line 144, in coro
    await self.app(scope, receive_or_disconnect, send_no_error)
  File "C:\Users\Hugh\Python_venvs\workstation1_venv\Lib\site-packages\starlette\middleware\base.py", line 182, in __call__
    with recv_stream, send_stream, collapse_excgroups():
                                   ~~~~~~~~~~~~~~~~~~^^
  File "C:\Users\Hugh\AppData\Local\Programs\Python\Python313\Lib\contextlib.py", line 162, in __exit__
    self.gen.throw(value)
    ~~~~~~~~~~~~~~^^^^^^^
  File "C:\Users\Hugh\Python_venvs\workstation1_venv\Lib\site-packages\starlette\_utils.py", line 83, in collapse_excgroups
    raise exc
  File "C:\Users\Hugh\Python_venvs\workstation1_venv\Lib\site-packages\starlette\middleware\base.py", line 184, in __call__
    response = await self.dispatch_func(request, call_next)
               ^^^^^^^^^^^^^^^^^^^^^^^^^^^^^^^^^^^^^^^^^^^^
  File "C:\Users\Hugh\Python_venvs\workstation1_venv\Lib\site-packages\nicegui\middlewares.py", line 13, in dispatch
    response = await call_next(request)
               ^^^^^^^^^^^^^^^^^^^^^^^^
  File "C:\Users\Hugh\Python_venvs\workstation1_venv\Lib\site-packages\starlette\middleware\base.py", line 159, in call_next
    raise app_exc
  File "C:\Users\Hugh\Python_venvs\workstation1_venv\Lib\site-packages\starlette\middleware\base.py", line 144, in coro
    await self.app(scope, receive_or_disconnect, send_no_error)
  File "C:\Users\Hugh\Python_venvs\workstation1_venv\Lib\site-packages\starlette\middleware\gzip.py", line 29, in __call__
    await responder(scope, receive, send)
  File "C:\Users\Hugh\Python_venvs\workstation1_venv\Lib\site-packages\starlette\middleware\gzip.py", line 130, in __call__
    await super().__call__(scope, receive, send)
  File "C:\Users\Hugh\Python_venvs\workstation1_venv\Lib\site-packages\starlette\middleware\gzip.py", line 46, in __call__
    await self.app(scope, receive, self.send_with_compression)
  File "C:\Users\Hugh\Python_venvs\workstation1_venv\Lib\site-packages\starlette\middleware\exceptions.py", line 63, in __call__
    await wrap_app_handling_exceptions(self.app, conn)(scope, receive, send)
  File "C:\Users\Hugh\Python_venvs\workstation1_venv\Lib\site-packages\starlette\_exception_handler.py", line 53, in wrapped_app
    raise exc
  File "C:\Users\Hugh\Python_venvs\workstation1_venv\Lib\site-packages\starlette\_exception_handler.py", line 42, in wrapped_app
    await app(scope, receive, sender)
  File "C:\Users\Hugh\Python_venvs\workstation1_venv\Lib\site-packages\starlette\routing.py", line 716, in __call__
    await self.middleware_stack(scope, receive, send)
  File "C:\Users\Hugh\Python_venvs\workstation1_venv\Lib\site-packages\starlette\routing.py", line 736, in app
    await route.handle(scope, receive, send)
  File "C:\Users\Hugh\Python_venvs\workstation1_venv\Lib\site-packages\starlette\routing.py", line 290, in handle
    await self.app(scope, receive, send)
  File "C:\Users\Hugh\Python_venvs\workstation1_venv\Lib\site-packages\starlette\routing.py", line 78, in app
    await wrap_app_handling_exceptions(app, request)(scope, receive, send)
  File "C:\Users\Hugh\Python_venvs\workstation1_venv\Lib\site-packages\starlette\_exception_handler.py", line 53, in wrapped_app
    raise exc
  File "C:\Users\Hugh\Python_venvs\workstation1_venv\Lib\site-packages\starlette\_exception_handler.py", line 42, in wrapped_app
    await app(scope, receive, sender)
  File "C:\Users\Hugh\Python_venvs\workstation1_venv\Lib\site-packages\starlette\routing.py", line 75, in app
    response = await f(request)
               ^^^^^^^^^^^^^^^^
  File "C:\Users\Hugh\Python_venvs\workstation1_venv\Lib\site-packages\fastapi\routing.py", line 302, in app
    raw_response = await run_endpoint_function(
                   ^^^^^^^^^^^^^^^^^^^^^^^^^^^^
    ...<3 lines>...
    )
    ^
  File "C:\Users\Hugh\Python_venvs\workstation1_venv\Lib\site-packages\fastapi\routing.py", line 213, in run_endpoint_function
    return await dependant.call(**values)
           ^^^^^^^^^^^^^^^^^^^^^^^^^^^^^^
  File "C:\Users\Hugh\Python_venvs\workstation1_venv\Lib\site-packages\nicegui\page.py", line 148, in decorated
    return create_error_page(e, request)
  File "C:\Users\Hugh\Python_venvs\workstation1_venv\Lib\site-packages\nicegui\page.py", line 115, in create_error_page
    raise e
  File "C:\Users\Hugh\Python_venvs\workstation1_venv\Lib\site-packages\nicegui\page.py", line 146, in decorated
    result = func(*dec_args, **dec_kwargs)
  File "F:\VulcanConnect2025-09\frontend\pages\batch_drawings_export.py", line 29, in batch_drawings_export_page
    ui.button('EXPORT DRAWINGS', on_click=start_export_task).classes('mt-4')
                                          ^^^^^^^^^^^^^^^^^
UnboundLocalError: cannot access local variable 'start_export_task' where it is not associated with a value
ERROR:nicegui:cannot access local variable 'start_export_task' where it is not associated with a value
  + Exception Group Traceback (most recent call last):
  |   File "C:\Users\Hugh\Python_venvs\workstation1_venv\Lib\site-packages\starlette\_utils.py", line 77, in collapse_excgroups
  |     yield
  |   File "C:\Users\Hugh\Python_venvs\workstation1_venv\Lib\site-packages\starlette\middleware\base.py", line 183, in __call__
  |     async with anyio.create_task_group() as task_group:
  |                ~~~~~~~~~~~~~~~~~~~~~~~^^
  |   File "C:\Users\Hugh\Python_venvs\workstation1_venv\Lib\site-packages\anyio\_backends\_asyncio.py", line 772, in __aexit__
  |     raise BaseExceptionGroup(
  |         "unhandled errors in a TaskGroup", self._exceptions
  |     ) from None
  | ExceptionGroup: unhandled errors in a TaskGroup (1 sub-exception)
  +-+---------------- 1 ----------------
    | Traceback (most recent call last):
    |   File "C:\Users\Hugh\Python_venvs\workstation1_venv\Lib\site-packages\starlette\middleware\errors.py", line 164, in __call__
    |     await self.app(scope, receive, _send)
    |   File "C:\Users\Hugh\Python_venvs\workstation1_venv\Lib\site-packages\starlette\middleware\base.py", line 182, in __call__
    |     with recv_stream, send_stream, collapse_excgroups():
    |                                    ~~~~~~~~~~~~~~~~~~^^
    |   File "C:\Users\Hugh\AppData\Local\Programs\Python\Python313\Lib\contextlib.py", line 162, in __exit__
    |     self.gen.throw(value)
    |     ~~~~~~~~~~~~~~^^^^^^^
    |   File "C:\Users\Hugh\Python_venvs\workstation1_venv\Lib\site-packages\starlette\_utils.py", line 83, in collapse_excgroups
    |     raise exc
    |   File "C:\Users\Hugh\Python_venvs\workstation1_venv\Lib\site-packages\starlette\middleware\base.py", line 184, in __call__
    |     response = await self.dispatch_func(request, call_next)
    |                ^^^^^^^^^^^^^^^^^^^^^^^^^^^^^^^^^^^^^^^^^^^^
    |   File "C:\Users\Hugh\Python_venvs\workstation1_venv\Lib\site-packages\nicegui\middlewares.py", line 23, in dispatch
    |     response = await call_next(request)
    |                ^^^^^^^^^^^^^^^^^^^^^^^^
    |   File "C:\Users\Hugh\Python_venvs\workstation1_venv\Lib\site-packages\starlette\middleware\base.py", line 159, in call_next
    |     raise app_exc
    |   File "C:\Users\Hugh\Python_venvs\workstation1_venv\Lib\site-packages\starlette\middleware\base.py", line 144, in coro
    |     await self.app(scope, receive_or_disconnect, send_no_error)
    |   File "C:\Users\Hugh\Python_venvs\workstation1_venv\Lib\site-packages\starlette\middleware\base.py", line 182, in __call__
    |     with recv_stream, send_stream, collapse_excgroups():
    |                                    ~~~~~~~~~~~~~~~~~~^^
    |   File "C:\Users\Hugh\AppData\Local\Programs\Python\Python313\Lib\contextlib.py", line 162, in __exit__
    |     self.gen.throw(value)
    |     ~~~~~~~~~~~~~~^^^^^^^
    |   File "C:\Users\Hugh\Python_venvs\workstation1_venv\Lib\site-packages\starlette\_utils.py", line 83, in collapse_excgroups
    |     raise exc
    |   File "C:\Users\Hugh\Python_venvs\workstation1_venv\Lib\site-packages\starlette\middleware\base.py", line 184, in __call__
    |     response = await self.dispatch_func(request, call_next)
    |                ^^^^^^^^^^^^^^^^^^^^^^^^^^^^^^^^^^^^^^^^^^^^
    |   File "C:\Users\Hugh\Python_venvs\workstation1_venv\Lib\site-packages\nicegui\middlewares.py", line 13, in dispatch
    |     response = await call_next(request)
    |                ^^^^^^^^^^^^^^^^^^^^^^^^
    |   File "C:\Users\Hugh\Python_venvs\workstation1_venv\Lib\site-packages\starlette\middleware\base.py", line 159, in call_next
    |     raise app_exc
    |   File "C:\Users\Hugh\Python_venvs\workstation1_venv\Lib\site-packages\starlette\middleware\base.py", line 144, in coro
    |     await self.app(scope, receive_or_disconnect, send_no_error)
    |   File "C:\Users\Hugh\Python_venvs\workstation1_venv\Lib\site-packages\starlette\middleware\gzip.py", line 29, in __call__
    |     await responder(scope, receive, send)
    |   File "C:\Users\Hugh\Python_venvs\workstation1_venv\Lib\site-packages\starlette\middleware\gzip.py", line 130, in __call__
    |     await super().__call__(scope, receive, send)
    |   File "C:\Users\Hugh\Python_venvs\workstation1_venv\Lib\site-packages\starlette\middleware\gzip.py", line 46, in __call__
    |     await self.app(scope, receive, self.send_with_compression)
    |   File "C:\Users\Hugh\Python_venvs\workstation1_venv\Lib\site-packages\starlette\middleware\exceptions.py", line 63, in __call__
    |     await wrap_app_handling_exceptions(self.app, conn)(scope, receive, send)
    |   File "C:\Users\Hugh\Python_venvs\workstation1_venv\Lib\site-packages\starlette\_exception_handler.py", line 53, in wrapped_app
    |     raise exc
    |   File "C:\Users\Hugh\Python_venvs\workstation1_venv\Lib\site-packages\starlette\_exception_handler.py", line 42, in wrapped_app
    |     await app(scope, receive, sender)
    |   File "C:\Users\Hugh\Python_venvs\workstation1_venv\Lib\site-packages\starlette\routing.py", line 716, in __call__
    |     await self.middleware_stack(scope, receive, send)
    |   File "C:\Users\Hugh\Python_venvs\workstation1_venv\Lib\site-packages\starlette\routing.py", line 736, in app
    |     await route.handle(scope, receive, send)
    |   File "C:\Users\Hugh\Python_venvs\workstation1_venv\Lib\site-packages\starlette\routing.py", line 290, in handle
    |     await self.app(scope, receive, send)
    |   File "C:\Users\Hugh\Python_venvs\workstation1_venv\Lib\site-packages\starlette\routing.py", line 78, in app
    |     await wrap_app_handling_exceptions(app, request)(scope, receive, send)
    |   File "C:\Users\Hugh\Python_venvs\workstation1_venv\Lib\site-packages\starlette\_exception_handler.py", line 53, in wrapped_app
    |     raise exc
    |   File "C:\Users\Hugh\Python_venvs\workstation1_venv\Lib\site-packages\starlette\_exception_handler.py", line 42, in wrapped_app
    |     await app(scope, receive, sender)
    |   File "C:\Users\Hugh\Python_venvs\workstation1_venv\Lib\site-packages\starlette\routing.py", line 75, in app
    |     response = await f(request)
    |                ^^^^^^^^^^^^^^^^
    |   File "C:\Users\Hugh\Python_venvs\workstation1_venv\Lib\site-packages\fastapi\routing.py", line 302, in app
    |     raw_response = await run_endpoint_function(
    |                    ^^^^^^^^^^^^^^^^^^^^^^^^^^^^
    |     ...<3 lines>...
    |     )
    |     ^
    |   File "C:\Users\Hugh\Python_venvs\workstation1_venv\Lib\site-packages\fastapi\routing.py", line 213, in run_endpoint_function
    |     return await dependant.call(**values)
    |            ^^^^^^^^^^^^^^^^^^^^^^^^^^^^^^
    |   File "C:\Users\Hugh\Python_venvs\workstation1_venv\Lib\site-packages\nicegui\page.py", line 148, in decorated
    |     return create_error_page(e, request)
    |   File "C:\Users\Hugh\Python_venvs\workstation1_venv\Lib\site-packages\nicegui\page.py", line 115, in create_error_page
    |     raise e
    |   File "C:\Users\Hugh\Python_venvs\workstation1_venv\Lib\site-packages\nicegui\page.py", line 146, in decorated
    |     result = func(*dec_args, **dec_kwargs)
    |   File "F:\VulcanConnect2025-09\frontend\pages\batch_drawings_export.py", line 29, in batch_drawings_export_page
    |     ui.button('EXPORT DRAWINGS', on_click=start_export_task).classes('mt-4')
    |                                           ^^^^^^^^^^^^^^^^^
    | UnboundLocalError: cannot access local variable 'start_export_task' where it is not associated with a value
    +------------------------------------

During handling of the above exception, another exception occurred:

Traceback (most recent call last):
  File "C:\Users\Hugh\Python_venvs\workstation1_venv\Lib\site-packages\starlette\middleware\errors.py", line 164, in __call__
    await self.app(scope, receive, _send)
  File "C:\Users\Hugh\Python_venvs\workstation1_venv\Lib\site-packages\starlette\middleware\base.py", line 182, in __call__
    with recv_stream, send_stream, collapse_excgroups():
                                   ~~~~~~~~~~~~~~~~~~^^
  File "C:\Users\Hugh\AppData\Local\Programs\Python\Python313\Lib\contextlib.py", line 162, in __exit__
    self.gen.throw(value)
    ~~~~~~~~~~~~~~^^^^^^^
  File "C:\Users\Hugh\Python_venvs\workstation1_venv\Lib\site-packages\starlette\_utils.py", line 83, in collapse_excgroups
    raise exc
  File "C:\Users\Hugh\Python_venvs\workstation1_venv\Lib\site-packages\starlette\middleware\base.py", line 184, in __call__
    response = await self.dispatch_func(request, call_next)
               ^^^^^^^^^^^^^^^^^^^^^^^^^^^^^^^^^^^^^^^^^^^^
  File "C:\Users\Hugh\Python_venvs\workstation1_venv\Lib\site-packages\nicegui\middlewares.py", line 23, in dispatch
    response = await call_next(request)
               ^^^^^^^^^^^^^^^^^^^^^^^^
  File "C:\Users\Hugh\Python_venvs\workstation1_venv\Lib\site-packages\starlette\middleware\base.py", line 159, in call_next
    raise app_exc
  File "C:\Users\Hugh\Python_venvs\workstation1_venv\Lib\site-packages\starlette\middleware\base.py", line 144, in coro
    await self.app(scope, receive_or_disconnect, send_no_error)
  File "C:\Users\Hugh\Python_venvs\workstation1_venv\Lib\site-packages\starlette\middleware\base.py", line 182, in __call__
    with recv_stream, send_stream, collapse_excgroups():
                                   ~~~~~~~~~~~~~~~~~~^^
  File "C:\Users\Hugh\AppData\Local\Programs\Python\Python313\Lib\contextlib.py", line 162, in __exit__
    self.gen.throw(value)
    ~~~~~~~~~~~~~~^^^^^^^
  File "C:\Users\Hugh\Python_venvs\workstation1_venv\Lib\site-packages\starlette\_utils.py", line 83, in collapse_excgroups
    raise exc
  File "C:\Users\Hugh\Python_venvs\workstation1_venv\Lib\site-packages\starlette\middleware\base.py", line 184, in __call__
    response = await self.dispatch_func(request, call_next)
               ^^^^^^^^^^^^^^^^^^^^^^^^^^^^^^^^^^^^^^^^^^^^
  File "C:\Users\Hugh\Python_venvs\workstation1_venv\Lib\site-packages\nicegui\middlewares.py", line 13, in dispatch
    response = await call_next(request)
               ^^^^^^^^^^^^^^^^^^^^^^^^
  File "C:\Users\Hugh\Python_venvs\workstation1_venv\Lib\site-packages\starlette\middleware\base.py", line 159, in call_next
    raise app_exc
  File "C:\Users\Hugh\Python_venvs\workstation1_venv\Lib\site-packages\starlette\middleware\base.py", line 144, in coro
    await self.app(scope, receive_or_disconnect, send_no_error)
  File "C:\Users\Hugh\Python_venvs\workstation1_venv\Lib\site-packages\starlette\middleware\gzip.py", line 29, in __call__
    await responder(scope, receive, send)
  File "C:\Users\Hugh\Python_venvs\workstation1_venv\Lib\site-packages\starlette\middleware\gzip.py", line 130, in __call__
    await super().__call__(scope, receive, send)
  File "C:\Users\Hugh\Python_venvs\workstation1_venv\Lib\site-packages\starlette\middleware\gzip.py", line 46, in __call__
    await self.app(scope, receive, self.send_with_compression)
  File "C:\Users\Hugh\Python_venvs\workstation1_venv\Lib\site-packages\starlette\middleware\exceptions.py", line 63, in __call__
    await wrap_app_handling_exceptions(self.app, conn)(scope, receive, send)
  File "C:\Users\Hugh\Python_venvs\workstation1_venv\Lib\site-packages\starlette\_exception_handler.py", line 53, in wrapped_app
    raise exc
  File "C:\Users\Hugh\Python_venvs\workstation1_venv\Lib\site-packages\starlette\_exception_handler.py", line 42, in wrapped_app
    await app(scope, receive, sender)
  File "C:\Users\Hugh\Python_venvs\workstation1_venv\Lib\site-packages\starlette\routing.py", line 716, in __call__
    await self.middleware_stack(scope, receive, send)
  File "C:\Users\Hugh\Python_venvs\workstation1_venv\Lib\site-packages\starlette\routing.py", line 736, in app
    await route.handle(scope, receive, send)
  File "C:\Users\Hugh\Python_venvs\workstation1_venv\Lib\site-packages\starlette\routing.py", line 290, in handle
    await self.app(scope, receive, send)
  File "C:\Users\Hugh\Python_venvs\workstation1_venv\Lib\site-packages\starlette\routing.py", line 78, in app
    await wrap_app_handling_exceptions(app, request)(scope, receive, send)
  File "C:\Users\Hugh\Python_venvs\workstation1_venv\Lib\site-packages\starlette\_exception_handler.py", line 53, in wrapped_app
    raise exc
  File "C:\Users\Hugh\Python_venvs\workstation1_venv\Lib\site-packages\starlette\_exception_handler.py", line 42, in wrapped_app
    await app(scope, receive, sender)
  File "C:\Users\Hugh\Python_venvs\workstation1_venv\Lib\site-packages\starlette\routing.py", line 75, in app
    response = await f(request)
               ^^^^^^^^^^^^^^^^
  File "C:\Users\Hugh\Python_venvs\workstation1_venv\Lib\site-packages\fastapi\routing.py", line 302, in app
    raw_response = await run_endpoint_function(
                   ^^^^^^^^^^^^^^^^^^^^^^^^^^^^
    ...<3 lines>...
    )
    ^
  File "C:\Users\Hugh\Python_venvs\workstation1_venv\Lib\site-packages\fastapi\routing.py", line 213, in run_endpoint_function
    return await dependant.call(**values)
           ^^^^^^^^^^^^^^^^^^^^^^^^^^^^^^
  File "C:\Users\Hugh\Python_venvs\workstation1_venv\Lib\site-packages\nicegui\page.py", line 148, in decorated
    return create_error_page(e, request)
  File "C:\Users\Hugh\Python_venvs\workstation1_venv\Lib\site-packages\nicegui\page.py", line 115, in create_error_page
    raise e
  File "C:\Users\Hugh\Python_venvs\workstation1_venv\Lib\site-packages\nicegui\page.py", line 146, in decorated
    result = func(*dec_args, **dec_kwargs)
  File "F:\VulcanConnect2025-09\frontend\pages\batch_drawings_export.py", line 29, in batch_drawings_export_page
    ui.button('EXPORT DRAWINGS', on_click=start_export_task).classes('mt-4')
                                          ^^^^^^^^^^^^^^^^^
UnboundLocalError: cannot access local variable 'start_export_task' where it is not associated with a value
ERROR:nicegui:cannot access local variable 'start_export_task' where it is not associated with a value
  + Exception Group Traceback (most recent call last):
  |   File "C:\Users\Hugh\Python_venvs\workstation1_venv\Lib\site-packages\starlette\_utils.py", line 77, in collapse_excgroups
  |     yield
  |   File "C:\Users\Hugh\Python_venvs\workstation1_venv\Lib\site-packages\starlette\middleware\base.py", line 183, in __call__
  |     async with anyio.create_task_group() as task_group:
  |                ~~~~~~~~~~~~~~~~~~~~~~~^^
  |   File "C:\Users\Hugh\Python_venvs\workstation1_venv\Lib\site-packages\anyio\_backends\_asyncio.py", line 772, in __aexit__
  |     raise BaseExceptionGroup(
  |         "unhandled errors in a TaskGroup", self._exceptions
  |     ) from None
  | ExceptionGroup: unhandled errors in a TaskGroup (1 sub-exception)
  +-+---------------- 1 ----------------
    | Traceback (most recent call last):
    |   File "C:\Users\Hugh\Python_venvs\workstation1_venv\Lib\site-packages\starlette\middleware\errors.py", line 164, in __call__
    |     await self.app(scope, receive, _send)
    |   File "C:\Users\Hugh\Python_venvs\workstation1_venv\Lib\site-packages\starlette\middleware\base.py", line 182, in __call__
    |     with recv_stream, send_stream, collapse_excgroups():
    |                                    ~~~~~~~~~~~~~~~~~~^^
    |   File "C:\Users\Hugh\AppData\Local\Programs\Python\Python313\Lib\contextlib.py", line 162, in __exit__
    |     self.gen.throw(value)
    |     ~~~~~~~~~~~~~~^^^^^^^
    |   File "C:\Users\Hugh\Python_venvs\workstation1_venv\Lib\site-packages\starlette\_utils.py", line 83, in collapse_excgroups
    |     raise exc
    |   File "C:\Users\Hugh\Python_venvs\workstation1_venv\Lib\site-packages\starlette\middleware\base.py", line 184, in __call__
    |     response = await self.dispatch_func(request, call_next)
    |                ^^^^^^^^^^^^^^^^^^^^^^^^^^^^^^^^^^^^^^^^^^^^
    |   File "C:\Users\Hugh\Python_venvs\workstation1_venv\Lib\site-packages\nicegui\middlewares.py", line 23, in dispatch
    |     response = await call_next(request)
    |                ^^^^^^^^^^^^^^^^^^^^^^^^
    |   File "C:\Users\Hugh\Python_venvs\workstation1_venv\Lib\site-packages\starlette\middleware\base.py", line 159, in call_next
    |     raise app_exc
    |   File "C:\Users\Hugh\Python_venvs\workstation1_venv\Lib\site-packages\starlette\middleware\base.py", line 144, in coro
    |     await self.app(scope, receive_or_disconnect, send_no_error)
    |   File "C:\Users\Hugh\Python_venvs\workstation1_venv\Lib\site-packages\starlette\middleware\base.py", line 182, in __call__
    |     with recv_stream, send_stream, collapse_excgroups():
    |                                    ~~~~~~~~~~~~~~~~~~^^
    |   File "C:\Users\Hugh\AppData\Local\Programs\Python\Python313\Lib\contextlib.py", line 162, in __exit__
    |     self.gen.throw(value)
    |     ~~~~~~~~~~~~~~^^^^^^^
    |   File "C:\Users\Hugh\Python_venvs\workstation1_venv\Lib\site-packages\starlette\_utils.py", line 83, in collapse_excgroups
    |     raise exc
    |   File "C:\Users\Hugh\Python_venvs\workstation1_venv\Lib\site-packages\starlette\middleware\base.py", line 184, in __call__
    |     response = await self.dispatch_func(request, call_next)
    |                ^^^^^^^^^^^^^^^^^^^^^^^^^^^^^^^^^^^^^^^^^^^^
    |   File "C:\Users\Hugh\Python_venvs\workstation1_venv\Lib\site-packages\nicegui\middlewares.py", line 13, in dispatch
    |     response = await call_next(request)
    |                ^^^^^^^^^^^^^^^^^^^^^^^^
    |   File "C:\Users\Hugh\Python_venvs\workstation1_venv\Lib\site-packages\starlette\middleware\base.py", line 159, in call_next
    |     raise app_exc
    |   File "C:\Users\Hugh\Python_venvs\workstation1_venv\Lib\site-packages\starlette\middleware\base.py", line 144, in coro
    |     await self.app(scope, receive_or_disconnect, send_no_error)
    |   File "C:\Users\Hugh\Python_venvs\workstation1_venv\Lib\site-packages\starlette\middleware\gzip.py", line 29, in __call__
    |     await responder(scope, receive, send)
    |   File "C:\Users\Hugh\Python_venvs\workstation1_venv\Lib\site-packages\starlette\middleware\gzip.py", line 130, in __call__
    |     await super().__call__(scope, receive, send)
    |   File "C:\Users\Hugh\Python_venvs\workstation1_venv\Lib\site-packages\starlette\middleware\gzip.py", line 46, in __call__
    |     await self.app(scope, receive, self.send_with_compression)
    |   File "C:\Users\Hugh\Python_venvs\workstation1_venv\Lib\site-packages\starlette\middleware\exceptions.py", line 63, in __call__
    |     await wrap_app_handling_exceptions(self.app, conn)(scope, receive, send)
    |   File "C:\Users\Hugh\Python_venvs\workstation1_venv\Lib\site-packages\starlette\_exception_handler.py", line 53, in wrapped_app
    |     raise exc
    |   File "C:\Users\Hugh\Python_venvs\workstation1_venv\Lib\site-packages\starlette\_exception_handler.py", line 42, in wrapped_app
    |     await app(scope, receive, sender)
    |   File "C:\Users\Hugh\Python_venvs\workstation1_venv\Lib\site-packages\starlette\routing.py", line 716, in __call__
    |     await self.middleware_stack(scope, receive, send)
    |   File "C:\Users\Hugh\Python_venvs\workstation1_venv\Lib\site-packages\starlette\routing.py", line 736, in app
    |     await route.handle(scope, receive, send)
    |   File "C:\Users\Hugh\Python_venvs\workstation1_venv\Lib\site-packages\starlette\routing.py", line 290, in handle
    |     await self.app(scope, receive, send)
    |   File "C:\Users\Hugh\Python_venvs\workstation1_venv\Lib\site-packages\starlette\routing.py", line 78, in app
    |     await wrap_app_handling_exceptions(app, request)(scope, receive, send)
    |   File "C:\Users\Hugh\Python_venvs\workstation1_venv\Lib\site-packages\starlette\_exception_handler.py", line 53, in wrapped_app
    |     raise exc
    |   File "C:\Users\Hugh\Python_venvs\workstation1_venv\Lib\site-packages\starlette\_exception_handler.py", line 42, in wrapped_app
    |     await app(scope, receive, sender)
    |   File "C:\Users\Hugh\Python_venvs\workstation1_venv\Lib\site-packages\starlette\routing.py", line 75, in app
    |     response = await f(request)
    |                ^^^^^^^^^^^^^^^^
    |   File "C:\Users\Hugh\Python_venvs\workstation1_venv\Lib\site-packages\fastapi\routing.py", line 302, in app
    |     raw_response = await run_endpoint_function(
    |                    ^^^^^^^^^^^^^^^^^^^^^^^^^^^^
    |     ...<3 lines>...
    |     )
    |     ^
    |   File "C:\Users\Hugh\Python_venvs\workstation1_venv\Lib\site-packages\fastapi\routing.py", line 213, in run_endpoint_function
    |     return await dependant.call(**values)
    |            ^^^^^^^^^^^^^^^^^^^^^^^^^^^^^^
    |   File "C:\Users\Hugh\Python_venvs\workstation1_venv\Lib\site-packages\nicegui\page.py", line 148, in decorated
    |     return create_error_page(e, request)
    |   File "C:\Users\Hugh\Python_venvs\workstation1_venv\Lib\site-packages\nicegui\page.py", line 115, in create_error_page
    |     raise e
    |   File "C:\Users\Hugh\Python_venvs\workstation1_venv\Lib\site-packages\nicegui\page.py", line 146, in decorated
    |     result = func(*dec_args, **dec_kwargs)
    |   File "F:\VulcanConnect2025-09\frontend\pages\batch_drawings_export.py", line 29, in batch_drawings_export_page
    |     ui.button('EXPORT DRAWINGS', on_click=start_export_task).classes('mt-4')
    |                                           ^^^^^^^^^^^^^^^^^
    | UnboundLocalError: cannot access local variable 'start_export_task' where it is not associated with a value
    +------------------------------------

During handling of the above exception, another exception occurred:

Traceback (most recent call last):
  File "C:\Users\Hugh\Python_venvs\workstation1_venv\Lib\site-packages\starlette\middleware\errors.py", line 164, in __call__
    await self.app(scope, receive, _send)
  File "C:\Users\Hugh\Python_venvs\workstation1_venv\Lib\site-packages\starlette\middleware\base.py", line 182, in __call__
    with recv_stream, send_stream, collapse_excgroups():
                                   ~~~~~~~~~~~~~~~~~~^^
  File "C:\Users\Hugh\AppData\Local\Programs\Python\Python313\Lib\contextlib.py", line 162, in __exit__
    self.gen.throw(value)
    ~~~~~~~~~~~~~~^^^^^^^
  File "C:\Users\Hugh\Python_venvs\workstation1_venv\Lib\site-packages\starlette\_utils.py", line 83, in collapse_excgroups
    raise exc
  File "C:\Users\Hugh\Python_venvs\workstation1_venv\Lib\site-packages\starlette\middleware\base.py", line 184, in __call__
    response = await self.dispatch_func(request, call_next)
               ^^^^^^^^^^^^^^^^^^^^^^^^^^^^^^^^^^^^^^^^^^^^
  File "C:\Users\Hugh\Python_venvs\workstation1_venv\Lib\site-packages\nicegui\middlewares.py", line 23, in dispatch
    response = await call_next(request)
               ^^^^^^^^^^^^^^^^^^^^^^^^
  File "C:\Users\Hugh\Python_venvs\workstation1_venv\Lib\site-packages\starlette\middleware\base.py", line 159, in call_next
    raise app_exc
  File "C:\Users\Hugh\Python_venvs\workstation1_venv\Lib\site-packages\starlette\middleware\base.py", line 144, in coro
    await self.app(scope, receive_or_disconnect, send_no_error)
  File "C:\Users\Hugh\Python_venvs\workstation1_venv\Lib\site-packages\starlette\middleware\base.py", line 182, in __call__
    with recv_stream, send_stream, collapse_excgroups():
                                   ~~~~~~~~~~~~~~~~~~^^
  File "C:\Users\Hugh\AppData\Local\Programs\Python\Python313\Lib\contextlib.py", line 162, in __exit__
    self.gen.throw(value)
    ~~~~~~~~~~~~~~^^^^^^^
  File "C:\Users\Hugh\Python_venvs\workstation1_venv\Lib\site-packages\starlette\_utils.py", line 83, in collapse_excgroups
    raise exc
  File "C:\Users\Hugh\Python_venvs\workstation1_venv\Lib\site-packages\starlette\middleware\base.py", line 184, in __call__
    response = await self.dispatch_func(request, call_next)
               ^^^^^^^^^^^^^^^^^^^^^^^^^^^^^^^^^^^^^^^^^^^^
  File "C:\Users\Hugh\Python_venvs\workstation1_venv\Lib\site-packages\nicegui\middlewares.py", line 13, in dispatch
    response = await call_next(request)
               ^^^^^^^^^^^^^^^^^^^^^^^^
  File "C:\Users\Hugh\Python_venvs\workstation1_venv\Lib\site-packages\starlette\middleware\base.py", line 159, in call_next
    raise app_exc
  File "C:\Users\Hugh\Python_venvs\workstation1_venv\Lib\site-packages\starlette\middleware\base.py", line 144, in coro
    await self.app(scope, receive_or_disconnect, send_no_error)
  File "C:\Users\Hugh\Python_venvs\workstation1_venv\Lib\site-packages\starlette\middleware\gzip.py", line 29, in __call__
    await responder(scope, receive, send)
  File "C:\Users\Hugh\Python_venvs\workstation1_venv\Lib\site-packages\starlette\middleware\gzip.py", line 130, in __call__
    await super().__call__(scope, receive, send)
  File "C:\Users\Hugh\Python_venvs\workstation1_venv\Lib\site-packages\starlette\middleware\gzip.py", line 46, in __call__
    await self.app(scope, receive, self.send_with_compression)
  File "C:\Users\Hugh\Python_venvs\workstation1_venv\Lib\site-packages\starlette\middleware\exceptions.py", line 63, in __call__
    await wrap_app_handling_exceptions(self.app, conn)(scope, receive, send)
  File "C:\Users\Hugh\Python_venvs\workstation1_venv\Lib\site-packages\starlette\_exception_handler.py", line 53, in wrapped_app
    raise exc
  File "C:\Users\Hugh\Python_venvs\workstation1_venv\Lib\site-packages\starlette\_exception_handler.py", line 42, in wrapped_app
    await app(scope, receive, sender)
  File "C:\Users\Hugh\Python_venvs\workstation1_venv\Lib\site-packages\starlette\routing.py", line 716, in __call__
    await self.middleware_stack(scope, receive, send)
  File "C:\Users\Hugh\Python_venvs\workstation1_venv\Lib\site-packages\starlette\routing.py", line 736, in app
    await route.handle(scope, receive, send)
  File "C:\Users\Hugh\Python_venvs\workstation1_venv\Lib\site-packages\starlette\routing.py", line 290, in handle
    await self.app(scope, receive, send)
  File "C:\Users\Hugh\Python_venvs\workstation1_venv\Lib\site-packages\starlette\routing.py", line 78, in app
    await wrap_app_handling_exceptions(app, request)(scope, receive, send)
  File "C:\Users\Hugh\Python_venvs\workstation1_venv\Lib\site-packages\starlette\_exception_handler.py", line 53, in wrapped_app
    raise exc
  File "C:\Users\Hugh\Python_venvs\workstation1_venv\Lib\site-packages\starlette\_exception_handler.py", line 42, in wrapped_app
    await app(scope, receive, sender)
  File "C:\Users\Hugh\Python_venvs\workstation1_venv\Lib\site-packages\starlette\routing.py", line 75, in app
    response = await f(request)
               ^^^^^^^^^^^^^^^^
  File "C:\Users\Hugh\Python_venvs\workstation1_venv\Lib\site-packages\fastapi\routing.py", line 302, in app
    raw_response = await run_endpoint_function(
                   ^^^^^^^^^^^^^^^^^^^^^^^^^^^^
    ...<3 lines>...
    )
    ^
  File "C:\Users\Hugh\Python_venvs\workstation1_venv\Lib\site-packages\fastapi\routing.py", line 213, in run_endpoint_function
    return await dependant.call(**values)
           ^^^^^^^^^^^^^^^^^^^^^^^^^^^^^^
  File "C:\Users\Hugh\Python_venvs\workstation1_venv\Lib\site-packages\nicegui\page.py", line 148, in decorated
    return create_error_page(e, request)
  File "C:\Users\Hugh\Python_venvs\workstation1_venv\Lib\site-packages\nicegui\page.py", line 115, in create_error_page
    raise e
  File "C:\Users\Hugh\Python_venvs\workstation1_venv\Lib\site-packages\nicegui\page.py", line 146, in decorated
    result = func(*dec_args, **dec_kwargs)
  File "F:\VulcanConnect2025-09\frontend\pages\batch_drawings_export.py", line 29, in batch_drawings_export_page
    ui.button('EXPORT DRAWINGS', on_click=start_export_task).classes('mt-4')
                                          ^^^^^^^^^^^^^^^^^
UnboundLocalError: cannot access local variable 'start_export_task' where it is not associated with a value
ERROR:nicegui:cannot access local variable 'start_export_task' where it is not associated with a value
  + Exception Group Traceback (most recent call last):
  |   File "C:\Users\Hugh\Python_venvs\workstation1_venv\Lib\site-packages\starlette\_utils.py", line 77, in collapse_excgroups
  |     yield
  |   File "C:\Users\Hugh\Python_venvs\workstation1_venv\Lib\site-packages\starlette\middleware\base.py", line 183, in __call__
  |     async with anyio.create_task_group() as task_group:
  |                ~~~~~~~~~~~~~~~~~~~~~~~^^
  |   File "C:\Users\Hugh\Python_venvs\workstation1_venv\Lib\site-packages\anyio\_backends\_asyncio.py", line 772, in __aexit__
  |     raise BaseExceptionGroup(
  |         "unhandled errors in a TaskGroup", self._exceptions
  |     ) from None
  | ExceptionGroup: unhandled errors in a TaskGroup (1 sub-exception)
  +-+---------------- 1 ----------------
    | Traceback (most recent call last):
    |   File "C:\Users\Hugh\Python_venvs\workstation1_venv\Lib\site-packages\starlette\middleware\errors.py", line 164, in __call__
    |     await self.app(scope, receive, _send)
    |   File "C:\Users\Hugh\Python_venvs\workstation1_venv\Lib\site-packages\starlette\middleware\base.py", line 182, in __call__
    |     with recv_stream, send_stream, collapse_excgroups():
    |                                    ~~~~~~~~~~~~~~~~~~^^
    |   File "C:\Users\Hugh\AppData\Local\Programs\Python\Python313\Lib\contextlib.py", line 162, in __exit__
    |     self.gen.throw(value)
    |     ~~~~~~~~~~~~~~^^^^^^^
    |   File "C:\Users\Hugh\Python_venvs\workstation1_venv\Lib\site-packages\starlette\_utils.py", line 83, in collapse_excgroups
    |     raise exc
    |   File "C:\Users\Hugh\Python_venvs\workstation1_venv\Lib\site-packages\starlette\middleware\base.py", line 184, in __call__
    |     response = await self.dispatch_func(request, call_next)
    |                ^^^^^^^^^^^^^^^^^^^^^^^^^^^^^^^^^^^^^^^^^^^^
    |   File "C:\Users\Hugh\Python_venvs\workstation1_venv\Lib\site-packages\nicegui\middlewares.py", line 23, in dispatch
    |     response = await call_next(request)
    |                ^^^^^^^^^^^^^^^^^^^^^^^^
    |   File "C:\Users\Hugh\Python_venvs\workstation1_venv\Lib\site-packages\starlette\middleware\base.py", line 159, in call_next
    |     raise app_exc
    |   File "C:\Users\Hugh\Python_venvs\workstation1_venv\Lib\site-packages\starlette\middleware\base.py", line 144, in coro
    |     await self.app(scope, receive_or_disconnect, send_no_error)
    |   File "C:\Users\Hugh\Python_venvs\workstation1_venv\Lib\site-packages\starlette\middleware\base.py", line 182, in __call__
    |     with recv_stream, send_stream, collapse_excgroups():
    |                                    ~~~~~~~~~~~~~~~~~~^^
    |   File "C:\Users\Hugh\AppData\Local\Programs\Python\Python313\Lib\contextlib.py", line 162, in __exit__
    |     self.gen.throw(value)
    |     ~~~~~~~~~~~~~~^^^^^^^
    |   File "C:\Users\Hugh\Python_venvs\workstation1_venv\Lib\site-packages\starlette\_utils.py", line 83, in collapse_excgroups
    |     raise exc
    |   File "C:\Users\Hugh\Python_venvs\workstation1_venv\Lib\site-packages\starlette\middleware\base.py", line 184, in __call__
    |     response = await self.dispatch_func(request, call_next)
    |                ^^^^^^^^^^^^^^^^^^^^^^^^^^^^^^^^^^^^^^^^^^^^
    |   File "C:\Users\Hugh\Python_venvs\workstation1_venv\Lib\site-packages\nicegui\middlewares.py", line 13, in dispatch
    |     response = await call_next(request)
    |                ^^^^^^^^^^^^^^^^^^^^^^^^
    |   File "C:\Users\Hugh\Python_venvs\workstation1_venv\Lib\site-packages\starlette\middleware\base.py", line 159, in call_next
    |     raise app_exc
    |   File "C:\Users\Hugh\Python_venvs\workstation1_venv\Lib\site-packages\starlette\middleware\base.py", line 144, in coro
    |     await self.app(scope, receive_or_disconnect, send_no_error)
    |   File "C:\Users\Hugh\Python_venvs\workstation1_venv\Lib\site-packages\starlette\middleware\gzip.py", line 29, in __call__
    |     await responder(scope, receive, send)
    |   File "C:\Users\Hugh\Python_venvs\workstation1_venv\Lib\site-packages\starlette\middleware\gzip.py", line 130, in __call__
    |     await super().__call__(scope, receive, send)
    |   File "C:\Users\Hugh\Python_venvs\workstation1_venv\Lib\site-packages\starlette\middleware\gzip.py", line 46, in __call__
    |     await self.app(scope, receive, self.send_with_compression)
    |   File "C:\Users\Hugh\Python_venvs\workstation1_venv\Lib\site-packages\starlette\middleware\exceptions.py", line 63, in __call__
    |     await wrap_app_handling_exceptions(self.app, conn)(scope, receive, send)
    |   File "C:\Users\Hugh\Python_venvs\workstation1_venv\Lib\site-packages\starlette\_exception_handler.py", line 53, in wrapped_app
    |     raise exc
    |   File "C:\Users\Hugh\Python_venvs\workstation1_venv\Lib\site-packages\starlette\_exception_handler.py", line 42, in wrapped_app
    |     await app(scope, receive, sender)
    |   File "C:\Users\Hugh\Python_venvs\workstation1_venv\Lib\site-packages\starlette\routing.py", line 716, in __call__
    |     await self.middleware_stack(scope, receive, send)
    |   File "C:\Users\Hugh\Python_venvs\workstation1_venv\Lib\site-packages\starlette\routing.py", line 736, in app
    |     await route.handle(scope, receive, send)
    |   File "C:\Users\Hugh\Python_venvs\workstation1_venv\Lib\site-packages\starlette\routing.py", line 290, in handle
    |     await self.app(scope, receive, send)
    |   File "C:\Users\Hugh\Python_venvs\workstation1_venv\Lib\site-packages\starlette\routing.py", line 78, in app
    |     await wrap_app_handling_exceptions(app, request)(scope, receive, send)
    |   File "C:\Users\Hugh\Python_venvs\workstation1_venv\Lib\site-packages\starlette\_exception_handler.py", line 53, in wrapped_app
    |     raise exc
    |   File "C:\Users\Hugh\Python_venvs\workstation1_venv\Lib\site-packages\starlette\_exception_handler.py", line 42, in wrapped_app
    |     await app(scope, receive, sender)
    |   File "C:\Users\Hugh\Python_venvs\workstation1_venv\Lib\site-packages\starlette\routing.py", line 75, in app
    |     response = await f(request)
    |                ^^^^^^^^^^^^^^^^
    |   File "C:\Users\Hugh\Python_venvs\workstation1_venv\Lib\site-packages\fastapi\routing.py", line 302, in app
    |     raw_response = await run_endpoint_function(
    |                    ^^^^^^^^^^^^^^^^^^^^^^^^^^^^
    |     ...<3 lines>...
    |     )
    |     ^
    |   File "C:\Users\Hugh\Python_venvs\workstation1_venv\Lib\site-packages\fastapi\routing.py", line 213, in run_endpoint_function
    |     return await dependant.call(**values)
    |            ^^^^^^^^^^^^^^^^^^^^^^^^^^^^^^
    |   File "C:\Users\Hugh\Python_venvs\workstation1_venv\Lib\site-packages\nicegui\page.py", line 148, in decorated
    |     return create_error_page(e, request)
    |   File "C:\Users\Hugh\Python_venvs\workstation1_venv\Lib\site-packages\nicegui\page.py", line 115, in create_error_page
    |     raise e
    |   File "C:\Users\Hugh\Python_venvs\workstation1_venv\Lib\site-packages\nicegui\page.py", line 146, in decorated
    |     result = func(*dec_args, **dec_kwargs)
    |   File "F:\VulcanConnect2025-09\frontend\pages\batch_drawings_export.py", line 29, in batch_drawings_export_page
    |     ui.button('EXPORT DRAWINGS', on_click=start_export_task).classes('mt-4')
    |                                           ^^^^^^^^^^^^^^^^^
    | UnboundLocalError: cannot access local variable 'start_export_task' where it is not associated with a value
    +------------------------------------

During handling of the above exception, another exception occurred:

Traceback (most recent call last):
  File "C:\Users\Hugh\Python_venvs\workstation1_venv\Lib\site-packages\starlette\middleware\errors.py", line 164, in __call__
    await self.app(scope, receive, _send)
  File "C:\Users\Hugh\Python_venvs\workstation1_venv\Lib\site-packages\starlette\middleware\base.py", line 182, in __call__
    with recv_stream, send_stream, collapse_excgroups():
                                   ~~~~~~~~~~~~~~~~~~^^
  File "C:\Users\Hugh\AppData\Local\Programs\Python\Python313\Lib\contextlib.py", line 162, in __exit__
    self.gen.throw(value)
    ~~~~~~~~~~~~~~^^^^^^^
  File "C:\Users\Hugh\Python_venvs\workstation1_venv\Lib\site-packages\starlette\_utils.py", line 83, in collapse_excgroups
    raise exc
  File "C:\Users\Hugh\Python_venvs\workstation1_venv\Lib\site-packages\starlette\middleware\base.py", line 184, in __call__
    response = await self.dispatch_func(request, call_next)
               ^^^^^^^^^^^^^^^^^^^^^^^^^^^^^^^^^^^^^^^^^^^^
  File "C:\Users\Hugh\Python_venvs\workstation1_venv\Lib\site-packages\nicegui\middlewares.py", line 23, in dispatch
    response = await call_next(request)
               ^^^^^^^^^^^^^^^^^^^^^^^^
  File "C:\Users\Hugh\Python_venvs\workstation1_venv\Lib\site-packages\starlette\middleware\base.py", line 159, in call_next
    raise app_exc
  File "C:\Users\Hugh\Python_venvs\workstation1_venv\Lib\site-packages\starlette\middleware\base.py", line 144, in coro
    await self.app(scope, receive_or_disconnect, send_no_error)
  File "C:\Users\Hugh\Python_venvs\workstation1_venv\Lib\site-packages\starlette\middleware\base.py", line 182, in __call__
    with recv_stream, send_stream, collapse_excgroups():
                                   ~~~~~~~~~~~~~~~~~~^^
  File "C:\Users\Hugh\AppData\Local\Programs\Python\Python313\Lib\contextlib.py", line 162, in __exit__
    self.gen.throw(value)
    ~~~~~~~~~~~~~~^^^^^^^
  File "C:\Users\Hugh\Python_venvs\workstation1_venv\Lib\site-packages\starlette\_utils.py", line 83, in collapse_excgroups
    raise exc
  File "C:\Users\Hugh\Python_venvs\workstation1_venv\Lib\site-packages\starlette\middleware\base.py", line 184, in __call__
    response = await self.dispatch_func(request, call_next)
               ^^^^^^^^^^^^^^^^^^^^^^^^^^^^^^^^^^^^^^^^^^^^
  File "C:\Users\Hugh\Python_venvs\workstation1_venv\Lib\site-packages\nicegui\middlewares.py", line 13, in dispatch
    response = await call_next(request)
               ^^^^^^^^^^^^^^^^^^^^^^^^
  File "C:\Users\Hugh\Python_venvs\workstation1_venv\Lib\site-packages\starlette\middleware\base.py", line 159, in call_next
    raise app_exc
  File "C:\Users\Hugh\Python_venvs\workstation1_venv\Lib\site-packages\starlette\middleware\base.py", line 144, in coro
    await self.app(scope, receive_or_disconnect, send_no_error)
  File "C:\Users\Hugh\Python_venvs\workstation1_venv\Lib\site-packages\starlette\middleware\gzip.py", line 29, in __call__
    await responder(scope, receive, send)
  File "C:\Users\Hugh\Python_venvs\workstation1_venv\Lib\site-packages\starlette\middleware\gzip.py", line 130, in __call__
    await super().__call__(scope, receive, send)
  File "C:\Users\Hugh\Python_venvs\workstation1_venv\Lib\site-packages\starlette\middleware\gzip.py", line 46, in __call__
    await self.app(scope, receive, self.send_with_compression)
  File "C:\Users\Hugh\Python_venvs\workstation1_venv\Lib\site-packages\starlette\middleware\exceptions.py", line 63, in __call__
    await wrap_app_handling_exceptions(self.app, conn)(scope, receive, send)
  File "C:\Users\Hugh\Python_venvs\workstation1_venv\Lib\site-packages\starlette\_exception_handler.py", line 53, in wrapped_app
    raise exc
  File "C:\Users\Hugh\Python_venvs\workstation1_venv\Lib\site-packages\starlette\_exception_handler.py", line 42, in wrapped_app
    await app(scope, receive, sender)
  File "C:\Users\Hugh\Python_venvs\workstation1_venv\Lib\site-packages\starlette\routing.py", line 716, in __call__
    await self.middleware_stack(scope, receive, send)
  File "C:\Users\Hugh\Python_venvs\workstation1_venv\Lib\site-packages\starlette\routing.py", line 736, in app
    await route.handle(scope, receive, send)
  File "C:\Users\Hugh\Python_venvs\workstation1_venv\Lib\site-packages\starlette\routing.py", line 290, in handle
    await self.app(scope, receive, send)
  File "C:\Users\Hugh\Python_venvs\workstation1_venv\Lib\site-packages\starlette\routing.py", line 78, in app
    await wrap_app_handling_exceptions(app, request)(scope, receive, send)
  File "C:\Users\Hugh\Python_venvs\workstation1_venv\Lib\site-packages\starlette\_exception_handler.py", line 53, in wrapped_app
    raise exc
  File "C:\Users\Hugh\Python_venvs\workstation1_venv\Lib\site-packages\starlette\_exception_handler.py", line 42, in wrapped_app
    await app(scope, receive, sender)
  File "C:\Users\Hugh\Python_venvs\workstation1_venv\Lib\site-packages\starlette\routing.py", line 75, in app
    response = await f(request)
               ^^^^^^^^^^^^^^^^
  File "C:\Users\Hugh\Python_venvs\workstation1_venv\Lib\site-packages\fastapi\routing.py", line 302, in app
    raw_response = await run_endpoint_function(
                   ^^^^^^^^^^^^^^^^^^^^^^^^^^^^
    ...<3 lines>...
    )
    ^
  File "C:\Users\Hugh\Python_venvs\workstation1_venv\Lib\site-packages\fastapi\routing.py", line 213, in run_endpoint_function
    return await dependant.call(**values)
           ^^^^^^^^^^^^^^^^^^^^^^^^^^^^^^
  File "C:\Users\Hugh\Python_venvs\workstation1_venv\Lib\site-packages\nicegui\page.py", line 148, in decorated
    return create_error_page(e, request)
  File "C:\Users\Hugh\Python_venvs\workstation1_venv\Lib\site-packages\nicegui\page.py", line 115, in create_error_page
    raise e
  File "C:\Users\Hugh\Python_venvs\workstation1_venv\Lib\site-packages\nicegui\page.py", line 146, in decorated
    result = func(*dec_args, **dec_kwargs)
  File "F:\VulcanConnect2025-09\frontend\pages\batch_drawings_export.py", line 29, in batch_drawings_export_page
    ui.button('EXPORT DRAWINGS', on_click=start_export_task).classes('mt-4')
                                          ^^^^^^^^^^^^^^^^^
UnboundLocalError: cannot access local variable 'start_export_task' where it is not associated with a value
ERROR:nicegui:cannot access local variable 'start_export_task' where it is not associated with a value
  + Exception Group Traceback (most recent call last):
  |   File "C:\Users\Hugh\Python_venvs\workstation1_venv\Lib\site-packages\starlette\_utils.py", line 77, in collapse_excgroups
  |     yield
  |   File "C:\Users\Hugh\Python_venvs\workstation1_venv\Lib\site-packages\starlette\middleware\base.py", line 183, in __call__
  |     async with anyio.create_task_group() as task_group:
  |                ~~~~~~~~~~~~~~~~~~~~~~~^^
  |   File "C:\Users\Hugh\Python_venvs\workstation1_venv\Lib\site-packages\anyio\_backends\_asyncio.py", line 772, in __aexit__
  |     raise BaseExceptionGroup(
  |         "unhandled errors in a TaskGroup", self._exceptions
  |     ) from None
  | ExceptionGroup: unhandled errors in a TaskGroup (1 sub-exception)
  +-+---------------- 1 ----------------
    | Traceback (most recent call last):
    |   File "C:\Users\Hugh\Python_venvs\workstation1_venv\Lib\site-packages\starlette\middleware\errors.py", line 164, in __call__
    |     await self.app(scope, receive, _send)
    |   File "C:\Users\Hugh\Python_venvs\workstation1_venv\Lib\site-packages\starlette\middleware\base.py", line 182, in __call__
    |     with recv_stream, send_stream, collapse_excgroups():
    |                                    ~~~~~~~~~~~~~~~~~~^^
    |   File "C:\Users\Hugh\AppData\Local\Programs\Python\Python313\Lib\contextlib.py", line 162, in __exit__
    |     self.gen.throw(value)
    |     ~~~~~~~~~~~~~~^^^^^^^
    |   File "C:\Users\Hugh\Python_venvs\workstation1_venv\Lib\site-packages\starlette\_utils.py", line 83, in collapse_excgroups
    |     raise exc
    |   File "C:\Users\Hugh\Python_venvs\workstation1_venv\Lib\site-packages\starlette\middleware\base.py", line 184, in __call__
    |     response = await self.dispatch_func(request, call_next)
    |                ^^^^^^^^^^^^^^^^^^^^^^^^^^^^^^^^^^^^^^^^^^^^
    |   File "C:\Users\Hugh\Python_venvs\workstation1_venv\Lib\site-packages\nicegui\middlewares.py", line 23, in dispatch
    |     response = await call_next(request)
    |                ^^^^^^^^^^^^^^^^^^^^^^^^
    |   File "C:\Users\Hugh\Python_venvs\workstation1_venv\Lib\site-packages\starlette\middleware\base.py", line 159, in call_next
    |     raise app_exc
    |   File "C:\Users\Hugh\Python_venvs\workstation1_venv\Lib\site-packages\starlette\middleware\base.py", line 144, in coro
    |     await self.app(scope, receive_or_disconnect, send_no_error)
    |   File "C:\Users\Hugh\Python_venvs\workstation1_venv\Lib\site-packages\starlette\middleware\base.py", line 182, in __call__
    |     with recv_stream, send_stream, collapse_excgroups():
    |                                    ~~~~~~~~~~~~~~~~~~^^
    |   File "C:\Users\Hugh\AppData\Local\Programs\Python\Python313\Lib\contextlib.py", line 162, in __exit__
    |     self.gen.throw(value)
    |     ~~~~~~~~~~~~~~^^^^^^^
    |   File "C:\Users\Hugh\Python_venvs\workstation1_venv\Lib\site-packages\starlette\_utils.py", line 83, in collapse_excgroups
    |     raise exc
    |   File "C:\Users\Hugh\Python_venvs\workstation1_venv\Lib\site-packages\starlette\middleware\base.py", line 184, in __call__
    |     response = await self.dispatch_func(request, call_next)
    |                ^^^^^^^^^^^^^^^^^^^^^^^^^^^^^^^^^^^^^^^^^^^^
    |   File "C:\Users\Hugh\Python_venvs\workstation1_venv\Lib\site-packages\nicegui\middlewares.py", line 13, in dispatch
    |     response = await call_next(request)
    |                ^^^^^^^^^^^^^^^^^^^^^^^^
    |   File "C:\Users\Hugh\Python_venvs\workstation1_venv\Lib\site-packages\starlette\middleware\base.py", line 159, in call_next
    |     raise app_exc
    |   File "C:\Users\Hugh\Python_venvs\workstation1_venv\Lib\site-packages\starlette\middleware\base.py", line 144, in coro
    |     await self.app(scope, receive_or_disconnect, send_no_error)
    |   File "C:\Users\Hugh\Python_venvs\workstation1_venv\Lib\site-packages\starlette\middleware\gzip.py", line 29, in __call__
    |     await responder(scope, receive, send)
    |   File "C:\Users\Hugh\Python_venvs\workstation1_venv\Lib\site-packages\starlette\middleware\gzip.py", line 130, in __call__
    |     await super().__call__(scope, receive, send)
    |   File "C:\Users\Hugh\Python_venvs\workstation1_venv\Lib\site-packages\starlette\middleware\gzip.py", line 46, in __call__
    |     await self.app(scope, receive, self.send_with_compression)
    |   File "C:\Users\Hugh\Python_venvs\workstation1_venv\Lib\site-packages\starlette\middleware\exceptions.py", line 63, in __call__
    |     await wrap_app_handling_exceptions(self.app, conn)(scope, receive, send)
    |   File "C:\Users\Hugh\Python_venvs\workstation1_venv\Lib\site-packages\starlette\_exception_handler.py", line 53, in wrapped_app
    |     raise exc
    |   File "C:\Users\Hugh\Python_venvs\workstation1_venv\Lib\site-packages\starlette\_exception_handler.py", line 42, in wrapped_app
    |     await app(scope, receive, sender)
    |   File "C:\Users\Hugh\Python_venvs\workstation1_venv\Lib\site-packages\starlette\routing.py", line 716, in __call__
    |     await self.middleware_stack(scope, receive, send)
    |   File "C:\Users\Hugh\Python_venvs\workstation1_venv\Lib\site-packages\starlette\routing.py", line 736, in app
    |     await route.handle(scope, receive, send)
    |   File "C:\Users\Hugh\Python_venvs\workstation1_venv\Lib\site-packages\starlette\routing.py", line 290, in handle
    |     await self.app(scope, receive, send)
    |   File "C:\Users\Hugh\Python_venvs\workstation1_venv\Lib\site-packages\starlette\routing.py", line 78, in app
    |     await wrap_app_handling_exceptions(app, request)(scope, receive, send)
    |   File "C:\Users\Hugh\Python_venvs\workstation1_venv\Lib\site-packages\starlette\_exception_handler.py", line 53, in wrapped_app
    |     raise exc
    |   File "C:\Users\Hugh\Python_venvs\workstation1_venv\Lib\site-packages\starlette\_exception_handler.py", line 42, in wrapped_app
    |     await app(scope, receive, sender)
    |   File "C:\Users\Hugh\Python_venvs\workstation1_venv\Lib\site-packages\starlette\routing.py", line 75, in app
    |     response = await f(request)
    |                ^^^^^^^^^^^^^^^^
    |   File "C:\Users\Hugh\Python_venvs\workstation1_venv\Lib\site-packages\fastapi\routing.py", line 302, in app
    |     raw_response = await run_endpoint_function(
    |                    ^^^^^^^^^^^^^^^^^^^^^^^^^^^^
    |     ...<3 lines>...
    |     )
    |     ^
    |   File "C:\Users\Hugh\Python_venvs\workstation1_venv\Lib\site-packages\fastapi\routing.py", line 213, in run_endpoint_function
    |     return await dependant.call(**values)
    |            ^^^^^^^^^^^^^^^^^^^^^^^^^^^^^^
    |   File "C:\Users\Hugh\Python_venvs\workstation1_venv\Lib\site-packages\nicegui\page.py", line 148, in decorated
    |     return create_error_page(e, request)
    |   File "C:\Users\Hugh\Python_venvs\workstation1_venv\Lib\site-packages\nicegui\page.py", line 115, in create_error_page
    |     raise e
    |   File "C:\Users\Hugh\Python_venvs\workstation1_venv\Lib\site-packages\nicegui\page.py", line 146, in decorated
    |     result = func(*dec_args, **dec_kwargs)
    |   File "F:\VulcanConnect2025-09\frontend\pages\batch_drawings_export.py", line 29, in batch_drawings_export_page
    |     ui.button('EXPORT DRAWINGS', on_click=start_export_task).classes('mt-4')
    |                                           ^^^^^^^^^^^^^^^^^
    | UnboundLocalError: cannot access local variable 'start_export_task' where it is not associated with a value
    +------------------------------------

During handling of the above exception, another exception occurred:

Traceback (most recent call last):
  File "C:\Users\Hugh\Python_venvs\workstation1_venv\Lib\site-packages\starlette\middleware\errors.py", line 164, in __call__
    await self.app(scope, receive, _send)
  File "C:\Users\Hugh\Python_venvs\workstation1_venv\Lib\site-packages\starlette\middleware\base.py", line 182, in __call__
    with recv_stream, send_stream, collapse_excgroups():
                                   ~~~~~~~~~~~~~~~~~~^^
  File "C:\Users\Hugh\AppData\Local\Programs\Python\Python313\Lib\contextlib.py", line 162, in __exit__
    self.gen.throw(value)
    ~~~~~~~~~~~~~~^^^^^^^
  File "C:\Users\Hugh\Python_venvs\workstation1_venv\Lib\site-packages\starlette\_utils.py", line 83, in collapse_excgroups
    raise exc
  File "C:\Users\Hugh\Python_venvs\workstation1_venv\Lib\site-packages\starlette\middleware\base.py", line 184, in __call__
    response = await self.dispatch_func(request, call_next)
               ^^^^^^^^^^^^^^^^^^^^^^^^^^^^^^^^^^^^^^^^^^^^
  File "C:\Users\Hugh\Python_venvs\workstation1_venv\Lib\site-packages\nicegui\middlewares.py", line 23, in dispatch
    response = await call_next(request)
               ^^^^^^^^^^^^^^^^^^^^^^^^
  File "C:\Users\Hugh\Python_venvs\workstation1_venv\Lib\site-packages\starlette\middleware\base.py", line 159, in call_next
    raise app_exc
  File "C:\Users\Hugh\Python_venvs\workstation1_venv\Lib\site-packages\starlette\middleware\base.py", line 144, in coro
    await self.app(scope, receive_or_disconnect, send_no_error)
  File "C:\Users\Hugh\Python_venvs\workstation1_venv\Lib\site-packages\starlette\middleware\base.py", line 182, in __call__
    with recv_stream, send_stream, collapse_excgroups():
                                   ~~~~~~~~~~~~~~~~~~^^
  File "C:\Users\Hugh\AppData\Local\Programs\Python\Python313\Lib\contextlib.py", line 162, in __exit__
    self.gen.throw(value)
    ~~~~~~~~~~~~~~^^^^^^^
  File "C:\Users\Hugh\Python_venvs\workstation1_venv\Lib\site-packages\starlette\_utils.py", line 83, in collapse_excgroups
    raise exc
  File "C:\Users\Hugh\Python_venvs\workstation1_venv\Lib\site-packages\starlette\middleware\base.py", line 184, in __call__
    response = await self.dispatch_func(request, call_next)
               ^^^^^^^^^^^^^^^^^^^^^^^^^^^^^^^^^^^^^^^^^^^^
  File "C:\Users\Hugh\Python_venvs\workstation1_venv\Lib\site-packages\nicegui\middlewares.py", line 13, in dispatch
    response = await call_next(request)
               ^^^^^^^^^^^^^^^^^^^^^^^^
  File "C:\Users\Hugh\Python_venvs\workstation1_venv\Lib\site-packages\starlette\middleware\base.py", line 159, in call_next
    raise app_exc
  File "C:\Users\Hugh\Python_venvs\workstation1_venv\Lib\site-packages\starlette\middleware\base.py", line 144, in coro
    await self.app(scope, receive_or_disconnect, send_no_error)
  File "C:\Users\Hugh\Python_venvs\workstation1_venv\Lib\site-packages\starlette\middleware\gzip.py", line 29, in __call__
    await responder(scope, receive, send)
  File "C:\Users\Hugh\Python_venvs\workstation1_venv\Lib\site-packages\starlette\middleware\gzip.py", line 130, in __call__
    await super().__call__(scope, receive, send)
  File "C:\Users\Hugh\Python_venvs\workstation1_venv\Lib\site-packages\starlette\middleware\gzip.py", line 46, in __call__
    await self.app(scope, receive, self.send_with_compression)
  File "C:\Users\Hugh\Python_venvs\workstation1_venv\Lib\site-packages\starlette\middleware\exceptions.py", line 63, in __call__
    await wrap_app_handling_exceptions(self.app, conn)(scope, receive, send)
  File "C:\Users\Hugh\Python_venvs\workstation1_venv\Lib\site-packages\starlette\_exception_handler.py", line 53, in wrapped_app
    raise exc
  File "C:\Users\Hugh\Python_venvs\workstation1_venv\Lib\site-packages\starlette\_exception_handler.py", line 42, in wrapped_app
    await app(scope, receive, sender)
  File "C:\Users\Hugh\Python_venvs\workstation1_venv\Lib\site-packages\starlette\routing.py", line 716, in __call__
    await self.middleware_stack(scope, receive, send)
  File "C:\Users\Hugh\Python_venvs\workstation1_venv\Lib\site-packages\starlette\routing.py", line 736, in app
    await route.handle(scope, receive, send)
  File "C:\Users\Hugh\Python_venvs\workstation1_venv\Lib\site-packages\starlette\routing.py", line 290, in handle
    await self.app(scope, receive, send)
  File "C:\Users\Hugh\Python_venvs\workstation1_venv\Lib\site-packages\starlette\routing.py", line 78, in app
    await wrap_app_handling_exceptions(app, request)(scope, receive, send)
  File "C:\Users\Hugh\Python_venvs\workstation1_venv\Lib\site-packages\starlette\_exception_handler.py", line 53, in wrapped_app
    raise exc
  File "C:\Users\Hugh\Python_venvs\workstation1_venv\Lib\site-packages\starlette\_exception_handler.py", line 42, in wrapped_app
    await app(scope, receive, sender)
  File "C:\Users\Hugh\Python_venvs\workstation1_venv\Lib\site-packages\starlette\routing.py", line 75, in app
    response = await f(request)
               ^^^^^^^^^^^^^^^^
  File "C:\Users\Hugh\Python_venvs\workstation1_venv\Lib\site-packages\fastapi\routing.py", line 302, in app
    raw_response = await run_endpoint_function(
                   ^^^^^^^^^^^^^^^^^^^^^^^^^^^^
    ...<3 lines>...
    )
    ^
  File "C:\Users\Hugh\Python_venvs\workstation1_venv\Lib\site-packages\fastapi\routing.py", line 213, in run_endpoint_function
    return await dependant.call(**values)
           ^^^^^^^^^^^^^^^^^^^^^^^^^^^^^^
  File "C:\Users\Hugh\Python_venvs\workstation1_venv\Lib\site-packages\nicegui\page.py", line 148, in decorated
    return create_error_page(e, request)
  File "C:\Users\Hugh\Python_venvs\workstation1_venv\Lib\site-packages\nicegui\page.py", line 115, in create_error_page
    raise e
  File "C:\Users\Hugh\Python_venvs\workstation1_venv\Lib\site-packages\nicegui\page.py", line 146, in decorated
    result = func(*dec_args, **dec_kwargs)
  File "F:\VulcanConnect2025-09\frontend\pages\batch_drawings_export.py", line 29, in batch_drawings_export_page
    ui.button('EXPORT DRAWINGS', on_click=start_export_task).classes('mt-4')
                                          ^^^^^^^^^^^^^^^^^
UnboundLocalError: cannot access local variable 'start_export_task' where it is not associated with a value
ERROR:nicegui:cannot access local variable 'start_export_task' where it is not associated with a value
  + Exception Group Traceback (most recent call last):
  |   File "C:\Users\Hugh\Python_venvs\workstation1_venv\Lib\site-packages\starlette\_utils.py", line 77, in collapse_excgroups
  |     yield
  |   File "C:\Users\Hugh\Python_venvs\workstation1_venv\Lib\site-packages\starlette\middleware\base.py", line 183, in __call__
  |     async with anyio.create_task_group() as task_group:
  |                ~~~~~~~~~~~~~~~~~~~~~~~^^
  |   File "C:\Users\Hugh\Python_venvs\workstation1_venv\Lib\site-packages\anyio\_backends\_asyncio.py", line 772, in __aexit__
  |     raise BaseExceptionGroup(
  |         "unhandled errors in a TaskGroup", self._exceptions
  |     ) from None
  | ExceptionGroup: unhandled errors in a TaskGroup (1 sub-exception)
  +-+---------------- 1 ----------------
    | Traceback (most recent call last):
    |   File "C:\Users\Hugh\Python_venvs\workstation1_venv\Lib\site-packages\starlette\middleware\errors.py", line 164, in __call__
    |     await self.app(scope, receive, _send)
    |   File "C:\Users\Hugh\Python_venvs\workstation1_venv\Lib\site-packages\starlette\middleware\base.py", line 182, in __call__
    |     with recv_stream, send_stream, collapse_excgroups():
    |                                    ~~~~~~~~~~~~~~~~~~^^
    |   File "C:\Users\Hugh\AppData\Local\Programs\Python\Python313\Lib\contextlib.py", line 162, in __exit__
    |     self.gen.throw(value)
    |     ~~~~~~~~~~~~~~^^^^^^^
    |   File "C:\Users\Hugh\Python_venvs\workstation1_venv\Lib\site-packages\starlette\_utils.py", line 83, in collapse_excgroups
    |     raise exc
    |   File "C:\Users\Hugh\Python_venvs\workstation1_venv\Lib\site-packages\starlette\middleware\base.py", line 184, in __call__
    |     response = await self.dispatch_func(request, call_next)
    |                ^^^^^^^^^^^^^^^^^^^^^^^^^^^^^^^^^^^^^^^^^^^^
    |   File "C:\Users\Hugh\Python_venvs\workstation1_venv\Lib\site-packages\nicegui\middlewares.py", line 23, in dispatch
    |     response = await call_next(request)
    |                ^^^^^^^^^^^^^^^^^^^^^^^^
    |   File "C:\Users\Hugh\Python_venvs\workstation1_venv\Lib\site-packages\starlette\middleware\base.py", line 159, in call_next
    |     raise app_exc
    |   File "C:\Users\Hugh\Python_venvs\workstation1_venv\Lib\site-packages\starlette\middleware\base.py", line 144, in coro
    |     await self.app(scope, receive_or_disconnect, send_no_error)
    |   File "C:\Users\Hugh\Python_venvs\workstation1_venv\Lib\site-packages\starlette\middleware\base.py", line 182, in __call__
    |     with recv_stream, send_stream, collapse_excgroups():
    |                                    ~~~~~~~~~~~~~~~~~~^^
    |   File "C:\Users\Hugh\AppData\Local\Programs\Python\Python313\Lib\contextlib.py", line 162, in __exit__
    |     self.gen.throw(value)
    |     ~~~~~~~~~~~~~~^^^^^^^
    |   File "C:\Users\Hugh\Python_venvs\workstation1_venv\Lib\site-packages\starlette\_utils.py", line 83, in collapse_excgroups
    |     raise exc
    |   File "C:\Users\Hugh\Python_venvs\workstation1_venv\Lib\site-packages\starlette\middleware\base.py", line 184, in __call__
    |     response = await self.dispatch_func(request, call_next)
    |                ^^^^^^^^^^^^^^^^^^^^^^^^^^^^^^^^^^^^^^^^^^^^
    |   File "C:\Users\Hugh\Python_venvs\workstation1_venv\Lib\site-packages\nicegui\middlewares.py", line 13, in dispatch
    |     response = await call_next(request)
    |                ^^^^^^^^^^^^^^^^^^^^^^^^
    |   File "C:\Users\Hugh\Python_venvs\workstation1_venv\Lib\site-packages\starlette\middleware\base.py", line 159, in call_next
    |     raise app_exc
    |   File "C:\Users\Hugh\Python_venvs\workstation1_venv\Lib\site-packages\starlette\middleware\base.py", line 144, in coro
    |     await self.app(scope, receive_or_disconnect, send_no_error)
    |   File "C:\Users\Hugh\Python_venvs\workstation1_venv\Lib\site-packages\starlette\middleware\gzip.py", line 29, in __call__
    |     await responder(scope, receive, send)
    |   File "C:\Users\Hugh\Python_venvs\workstation1_venv\Lib\site-packages\starlette\middleware\gzip.py", line 130, in __call__
    |     await super().__call__(scope, receive, send)
    |   File "C:\Users\Hugh\Python_venvs\workstation1_venv\Lib\site-packages\starlette\middleware\gzip.py", line 46, in __call__
    |     await self.app(scope, receive, self.send_with_compression)
    |   File "C:\Users\Hugh\Python_venvs\workstation1_venv\Lib\site-packages\starlette\middleware\exceptions.py", line 63, in __call__
    |     await wrap_app_handling_exceptions(self.app, conn)(scope, receive, send)
    |   File "C:\Users\Hugh\Python_venvs\workstation1_venv\Lib\site-packages\starlette\_exception_handler.py", line 53, in wrapped_app
    |     raise exc
    |   File "C:\Users\Hugh\Python_venvs\workstation1_venv\Lib\site-packages\starlette\_exception_handler.py", line 42, in wrapped_app
    |     await app(scope, receive, sender)
    |   File "C:\Users\Hugh\Python_venvs\workstation1_venv\Lib\site-packages\starlette\routing.py", line 716, in __call__
    |     await self.middleware_stack(scope, receive, send)
    |   File "C:\Users\Hugh\Python_venvs\workstation1_venv\Lib\site-packages\starlette\routing.py", line 736, in app
    |     await route.handle(scope, receive, send)
    |   File "C:\Users\Hugh\Python_venvs\workstation1_venv\Lib\site-packages\starlette\routing.py", line 290, in handle
    |     await self.app(scope, receive, send)
    |   File "C:\Users\Hugh\Python_venvs\workstation1_venv\Lib\site-packages\starlette\routing.py", line 78, in app
    |     await wrap_app_handling_exceptions(app, request)(scope, receive, send)
    |   File "C:\Users\Hugh\Python_venvs\workstation1_venv\Lib\site-packages\starlette\_exception_handler.py", line 53, in wrapped_app
    |     raise exc
    |   File "C:\Users\Hugh\Python_venvs\workstation1_venv\Lib\site-packages\starlette\_exception_handler.py", line 42, in wrapped_app
    |     await app(scope, receive, sender)
    |   File "C:\Users\Hugh\Python_venvs\workstation1_venv\Lib\site-packages\starlette\routing.py", line 75, in app
    |     response = await f(request)
    |                ^^^^^^^^^^^^^^^^
    |   File "C:\Users\Hugh\Python_venvs\workstation1_venv\Lib\site-packages\fastapi\routing.py", line 302, in app
    |     raw_response = await run_endpoint_function(
    |                    ^^^^^^^^^^^^^^^^^^^^^^^^^^^^
    |     ...<3 lines>...
    |     )
    |     ^
    |   File "C:\Users\Hugh\Python_venvs\workstation1_venv\Lib\site-packages\fastapi\routing.py", line 213, in run_endpoint_function
    |     return await dependant.call(**values)
    |            ^^^^^^^^^^^^^^^^^^^^^^^^^^^^^^
    |   File "C:\Users\Hugh\Python_venvs\workstation1_venv\Lib\site-packages\nicegui\page.py", line 148, in decorated
    |     return create_error_page(e, request)
    |   File "C:\Users\Hugh\Python_venvs\workstation1_venv\Lib\site-packages\nicegui\page.py", line 115, in create_error_page
    |     raise e
    |   File "C:\Users\Hugh\Python_venvs\workstation1_venv\Lib\site-packages\nicegui\page.py", line 146, in decorated
    |     result = func(*dec_args, **dec_kwargs)
    |   File "F:\VulcanConnect2025-09\frontend\pages\batch_drawings_export.py", line 29, in batch_drawings_export_page
    |     ui.button('EXPORT DRAWINGS', on_click=start_export_task).classes('mt-4')
    |                                           ^^^^^^^^^^^^^^^^^
    | UnboundLocalError: cannot access local variable 'start_export_task' where it is not associated with a value
    +------------------------------------

During handling of the above exception, another exception occurred:

Traceback (most recent call last):
  File "C:\Users\Hugh\Python_venvs\workstation1_venv\Lib\site-packages\starlette\middleware\errors.py", line 164, in __call__
    await self.app(scope, receive, _send)
  File "C:\Users\Hugh\Python_venvs\workstation1_venv\Lib\site-packages\starlette\middleware\base.py", line 182, in __call__
    with recv_stream, send_stream, collapse_excgroups():
                                   ~~~~~~~~~~~~~~~~~~^^
  File "C:\Users\Hugh\AppData\Local\Programs\Python\Python313\Lib\contextlib.py", line 162, in __exit__
    self.gen.throw(value)
    ~~~~~~~~~~~~~~^^^^^^^
  File "C:\Users\Hugh\Python_venvs\workstation1_venv\Lib\site-packages\starlette\_utils.py", line 83, in collapse_excgroups
    raise exc
  File "C:\Users\Hugh\Python_venvs\workstation1_venv\Lib\site-packages\starlette\middleware\base.py", line 184, in __call__
    response = await self.dispatch_func(request, call_next)
               ^^^^^^^^^^^^^^^^^^^^^^^^^^^^^^^^^^^^^^^^^^^^
  File "C:\Users\Hugh\Python_venvs\workstation1_venv\Lib\site-packages\nicegui\middlewares.py", line 23, in dispatch
    response = await call_next(request)
               ^^^^^^^^^^^^^^^^^^^^^^^^
  File "C:\Users\Hugh\Python_venvs\workstation1_venv\Lib\site-packages\starlette\middleware\base.py", line 159, in call_next
    raise app_exc
  File "C:\Users\Hugh\Python_venvs\workstation1_venv\Lib\site-packages\starlette\middleware\base.py", line 144, in coro
    await self.app(scope, receive_or_disconnect, send_no_error)
  File "C:\Users\Hugh\Python_venvs\workstation1_venv\Lib\site-packages\starlette\middleware\base.py", line 182, in __call__
    with recv_stream, send_stream, collapse_excgroups():
                                   ~~~~~~~~~~~~~~~~~~^^
  File "C:\Users\Hugh\AppData\Local\Programs\Python\Python313\Lib\contextlib.py", line 162, in __exit__
    self.gen.throw(value)
    ~~~~~~~~~~~~~~^^^^^^^
  File "C:\Users\Hugh\Python_venvs\workstation1_venv\Lib\site-packages\starlette\_utils.py", line 83, in collapse_excgroups
    raise exc
  File "C:\Users\Hugh\Python_venvs\workstation1_venv\Lib\site-packages\starlette\middleware\base.py", line 184, in __call__
    response = await self.dispatch_func(request, call_next)
               ^^^^^^^^^^^^^^^^^^^^^^^^^^^^^^^^^^^^^^^^^^^^
  File "C:\Users\Hugh\Python_venvs\workstation1_venv\Lib\site-packages\nicegui\middlewares.py", line 13, in dispatch
    response = await call_next(request)
               ^^^^^^^^^^^^^^^^^^^^^^^^
  File "C:\Users\Hugh\Python_venvs\workstation1_venv\Lib\site-packages\starlette\middleware\base.py", line 159, in call_next
    raise app_exc
  File "C:\Users\Hugh\Python_venvs\workstation1_venv\Lib\site-packages\starlette\middleware\base.py", line 144, in coro
    await self.app(scope, receive_or_disconnect, send_no_error)
  File "C:\Users\Hugh\Python_venvs\workstation1_venv\Lib\site-packages\starlette\middleware\gzip.py", line 29, in __call__
    await responder(scope, receive, send)
  File "C:\Users\Hugh\Python_venvs\workstation1_venv\Lib\site-packages\starlette\middleware\gzip.py", line 130, in __call__
    await super().__call__(scope, receive, send)
  File "C:\Users\Hugh\Python_venvs\workstation1_venv\Lib\site-packages\starlette\middleware\gzip.py", line 46, in __call__
    await self.app(scope, receive, self.send_with_compression)
  File "C:\Users\Hugh\Python_venvs\workstation1_venv\Lib\site-packages\starlette\middleware\exceptions.py", line 63, in __call__
    await wrap_app_handling_exceptions(self.app, conn)(scope, receive, send)
  File "C:\Users\Hugh\Python_venvs\workstation1_venv\Lib\site-packages\starlette\_exception_handler.py", line 53, in wrapped_app
    raise exc
  File "C:\Users\Hugh\Python_venvs\workstation1_venv\Lib\site-packages\starlette\_exception_handler.py", line 42, in wrapped_app
    await app(scope, receive, sender)
  File "C:\Users\Hugh\Python_venvs\workstation1_venv\Lib\site-packages\starlette\routing.py", line 716, in __call__
    await self.middleware_stack(scope, receive, send)
  File "C:\Users\Hugh\Python_venvs\workstation1_venv\Lib\site-packages\starlette\routing.py", line 736, in app
    await route.handle(scope, receive, send)
  File "C:\Users\Hugh\Python_venvs\workstation1_venv\Lib\site-packages\starlette\routing.py", line 290, in handle
    await self.app(scope, receive, send)
  File "C:\Users\Hugh\Python_venvs\workstation1_venv\Lib\site-packages\starlette\routing.py", line 78, in app
    await wrap_app_handling_exceptions(app, request)(scope, receive, send)
  File "C:\Users\Hugh\Python_venvs\workstation1_venv\Lib\site-packages\starlette\_exception_handler.py", line 53, in wrapped_app
    raise exc
  File "C:\Users\Hugh\Python_venvs\workstation1_venv\Lib\site-packages\starlette\_exception_handler.py", line 42, in wrapped_app
    await app(scope, receive, sender)
  File "C:\Users\Hugh\Python_venvs\workstation1_venv\Lib\site-packages\starlette\routing.py", line 75, in app
    response = await f(request)
               ^^^^^^^^^^^^^^^^
  File "C:\Users\Hugh\Python_venvs\workstation1_venv\Lib\site-packages\fastapi\routing.py", line 302, in app
    raw_response = await run_endpoint_function(
                   ^^^^^^^^^^^^^^^^^^^^^^^^^^^^
    ...<3 lines>...
    )
    ^
  File "C:\Users\Hugh\Python_venvs\workstation1_venv\Lib\site-packages\fastapi\routing.py", line 213, in run_endpoint_function
    return await dependant.call(**values)
           ^^^^^^^^^^^^^^^^^^^^^^^^^^^^^^
  File "C:\Users\Hugh\Python_venvs\workstation1_venv\Lib\site-packages\nicegui\page.py", line 148, in decorated
    return create_error_page(e, request)
  File "C:\Users\Hugh\Python_venvs\workstation1_venv\Lib\site-packages\nicegui\page.py", line 115, in create_error_page
    raise e
  File "C:\Users\Hugh\Python_venvs\workstation1_venv\Lib\site-packages\nicegui\page.py", line 146, in decorated
    result = func(*dec_args, **dec_kwargs)
  File "F:\VulcanConnect2025-09\frontend\pages\batch_drawings_export.py", line 29, in batch_drawings_export_page
    ui.button('EXPORT DRAWINGS', on_click=start_export_task).classes('mt-4')
                                          ^^^^^^^^^^^^^^^^^
UnboundLocalError: cannot access local variable 'start_export_task' where it is not associated with a value
ERROR:nicegui:cannot access local variable 'start_export_task' where it is not associated with a value
  + Exception Group Traceback (most recent call last):
  |   File "C:\Users\Hugh\Python_venvs\workstation1_venv\Lib\site-packages\starlette\_utils.py", line 77, in collapse_excgroups
  |     yield
  |   File "C:\Users\Hugh\Python_venvs\workstation1_venv\Lib\site-packages\starlette\middleware\base.py", line 183, in __call__
  |     async with anyio.create_task_group() as task_group:
  |                ~~~~~~~~~~~~~~~~~~~~~~~^^
  |   File "C:\Users\Hugh\Python_venvs\workstation1_venv\Lib\site-packages\anyio\_backends\_asyncio.py", line 772, in __aexit__
  |     raise BaseExceptionGroup(
  |         "unhandled errors in a TaskGroup", self._exceptions
  |     ) from None
  | ExceptionGroup: unhandled errors in a TaskGroup (1 sub-exception)
  +-+---------------- 1 ----------------
    | Traceback (most recent call last):
    |   File "C:\Users\Hugh\Python_venvs\workstation1_venv\Lib\site-packages\starlette\middleware\errors.py", line 164, in __call__
    |     await self.app(scope, receive, _send)
    |   File "C:\Users\Hugh\Python_venvs\workstation1_venv\Lib\site-packages\starlette\middleware\base.py", line 182, in __call__
    |     with recv_stream, send_stream, collapse_excgroups():
    |                                    ~~~~~~~~~~~~~~~~~~^^
    |   File "C:\Users\Hugh\AppData\Local\Programs\Python\Python313\Lib\contextlib.py", line 162, in __exit__
    |     self.gen.throw(value)
    |     ~~~~~~~~~~~~~~^^^^^^^
    |   File "C:\Users\Hugh\Python_venvs\workstation1_venv\Lib\site-packages\starlette\_utils.py", line 83, in collapse_excgroups
    |     raise exc
    |   File "C:\Users\Hugh\Python_venvs\workstation1_venv\Lib\site-packages\starlette\middleware\base.py", line 184, in __call__
    |     response = await self.dispatch_func(request, call_next)
    |                ^^^^^^^^^^^^^^^^^^^^^^^^^^^^^^^^^^^^^^^^^^^^
    |   File "C:\Users\Hugh\Python_venvs\workstation1_venv\Lib\site-packages\nicegui\middlewares.py", line 23, in dispatch
    |     response = await call_next(request)
    |                ^^^^^^^^^^^^^^^^^^^^^^^^
    |   File "C:\Users\Hugh\Python_venvs\workstation1_venv\Lib\site-packages\starlette\middleware\base.py", line 159, in call_next
    |     raise app_exc
    |   File "C:\Users\Hugh\Python_venvs\workstation1_venv\Lib\site-packages\starlette\middleware\base.py", line 144, in coro
    |     await self.app(scope, receive_or_disconnect, send_no_error)
    |   File "C:\Users\Hugh\Python_venvs\workstation1_venv\Lib\site-packages\starlette\middleware\base.py", line 182, in __call__
    |     with recv_stream, send_stream, collapse_excgroups():
    |                                    ~~~~~~~~~~~~~~~~~~^^
    |   File "C:\Users\Hugh\AppData\Local\Programs\Python\Python313\Lib\contextlib.py", line 162, in __exit__
    |     self.gen.throw(value)
    |     ~~~~~~~~~~~~~~^^^^^^^
    |   File "C:\Users\Hugh\Python_venvs\workstation1_venv\Lib\site-packages\starlette\_utils.py", line 83, in collapse_excgroups
    |     raise exc
    |   File "C:\Users\Hugh\Python_venvs\workstation1_venv\Lib\site-packages\starlette\middleware\base.py", line 184, in __call__
    |     response = await self.dispatch_func(request, call_next)
    |                ^^^^^^^^^^^^^^^^^^^^^^^^^^^^^^^^^^^^^^^^^^^^
    |   File "C:\Users\Hugh\Python_venvs\workstation1_venv\Lib\site-packages\nicegui\middlewares.py", line 13, in dispatch
    |     response = await call_next(request)
    |                ^^^^^^^^^^^^^^^^^^^^^^^^
    |   File "C:\Users\Hugh\Python_venvs\workstation1_venv\Lib\site-packages\starlette\middleware\base.py", line 159, in call_next
    |     raise app_exc
    |   File "C:\Users\Hugh\Python_venvs\workstation1_venv\Lib\site-packages\starlette\middleware\base.py", line 144, in coro
    |     await self.app(scope, receive_or_disconnect, send_no_error)
    |   File "C:\Users\Hugh\Python_venvs\workstation1_venv\Lib\site-packages\starlette\middleware\gzip.py", line 29, in __call__
    |     await responder(scope, receive, send)
    |   File "C:\Users\Hugh\Python_venvs\workstation1_venv\Lib\site-packages\starlette\middleware\gzip.py", line 130, in __call__
    |     await super().__call__(scope, receive, send)
    |   File "C:\Users\Hugh\Python_venvs\workstation1_venv\Lib\site-packages\starlette\middleware\gzip.py", line 46, in __call__
    |     await self.app(scope, receive, self.send_with_compression)
    |   File "C:\Users\Hugh\Python_venvs\workstation1_venv\Lib\site-packages\starlette\middleware\exceptions.py", line 63, in __call__
    |     await wrap_app_handling_exceptions(self.app, conn)(scope, receive, send)
    |   File "C:\Users\Hugh\Python_venvs\workstation1_venv\Lib\site-packages\starlette\_exception_handler.py", line 53, in wrapped_app
    |     raise exc
    |   File "C:\Users\Hugh\Python_venvs\workstation1_venv\Lib\site-packages\starlette\_exception_handler.py", line 42, in wrapped_app
    |     await app(scope, receive, sender)
    |   File "C:\Users\Hugh\Python_venvs\workstation1_venv\Lib\site-packages\starlette\routing.py", line 716, in __call__
    |     await self.middleware_stack(scope, receive, send)
    |   File "C:\Users\Hugh\Python_venvs\workstation1_venv\Lib\site-packages\starlette\routing.py", line 736, in app
    |     await route.handle(scope, receive, send)
    |   File "C:\Users\Hugh\Python_venvs\workstation1_venv\Lib\site-packages\starlette\routing.py", line 290, in handle
    |     await self.app(scope, receive, send)
    |   File "C:\Users\Hugh\Python_venvs\workstation1_venv\Lib\site-packages\starlette\routing.py", line 78, in app
    |     await wrap_app_handling_exceptions(app, request)(scope, receive, send)
    |   File "C:\Users\Hugh\Python_venvs\workstation1_venv\Lib\site-packages\starlette\_exception_handler.py", line 53, in wrapped_app
    |     raise exc
    |   File "C:\Users\Hugh\Python_venvs\workstation1_venv\Lib\site-packages\starlette\_exception_handler.py", line 42, in wrapped_app
    |     await app(scope, receive, sender)
    |   File "C:\Users\Hugh\Python_venvs\workstation1_venv\Lib\site-packages\starlette\routing.py", line 75, in app
    |     response = await f(request)
    |                ^^^^^^^^^^^^^^^^
    |   File "C:\Users\Hugh\Python_venvs\workstation1_venv\Lib\site-packages\fastapi\routing.py", line 302, in app
    |     raw_response = await run_endpoint_function(
    |                    ^^^^^^^^^^^^^^^^^^^^^^^^^^^^
    |     ...<3 lines>...
    |     )
    |     ^
    |   File "C:\Users\Hugh\Python_venvs\workstation1_venv\Lib\site-packages\fastapi\routing.py", line 213, in run_endpoint_function
    |     return await dependant.call(**values)
    |            ^^^^^^^^^^^^^^^^^^^^^^^^^^^^^^
    |   File "C:\Users\Hugh\Python_venvs\workstation1_venv\Lib\site-packages\nicegui\page.py", line 148, in decorated
    |     return create_error_page(e, request)
    |   File "C:\Users\Hugh\Python_venvs\workstation1_venv\Lib\site-packages\nicegui\page.py", line 115, in create_error_page
    |     raise e
    |   File "C:\Users\Hugh\Python_venvs\workstation1_venv\Lib\site-packages\nicegui\page.py", line 146, in decorated
    |     result = func(*dec_args, **dec_kwargs)
    |   File "F:\VulcanConnect2025-09\frontend\pages\batch_drawings_export.py", line 29, in batch_drawings_export_page
    |     ui.button('EXPORT DRAWINGS', on_click=start_export_task).classes('mt-4')
    |                                           ^^^^^^^^^^^^^^^^^
    | UnboundLocalError: cannot access local variable 'start_export_task' where it is not associated with a value
    +------------------------------------

During handling of the above exception, another exception occurred:

Traceback (most recent call last):
  File "C:\Users\Hugh\Python_venvs\workstation1_venv\Lib\site-packages\starlette\middleware\errors.py", line 164, in __call__
    await self.app(scope, receive, _send)
  File "C:\Users\Hugh\Python_venvs\workstation1_venv\Lib\site-packages\starlette\middleware\base.py", line 182, in __call__
    with recv_stream, send_stream, collapse_excgroups():
                                   ~~~~~~~~~~~~~~~~~~^^
  File "C:\Users\Hugh\AppData\Local\Programs\Python\Python313\Lib\contextlib.py", line 162, in __exit__
    self.gen.throw(value)
    ~~~~~~~~~~~~~~^^^^^^^
  File "C:\Users\Hugh\Python_venvs\workstation1_venv\Lib\site-packages\starlette\_utils.py", line 83, in collapse_excgroups
    raise exc
  File "C:\Users\Hugh\Python_venvs\workstation1_venv\Lib\site-packages\starlette\middleware\base.py", line 184, in __call__
    response = await self.dispatch_func(request, call_next)
               ^^^^^^^^^^^^^^^^^^^^^^^^^^^^^^^^^^^^^^^^^^^^
  File "C:\Users\Hugh\Python_venvs\workstation1_venv\Lib\site-packages\nicegui\middlewares.py", line 23, in dispatch
    response = await call_next(request)
               ^^^^^^^^^^^^^^^^^^^^^^^^
  File "C:\Users\Hugh\Python_venvs\workstation1_venv\Lib\site-packages\starlette\middleware\base.py", line 159, in call_next
    raise app_exc
  File "C:\Users\Hugh\Python_venvs\workstation1_venv\Lib\site-packages\starlette\middleware\base.py", line 144, in coro
    await self.app(scope, receive_or_disconnect, send_no_error)
  File "C:\Users\Hugh\Python_venvs\workstation1_venv\Lib\site-packages\starlette\middleware\base.py", line 182, in __call__
    with recv_stream, send_stream, collapse_excgroups():
                                   ~~~~~~~~~~~~~~~~~~^^
  File "C:\Users\Hugh\AppData\Local\Programs\Python\Python313\Lib\contextlib.py", line 162, in __exit__
    self.gen.throw(value)
    ~~~~~~~~~~~~~~^^^^^^^
  File "C:\Users\Hugh\Python_venvs\workstation1_venv\Lib\site-packages\starlette\_utils.py", line 83, in collapse_excgroups
    raise exc
  File "C:\Users\Hugh\Python_venvs\workstation1_venv\Lib\site-packages\starlette\middleware\base.py", line 184, in __call__
    response = await self.dispatch_func(request, call_next)
               ^^^^^^^^^^^^^^^^^^^^^^^^^^^^^^^^^^^^^^^^^^^^
  File "C:\Users\Hugh\Python_venvs\workstation1_venv\Lib\site-packages\nicegui\middlewares.py", line 13, in dispatch
    response = await call_next(request)
               ^^^^^^^^^^^^^^^^^^^^^^^^
  File "C:\Users\Hugh\Python_venvs\workstation1_venv\Lib\site-packages\starlette\middleware\base.py", line 159, in call_next
    raise app_exc
  File "C:\Users\Hugh\Python_venvs\workstation1_venv\Lib\site-packages\starlette\middleware\base.py", line 144, in coro
    await self.app(scope, receive_or_disconnect, send_no_error)
  File "C:\Users\Hugh\Python_venvs\workstation1_venv\Lib\site-packages\starlette\middleware\gzip.py", line 29, in __call__
    await responder(scope, receive, send)
  File "C:\Users\Hugh\Python_venvs\workstation1_venv\Lib\site-packages\starlette\middleware\gzip.py", line 130, in __call__
    await super().__call__(scope, receive, send)
  File "C:\Users\Hugh\Python_venvs\workstation1_venv\Lib\site-packages\starlette\middleware\gzip.py", line 46, in __call__
    await self.app(scope, receive, self.send_with_compression)
  File "C:\Users\Hugh\Python_venvs\workstation1_venv\Lib\site-packages\starlette\middleware\exceptions.py", line 63, in __call__
    await wrap_app_handling_exceptions(self.app, conn)(scope, receive, send)
  File "C:\Users\Hugh\Python_venvs\workstation1_venv\Lib\site-packages\starlette\_exception_handler.py", line 53, in wrapped_app
    raise exc
  File "C:\Users\Hugh\Python_venvs\workstation1_venv\Lib\site-packages\starlette\_exception_handler.py", line 42, in wrapped_app
    await app(scope, receive, sender)
  File "C:\Users\Hugh\Python_venvs\workstation1_venv\Lib\site-packages\starlette\routing.py", line 716, in __call__
    await self.middleware_stack(scope, receive, send)
  File "C:\Users\Hugh\Python_venvs\workstation1_venv\Lib\site-packages\starlette\routing.py", line 736, in app
    await route.handle(scope, receive, send)
  File "C:\Users\Hugh\Python_venvs\workstation1_venv\Lib\site-packages\starlette\routing.py", line 290, in handle
    await self.app(scope, receive, send)
  File "C:\Users\Hugh\Python_venvs\workstation1_venv\Lib\site-packages\starlette\routing.py", line 78, in app
    await wrap_app_handling_exceptions(app, request)(scope, receive, send)
  File "C:\Users\Hugh\Python_venvs\workstation1_venv\Lib\site-packages\starlette\_exception_handler.py", line 53, in wrapped_app
    raise exc
  File "C:\Users\Hugh\Python_venvs\workstation1_venv\Lib\site-packages\starlette\_exception_handler.py", line 42, in wrapped_app
    await app(scope, receive, sender)
  File "C:\Users\Hugh\Python_venvs\workstation1_venv\Lib\site-packages\starlette\routing.py", line 75, in app
    response = await f(request)
               ^^^^^^^^^^^^^^^^
  File "C:\Users\Hugh\Python_venvs\workstation1_venv\Lib\site-packages\fastapi\routing.py", line 302, in app
    raw_response = await run_endpoint_function(
                   ^^^^^^^^^^^^^^^^^^^^^^^^^^^^
    ...<3 lines>...
    )
    ^
  File "C:\Users\Hugh\Python_venvs\workstation1_venv\Lib\site-packages\fastapi\routing.py", line 213, in run_endpoint_function
    return await dependant.call(**values)
           ^^^^^^^^^^^^^^^^^^^^^^^^^^^^^^
  File "C:\Users\Hugh\Python_venvs\workstation1_venv\Lib\site-packages\nicegui\page.py", line 148, in decorated
    return create_error_page(e, request)
  File "C:\Users\Hugh\Python_venvs\workstation1_venv\Lib\site-packages\nicegui\page.py", line 115, in create_error_page
    raise e
  File "C:\Users\Hugh\Python_venvs\workstation1_venv\Lib\site-packages\nicegui\page.py", line 146, in decorated
    result = func(*dec_args, **dec_kwargs)
  File "F:\VulcanConnect2025-09\frontend\pages\batch_drawings_export.py", line 29, in batch_drawings_export_page
    ui.button('EXPORT DRAWINGS', on_click=start_export_task).classes('mt-4')
                                          ^^^^^^^^^^^^^^^^^
UnboundLocalError: cannot access local variable 'start_export_task' where it is not associated with a value
ERROR:nicegui:module 'nicegui.ui' has no attribute 'sleep'
Traceback (most recent call last):
  File "F:\VulcanConnect2025-09\frontend\pages\batch_drawings_export.py", line 52, in start_export_task
    await asyncio.to_thread(process_drawings, ui_state.url_input, ui_state, export_formats, update_notifier, update_progress)
  File "C:\Users\Hugh\AppData\Local\Programs\Python\Python313\Lib\asyncio\threads.py", line 25, in to_thread
    return await loop.run_in_executor(None, func_call)
           ^^^^^^^^^^^^^^^^^^^^^^^^^^^^^^^^^^^^^^^^^^^
  File "C:\Users\Hugh\AppData\Local\Programs\Python\Python313\Lib\concurrent\futures\thread.py", line 59, in run
    result = self.fn(*self.args, **self.kwargs)
  File "F:\VulcanConnect2025-09\frontend\pages\batch_drawings_export.py", line 75, in process_drawings
    download_drawings_button()
    ~~~~~~~~~~~~~~~~~~~~~~~~^^
  File "F:\VulcanConnect2025-09\frontend\components\download_button.py", line 8, in download_drawings_button
    btn = ui.button('Export Drawings as ZIP', on_click=lambda: ui.run_javascript('window.open("/download-drawings-zip", "_blank")')).props('enabled')
          ~~~~~~~~~^^^^^^^^^^^^^^^^^^^^^^^^^^^^^^^^^^^^^^^^^^^^^^^^^^^^^^^^^^^^^^^^^^^^^^^^^^^^^^^^^^^^^^^^^^^^^^^^^^^^^^^^^^^^^^^^^
  File "C:\Users\Hugh\Python_venvs\workstation1_venv\Lib\site-packages\nicegui\elements\button.py", line 35, in __init__
    super().__init__(tag='q-btn', text=text, background_color=color, icon=icon)
    ~~~~~~~~~~~~~~~~^^^^^^^^^^^^^^^^^^^^^^^^^^^^^^^^^^^^^^^^^^^^^^^^^^^^^^^^^^^
  File "C:\Users\Hugh\Python_venvs\workstation1_venv\Lib\site-packages\nicegui\elements\mixins\icon_element.py", line 14, in __init__
    super().__init__(**kwargs)
    ~~~~~~~~~~~~~~~~^^^^^^^^^^
  File "C:\Users\Hugh\Python_venvs\workstation1_venv\Lib\site-packages\nicegui\elements\mixins\text_element.py", line 14, in __init__
    super().__init__(**kwargs)
    ~~~~~~~~~~~~~~~~^^^^^^^^^^
  File "C:\Users\Hugh\Python_venvs\workstation1_venv\Lib\site-packages\nicegui\elements\mixins\disableable_element.py", line 14, in __init__
    super().__init__(**kwargs)
    ~~~~~~~~~~~~~~~~^^^^^^^^^^
  File "C:\Users\Hugh\Python_venvs\workstation1_venv\Lib\site-packages\nicegui\elements\mixins\color_elements.py", line 20, in __init__
    super().__init__(**kwargs)
    ~~~~~~~~~~~~~~~~^^^^^^^^^^
  File "C:\Users\Hugh\Python_venvs\workstation1_venv\Lib\site-packages\nicegui\element.py", line 60, in __init__
    client = _client or context.client
                        ^^^^^^^^^^^^^^
  File "C:\Users\Hugh\Python_venvs\workstation1_venv\Lib\site-packages\nicegui\context.py", line 31, in client
    return self.slot.parent.client
           ^^^^^^^^^
  File "C:\Users\Hugh\Python_venvs\workstation1_venv\Lib\site-packages\nicegui\context.py", line 23, in slot
    raise RuntimeError('The current slot cannot be determined because the slot stack for this task is empty.\n'
                       'This may happen if you try to create UI from a background task.\n'
                       'To fix this, enter the target slot explicitly using `with container_element:`.')
RuntimeError: The current slot cannot be determined because the slot stack for this task is empty.
This may happen if you try to create UI from a background task.
To fix this, enter the target slot explicitly using `with container_element:`.

During handling of the above exception, another exception occurred:

Traceback (most recent call last):
  File "C:\Users\Hugh\Python_venvs\workstation1_venv\Lib\site-packages\nicegui\events.py", line 439, in wait_for_result
    await result
  File "F:\VulcanConnect2025-09\frontend\pages\batch_drawings_export.py", line 70, in start_export_task
    await ui.sleep(2)
          ^^^^^^^^
AttributeError: module 'nicegui.ui' has no attribute 'sleep'. Did you mean: 'step'?
ERROR:nicegui:module 'nicegui.ui' has no attribute 'sleep'
Traceback (most recent call last):
  File "F:\VulcanConnect2025-09\frontend\pages\batch_drawings_export.py", line 54, in start_export_task
    await asyncio.to_thread(process_drawings, ui_state.url_input, ui_state, export_formats, update_notifier, update_progress)
  File "C:\Users\Hugh\AppData\Local\Programs\Python\Python313\Lib\asyncio\threads.py", line 25, in to_thread
    return await loop.run_in_executor(None, func_call)
           ^^^^^^^^^^^^^^^^^^^^^^^^^^^^^^^^^^^^^^^^^^^
  File "C:\Users\Hugh\AppData\Local\Programs\Python\Python313\Lib\concurrent\futures\thread.py", line 59, in run
    result = self.fn(*self.args, **self.kwargs)
  File "F:\VulcanConnect2025-09\frontend\pages\batch_drawings_export.py", line 82, in process_drawings
    ui.run_javascript('window.open("/download-drawings-zip", "_blank")')
    ~~~~~~~~~~~~~~~~~^^^^^^^^^^^^^^^^^^^^^^^^^^^^^^^^^^^^^^^^^^^^^^^^^^^
  File "C:\Users\Hugh\Python_venvs\workstation1_venv\Lib\site-packages\nicegui\functions\javascript.py", line 23, in run_javascript
    return context.client.run_javascript(code, timeout=timeout)
           ^^^^^^^^^^^^^^
  File "C:\Users\Hugh\Python_venvs\workstation1_venv\Lib\site-packages\nicegui\context.py", line 31, in client
    return self.slot.parent.client
           ^^^^^^^^^
  File "C:\Users\Hugh\Python_venvs\workstation1_venv\Lib\site-packages\nicegui\context.py", line 23, in slot
    raise RuntimeError('The current slot cannot be determined because the slot stack for this task is empty.\n'
                       'This may happen if you try to create UI from a background task.\n'
                       'To fix this, enter the target slot explicitly using `with container_element:`.')
RuntimeError: The current slot cannot be determined because the slot stack for this task is empty.
This may happen if you try to create UI from a background task.
To fix this, enter the target slot explicitly using `with container_element:`.

During handling of the above exception, another exception occurred:

Traceback (most recent call last):
  File "C:\Users\Hugh\Python_venvs\workstation1_venv\Lib\site-packages\nicegui\events.py", line 439, in wait_for_result
    await result
  File "F:\VulcanConnect2025-09\frontend\pages\batch_drawings_export.py", line 72, in start_export_task
    await ui.sleep(2)
          ^^^^^^^^
AttributeError: module 'nicegui.ui' has no attribute 'sleep'. Did you mean: 'step'?
ERROR:nicegui:module 'nicegui.ui' has no attribute 'sleep'
Traceback (most recent call last):
  File "F:\VulcanConnect2025-09\frontend\pages\batch_drawings_export.py", line 54, in start_export_task
    await asyncio.to_thread(process_drawings, ui_state.url_input, ui_state, export_formats, update_notifier, update_progress)
  File "C:\Users\Hugh\AppData\Local\Programs\Python\Python313\Lib\asyncio\threads.py", line 25, in to_thread
    return await loop.run_in_executor(None, func_call)
           ^^^^^^^^^^^^^^^^^^^^^^^^^^^^^^^^^^^^^^^^^^^
  File "C:\Users\Hugh\AppData\Local\Programs\Python\Python313\Lib\concurrent\futures\thread.py", line 59, in run
    result = self.fn(*self.args, **self.kwargs)
  File "F:\VulcanConnect2025-09\frontend\pages\batch_drawings_export.py", line 82, in process_drawings
    ui.run_javascript('window.open("/download-drawings-zip", "_blank")')
    ~~~~~~~~~~~~~~~~~^^^^^^^^^^^^^^^^^^^^^^^^^^^^^^^^^^^^^^^^^^^^^^^^^^^
  File "C:\Users\Hugh\Python_venvs\workstation1_venv\Lib\site-packages\nicegui\functions\javascript.py", line 23, in run_javascript
    return context.client.run_javascript(code, timeout=timeout)
           ^^^^^^^^^^^^^^
  File "C:\Users\Hugh\Python_venvs\workstation1_venv\Lib\site-packages\nicegui\context.py", line 31, in client
    return self.slot.parent.client
           ^^^^^^^^^
  File "C:\Users\Hugh\Python_venvs\workstation1_venv\Lib\site-packages\nicegui\context.py", line 23, in slot
    raise RuntimeError('The current slot cannot be determined because the slot stack for this task is empty.\n'
                       'This may happen if you try to create UI from a background task.\n'
                       'To fix this, enter the target slot explicitly using `with container_element:`.')
RuntimeError: The current slot cannot be determined because the slot stack for this task is empty.
This may happen if you try to create UI from a background task.
To fix this, enter the target slot explicitly using `with container_element:`.

During handling of the above exception, another exception occurred:

Traceback (most recent call last):
  File "C:\Users\Hugh\Python_venvs\workstation1_venv\Lib\site-packages\nicegui\events.py", line 439, in wait_for_result
    await result
  File "F:\VulcanConnect2025-09\frontend\pages\batch_drawings_export.py", line 72, in start_export_task
    await ui.sleep(2)
          ^^^^^^^^
AttributeError: module 'nicegui.ui' has no attribute 'sleep'. Did you mean: 'step'?
ERROR:nicegui:module 'nicegui.ui' has no attribute 'sleep'
Traceback (most recent call last):
  File "F:\VulcanConnect2025-09\frontend\pages\batch_drawings_export.py", line 54, in start_export_task
    await asyncio.to_thread(process_drawings, ui_state.url_input, ui_state, export_formats, update_notifier, update_progress)
  File "C:\Users\Hugh\AppData\Local\Programs\Python\Python313\Lib\asyncio\threads.py", line 25, in to_thread
    return await loop.run_in_executor(None, func_call)
           ^^^^^^^^^^^^^^^^^^^^^^^^^^^^^^^^^^^^^^^^^^^
  File "C:\Users\Hugh\AppData\Local\Programs\Python\Python313\Lib\concurrent\futures\thread.py", line 59, in run
    result = self.fn(*self.args, **self.kwargs)
  File "F:\VulcanConnect2025-09\frontend\pages\batch_drawings_export.py", line 82, in process_drawings
    ui.run_javascript('window.open("/download-drawings-zip", "_blank")')
    ~~~~~~~~~~~~~~~~~^^^^^^^^^^^^^^^^^^^^^^^^^^^^^^^^^^^^^^^^^^^^^^^^^^^
  File "C:\Users\Hugh\Python_venvs\workstation1_venv\Lib\site-packages\nicegui\functions\javascript.py", line 23, in run_javascript
    return context.client.run_javascript(code, timeout=timeout)
           ^^^^^^^^^^^^^^
  File "C:\Users\Hugh\Python_venvs\workstation1_venv\Lib\site-packages\nicegui\context.py", line 31, in client
    return self.slot.parent.client
           ^^^^^^^^^
  File "C:\Users\Hugh\Python_venvs\workstation1_venv\Lib\site-packages\nicegui\context.py", line 23, in slot
    raise RuntimeError('The current slot cannot be determined because the slot stack for this task is empty.\n'
                       'This may happen if you try to create UI from a background task.\n'
                       'To fix this, enter the target slot explicitly using `with container_element:`.')
RuntimeError: The current slot cannot be determined because the slot stack for this task is empty.
This may happen if you try to create UI from a background task.
To fix this, enter the target slot explicitly using `with container_element:`.

During handling of the above exception, another exception occurred:

Traceback (most recent call last):
  File "C:\Users\Hugh\Python_venvs\workstation1_venv\Lib\site-packages\nicegui\events.py", line 439, in wait_for_result
    await result
  File "F:\VulcanConnect2025-09\frontend\pages\batch_drawings_export.py", line 72, in start_export_task
    await ui.sleep(2)
          ^^^^^^^^
AttributeError: module 'nicegui.ui' has no attribute 'sleep'. Did you mean: 'step'?
ERROR:nicegui:module 'nicegui.ui' has no attribute 'sleep'
Traceback (most recent call last):
  File "F:\VulcanConnect2025-09\frontend\pages\batch_drawings_export.py", line 54, in start_export_task
    await asyncio.to_thread(process_drawings, ui_state.url_input, ui_state, export_formats, update_notifier, update_progress)
  File "C:\Users\Hugh\AppData\Local\Programs\Python\Python313\Lib\asyncio\threads.py", line 25, in to_thread
    return await loop.run_in_executor(None, func_call)
           ^^^^^^^^^^^^^^^^^^^^^^^^^^^^^^^^^^^^^^^^^^^
  File "C:\Users\Hugh\AppData\Local\Programs\Python\Python313\Lib\concurrent\futures\thread.py", line 59, in run
    result = self.fn(*self.args, **self.kwargs)
  File "F:\VulcanConnect2025-09\frontend\pages\batch_drawings_export.py", line 83, in process_drawings
    ui.run_javascript('window.open("/download-drawings-zip", "_blank")')
    ~~~~~~~~~~~~~~~~~^^^^^^^^^^^^^^^^^^^^^^^^^^^^^^^^^^^^^^^^^^^^^^^^^^^
  File "C:\Users\Hugh\Python_venvs\workstation1_venv\Lib\site-packages\nicegui\functions\javascript.py", line 23, in run_javascript
    return context.client.run_javascript(code, timeout=timeout)
           ^^^^^^^^^^^^^^
  File "C:\Users\Hugh\Python_venvs\workstation1_venv\Lib\site-packages\nicegui\context.py", line 31, in client
    return self.slot.parent.client
           ^^^^^^^^^
  File "C:\Users\Hugh\Python_venvs\workstation1_venv\Lib\site-packages\nicegui\context.py", line 23, in slot
    raise RuntimeError('The current slot cannot be determined because the slot stack for this task is empty.\n'
                       'This may happen if you try to create UI from a background task.\n'
                       'To fix this, enter the target slot explicitly using `with container_element:`.')
RuntimeError: The current slot cannot be determined because the slot stack for this task is empty.
This may happen if you try to create UI from a background task.
To fix this, enter the target slot explicitly using `with container_element:`.

During handling of the above exception, another exception occurred:

Traceback (most recent call last):
  File "C:\Users\Hugh\Python_venvs\workstation1_venv\Lib\site-packages\nicegui\events.py", line 439, in wait_for_result
    await result
  File "F:\VulcanConnect2025-09\frontend\pages\batch_drawings_export.py", line 72, in start_export_task
    await ui.sleep(2)
          ^^^^^^^^
AttributeError: module 'nicegui.ui' has no attribute 'sleep'. Did you mean: 'step'?
ERROR:nicegui:module 'nicegui.ui' has no attribute 'sleep'
Traceback (most recent call last):
  File "F:\VulcanConnect2025-09\frontend\pages\batch_drawings_export.py", line 54, in start_export_task
    await asyncio.to_thread(process_drawings, ui_state.url_input, ui_state, export_formats, update_notifier, update_progress)
  File "C:\Users\Hugh\AppData\Local\Programs\Python\Python313\Lib\asyncio\threads.py", line 25, in to_thread
    return await loop.run_in_executor(None, func_call)
           ^^^^^^^^^^^^^^^^^^^^^^^^^^^^^^^^^^^^^^^^^^^
  File "C:\Users\Hugh\AppData\Local\Programs\Python\Python313\Lib\concurrent\futures\thread.py", line 59, in run
    result = self.fn(*self.args, **self.kwargs)
  File "F:\VulcanConnect2025-09\frontend\pages\batch_drawings_export.py", line 83, in process_drawings
    ui.run_javascript('window.open("/download-drawings-zip", "_blank")')
    ~~~~~~~~~~~~~~~~~^^^^^^^^^^^^^^^^^^^^^^^^^^^^^^^^^^^^^^^^^^^^^^^^^^^
  File "C:\Users\Hugh\Python_venvs\workstation1_venv\Lib\site-packages\nicegui\functions\javascript.py", line 23, in run_javascript
    return context.client.run_javascript(code, timeout=timeout)
           ^^^^^^^^^^^^^^
  File "C:\Users\Hugh\Python_venvs\workstation1_venv\Lib\site-packages\nicegui\context.py", line 31, in client
    return self.slot.parent.client
           ^^^^^^^^^
  File "C:\Users\Hugh\Python_venvs\workstation1_venv\Lib\site-packages\nicegui\context.py", line 23, in slot
    raise RuntimeError('The current slot cannot be determined because the slot stack for this task is empty.\n'
                       'This may happen if you try to create UI from a background task.\n'
                       'To fix this, enter the target slot explicitly using `with container_element:`.')
RuntimeError: The current slot cannot be determined because the slot stack for this task is empty.
This may happen if you try to create UI from a background task.
To fix this, enter the target slot explicitly using `with container_element:`.

During handling of the above exception, another exception occurred:

Traceback (most recent call last):
  File "C:\Users\Hugh\Python_venvs\workstation1_venv\Lib\site-packages\nicegui\events.py", line 439, in wait_for_result
    await result
  File "F:\VulcanConnect2025-09\frontend\pages\batch_drawings_export.py", line 72, in start_export_task
    await ui.sleep(2)
          ^^^^^^^^
AttributeError: module 'nicegui.ui' has no attribute 'sleep'. Did you mean: 'step'?
ERROR:nicegui:module 'nicegui.ui' has no attribute 'sleep'
Traceback (most recent call last):
  File "F:\VulcanConnect2025-09\frontend\pages\batch_drawings_export.py", line 55, in start_export_task
    await asyncio.to_thread(process_drawings, ui_state.url_input, ui_state, export_formats, update_notifier, update_progress)
  File "C:\Users\Hugh\AppData\Local\Programs\Python\Python313\Lib\asyncio\threads.py", line 25, in to_thread
    return await loop.run_in_executor(None, func_call)
           ^^^^^^^^^^^^^^^^^^^^^^^^^^^^^^^^^^^^^^^^^^^
  File "C:\Users\Hugh\AppData\Local\Programs\Python\Python313\Lib\concurrent\futures\thread.py", line 59, in run
    result = self.fn(*self.args, **self.kwargs)
  File "F:\VulcanConnect2025-09\frontend\pages\batch_drawings_export.py", line 84, in process_drawings
    ui.run_javascript('window.open("/download-drawings-zip", "_blank")')
    ~~~~~~~~~~~~~~~~~^^^^^^^^^^^^^^^^^^^^^^^^^^^^^^^^^^^^^^^^^^^^^^^^^^^
  File "C:\Users\Hugh\Python_venvs\workstation1_venv\Lib\site-packages\nicegui\functions\javascript.py", line 23, in run_javascript
    return context.client.run_javascript(code, timeout=timeout)
           ^^^^^^^^^^^^^^
  File "C:\Users\Hugh\Python_venvs\workstation1_venv\Lib\site-packages\nicegui\context.py", line 31, in client
    return self.slot.parent.client
           ^^^^^^^^^
  File "C:\Users\Hugh\Python_venvs\workstation1_venv\Lib\site-packages\nicegui\context.py", line 23, in slot
    raise RuntimeError('The current slot cannot be determined because the slot stack for this task is empty.\n'
                       'This may happen if you try to create UI from a background task.\n'
                       'To fix this, enter the target slot explicitly using `with container_element:`.')
RuntimeError: The current slot cannot be determined because the slot stack for this task is empty.
This may happen if you try to create UI from a background task.
To fix this, enter the target slot explicitly using `with container_element:`.

During handling of the above exception, another exception occurred:

Traceback (most recent call last):
  File "C:\Users\Hugh\Python_venvs\workstation1_venv\Lib\site-packages\nicegui\events.py", line 439, in wait_for_result
    await result
  File "F:\VulcanConnect2025-09\frontend\pages\batch_drawings_export.py", line 73, in start_export_task
    await ui.sleep(2)
          ^^^^^^^^
AttributeError: module 'nicegui.ui' has no attribute 'sleep'. Did you mean: 'step'?
ERROR:nicegui:module 'nicegui.ui' has no attribute 'sleep'
Traceback (most recent call last):
  File "F:\VulcanConnect2025-09\frontend\pages\batch_drawings_export.py", line 55, in start_export_task
    await asyncio.to_thread(process_drawings, ui_state.url_input, ui_state, export_formats, update_notifier, update_progress)
  File "C:\Users\Hugh\AppData\Local\Programs\Python\Python313\Lib\asyncio\threads.py", line 25, in to_thread
    return await loop.run_in_executor(None, func_call)
           ^^^^^^^^^^^^^^^^^^^^^^^^^^^^^^^^^^^^^^^^^^^
  File "C:\Users\Hugh\AppData\Local\Programs\Python\Python313\Lib\concurrent\futures\thread.py", line 59, in run
    result = self.fn(*self.args, **self.kwargs)
  File "F:\VulcanConnect2025-09\frontend\pages\batch_drawings_export.py", line 84, in process_drawings
    ui.run_javascript('window.open("/download-drawings-zip", "_blank")')
    ~~~~~~~~~~~~~~~~~^^^^^^^^^^^^^^^^^^^^^^^^^^^^^^^^^^^^^^^^^^^^^^^^^^^
  File "C:\Users\Hugh\Python_venvs\workstation1_venv\Lib\site-packages\nicegui\functions\javascript.py", line 23, in run_javascript
    return context.client.run_javascript(code, timeout=timeout)
           ^^^^^^^^^^^^^^
  File "C:\Users\Hugh\Python_venvs\workstation1_venv\Lib\site-packages\nicegui\context.py", line 31, in client
    return self.slot.parent.client
           ^^^^^^^^^
  File "C:\Users\Hugh\Python_venvs\workstation1_venv\Lib\site-packages\nicegui\context.py", line 23, in slot
    raise RuntimeError('The current slot cannot be determined because the slot stack for this task is empty.\n'
                       'This may happen if you try to create UI from a background task.\n'
                       'To fix this, enter the target slot explicitly using `with container_element:`.')
RuntimeError: The current slot cannot be determined because the slot stack for this task is empty.
This may happen if you try to create UI from a background task.
To fix this, enter the target slot explicitly using `with container_element:`.

During handling of the above exception, another exception occurred:

Traceback (most recent call last):
  File "C:\Users\Hugh\Python_venvs\workstation1_venv\Lib\site-packages\nicegui\events.py", line 439, in wait_for_result
    await result
  File "F:\VulcanConnect2025-09\frontend\pages\batch_drawings_export.py", line 73, in start_export_task
    await ui.sleep(2)
          ^^^^^^^^
AttributeError: module 'nicegui.ui' has no attribute 'sleep'. Did you mean: 'step'?
ERROR:nicegui:module 'nicegui.ui' has no attribute 'sleep'
Traceback (most recent call last):
  File "F:\VulcanConnect2025-09\frontend\pages\batch_drawings_export.py", line 57, in start_export_task
    await asyncio.to_thread(process_drawings, ui_state.url_input, ui_state, export_formats, update_notifier, update_progress)
  File "C:\Users\Hugh\AppData\Local\Programs\Python\Python313\Lib\asyncio\threads.py", line 25, in to_thread
    return await loop.run_in_executor(None, func_call)
           ^^^^^^^^^^^^^^^^^^^^^^^^^^^^^^^^^^^^^^^^^^^
  File "C:\Users\Hugh\AppData\Local\Programs\Python\Python313\Lib\concurrent\futures\thread.py", line 59, in run
    result = self.fn(*self.args, **self.kwargs)
  File "F:\VulcanConnect2025-09\frontend\pages\batch_drawings_export.py", line 86, in process_drawings
    ui.run_javascript('window.open("/download-drawings-zip", "_blank")')
    ~~~~~~~~~~~~~~~~~^^^^^^^^^^^^^^^^^^^^^^^^^^^^^^^^^^^^^^^^^^^^^^^^^^^
  File "C:\Users\Hugh\Python_venvs\workstation1_venv\Lib\site-packages\nicegui\functions\javascript.py", line 23, in run_javascript
    return context.client.run_javascript(code, timeout=timeout)
           ^^^^^^^^^^^^^^
  File "C:\Users\Hugh\Python_venvs\workstation1_venv\Lib\site-packages\nicegui\context.py", line 31, in client
    return self.slot.parent.client
           ^^^^^^^^^
  File "C:\Users\Hugh\Python_venvs\workstation1_venv\Lib\site-packages\nicegui\context.py", line 23, in slot
    raise RuntimeError('The current slot cannot be determined because the slot stack for this task is empty.\n'
                       'This may happen if you try to create UI from a background task.\n'
                       'To fix this, enter the target slot explicitly using `with container_element:`.')
RuntimeError: The current slot cannot be determined because the slot stack for this task is empty.
This may happen if you try to create UI from a background task.
To fix this, enter the target slot explicitly using `with container_element:`.

During handling of the above exception, another exception occurred:

Traceback (most recent call last):
  File "C:\Users\Hugh\Python_venvs\workstation1_venv\Lib\site-packages\nicegui\events.py", line 439, in wait_for_result
    await result
  File "F:\VulcanConnect2025-09\frontend\pages\batch_drawings_export.py", line 75, in start_export_task
    await ui.sleep(2)
          ^^^^^^^^
AttributeError: module 'nicegui.ui' has no attribute 'sleep'. Did you mean: 'step'?
ERROR:nicegui:module 'nicegui.ui' has no attribute 'sleep'
Traceback (most recent call last):
  File "F:\VulcanConnect2025-09\frontend\pages\batch_drawings_export.py", line 58, in start_export_task
    await asyncio.to_thread(process_drawings, url_input, ui_state, export_formats, update_notifier, update_progress)
  File "C:\Users\Hugh\AppData\Local\Programs\Python\Python313\Lib\asyncio\threads.py", line 25, in to_thread
    return await loop.run_in_executor(None, func_call)
           ^^^^^^^^^^^^^^^^^^^^^^^^^^^^^^^^^^^^^^^^^^^
  File "C:\Users\Hugh\AppData\Local\Programs\Python\Python313\Lib\concurrent\futures\thread.py", line 59, in run
    result = self.fn(*self.args, **self.kwargs)
  File "F:\VulcanConnect2025-09\frontend\pages\batch_drawings_export.py", line 87, in process_drawings
    ui.run_javascript('window.open("/download-drawings-zip", "_blank")')
    ~~~~~~~~~~~~~~~~~^^^^^^^^^^^^^^^^^^^^^^^^^^^^^^^^^^^^^^^^^^^^^^^^^^^
  File "C:\Users\Hugh\Python_venvs\workstation1_venv\Lib\site-packages\nicegui\functions\javascript.py", line 23, in run_javascript
    return context.client.run_javascript(code, timeout=timeout)
           ^^^^^^^^^^^^^^
  File "C:\Users\Hugh\Python_venvs\workstation1_venv\Lib\site-packages\nicegui\context.py", line 31, in client
    return self.slot.parent.client
           ^^^^^^^^^
  File "C:\Users\Hugh\Python_venvs\workstation1_venv\Lib\site-packages\nicegui\context.py", line 23, in slot
    raise RuntimeError('The current slot cannot be determined because the slot stack for this task is empty.\n'
                       'This may happen if you try to create UI from a background task.\n'
                       'To fix this, enter the target slot explicitly using `with container_element:`.')
RuntimeError: The current slot cannot be determined because the slot stack for this task is empty.
This may happen if you try to create UI from a background task.
To fix this, enter the target slot explicitly using `with container_element:`.

During handling of the above exception, another exception occurred:

Traceback (most recent call last):
  File "C:\Users\Hugh\Python_venvs\workstation1_venv\Lib\site-packages\nicegui\events.py", line 439, in wait_for_result
    await result
  File "F:\VulcanConnect2025-09\frontend\pages\batch_drawings_export.py", line 76, in start_export_task
    await ui.sleep(2)
          ^^^^^^^^
AttributeError: module 'nicegui.ui' has no attribute 'sleep'. Did you mean: 'step'?
ERROR:nicegui:module 'nicegui.ui' has no attribute 'sleep'
Traceback (most recent call last):
  File "F:\VulcanConnect2025-09\frontend\pages\batch_drawings_export.py", line 58, in start_export_task
    await asyncio.to_thread(process_drawings, ui_state.url_input, ui_state, export_formats, update_notifier, update_progress)
  File "C:\Users\Hugh\AppData\Local\Programs\Python\Python313\Lib\asyncio\threads.py", line 25, in to_thread
    return await loop.run_in_executor(None, func_call)
           ^^^^^^^^^^^^^^^^^^^^^^^^^^^^^^^^^^^^^^^^^^^
  File "C:\Users\Hugh\AppData\Local\Programs\Python\Python313\Lib\concurrent\futures\thread.py", line 59, in run
    result = self.fn(*self.args, **self.kwargs)
  File "F:\VulcanConnect2025-09\frontend\pages\batch_drawings_export.py", line 87, in process_drawings
    ui.run_javascript('window.open("/download-drawings-zip", "_blank")')
    ~~~~~~~~~~~~~~~~~^^^^^^^^^^^^^^^^^^^^^^^^^^^^^^^^^^^^^^^^^^^^^^^^^^^
  File "C:\Users\Hugh\Python_venvs\workstation1_venv\Lib\site-packages\nicegui\functions\javascript.py", line 23, in run_javascript
    return context.client.run_javascript(code, timeout=timeout)
           ^^^^^^^^^^^^^^
  File "C:\Users\Hugh\Python_venvs\workstation1_venv\Lib\site-packages\nicegui\context.py", line 31, in client
    return self.slot.parent.client
           ^^^^^^^^^
  File "C:\Users\Hugh\Python_venvs\workstation1_venv\Lib\site-packages\nicegui\context.py", line 23, in slot
    raise RuntimeError('The current slot cannot be determined because the slot stack for this task is empty.\n'
                       'This may happen if you try to create UI from a background task.\n'
                       'To fix this, enter the target slot explicitly using `with container_element:`.')
RuntimeError: The current slot cannot be determined because the slot stack for this task is empty.
This may happen if you try to create UI from a background task.
To fix this, enter the target slot explicitly using `with container_element:`.

During handling of the above exception, another exception occurred:

Traceback (most recent call last):
  File "C:\Users\Hugh\Python_venvs\workstation1_venv\Lib\site-packages\nicegui\events.py", line 439, in wait_for_result
    await result
  File "F:\VulcanConnect2025-09\frontend\pages\batch_drawings_export.py", line 76, in start_export_task
    await ui.sleep(2)
          ^^^^^^^^
AttributeError: module 'nicegui.ui' has no attribute 'sleep'. Did you mean: 'step'?
ERROR:nicegui:module 'nicegui.ui' has no attribute 'sleep'
Traceback (most recent call last):
  File "F:\VulcanConnect2025-09\frontend\pages\batch_drawings_export.py", line 58, in start_export_task
    await asyncio.to_thread(process_drawings, ui_state.url_input, ui_state, export_formats, update_notifier, update_progress)
  File "C:\Users\Hugh\AppData\Local\Programs\Python\Python313\Lib\asyncio\threads.py", line 25, in to_thread
    return await loop.run_in_executor(None, func_call)
           ^^^^^^^^^^^^^^^^^^^^^^^^^^^^^^^^^^^^^^^^^^^
  File "C:\Users\Hugh\AppData\Local\Programs\Python\Python313\Lib\concurrent\futures\thread.py", line 59, in run
    result = self.fn(*self.args, **self.kwargs)
  File "F:\VulcanConnect2025-09\frontend\pages\batch_drawings_export.py", line 87, in process_drawings
    ui.run_javascript('window.open("/download-drawings-zip", "_blank")')
    ~~~~~~~~~~~~~~~~~^^^^^^^^^^^^^^^^^^^^^^^^^^^^^^^^^^^^^^^^^^^^^^^^^^^
  File "C:\Users\Hugh\Python_venvs\workstation1_venv\Lib\site-packages\nicegui\functions\javascript.py", line 23, in run_javascript
    return context.client.run_javascript(code, timeout=timeout)
           ^^^^^^^^^^^^^^
  File "C:\Users\Hugh\Python_venvs\workstation1_venv\Lib\site-packages\nicegui\context.py", line 31, in client
    return self.slot.parent.client
           ^^^^^^^^^
  File "C:\Users\Hugh\Python_venvs\workstation1_venv\Lib\site-packages\nicegui\context.py", line 23, in slot
    raise RuntimeError('The current slot cannot be determined because the slot stack for this task is empty.\n'
                       'This may happen if you try to create UI from a background task.\n'
                       'To fix this, enter the target slot explicitly using `with container_element:`.')
RuntimeError: The current slot cannot be determined because the slot stack for this task is empty.
This may happen if you try to create UI from a background task.
To fix this, enter the target slot explicitly using `with container_element:`.

During handling of the above exception, another exception occurred:

Traceback (most recent call last):
  File "C:\Users\Hugh\Python_venvs\workstation1_venv\Lib\site-packages\nicegui\events.py", line 439, in wait_for_result
    await result
  File "F:\VulcanConnect2025-09\frontend\pages\batch_drawings_export.py", line 76, in start_export_task
    await ui.sleep(2)
          ^^^^^^^^
AttributeError: module 'nicegui.ui' has no attribute 'sleep'. Did you mean: 'step'?
ERROR:nicegui:module 'nicegui.ui' has no attribute 'sleep'
Traceback (most recent call last):
  File "F:\VulcanConnect2025-09\frontend\pages\batch_drawings_export.py", line 62, in start_export_task
    await asyncio.to_thread(process_drawings, ui_state.url_input, ui_state, export_formats, update_notifier, update_progress)
  File "C:\Users\Hugh\AppData\Local\Programs\Python\Python313\Lib\asyncio\threads.py", line 25, in to_thread
    return await loop.run_in_executor(None, func_call)
           ^^^^^^^^^^^^^^^^^^^^^^^^^^^^^^^^^^^^^^^^^^^
  File "C:\Users\Hugh\AppData\Local\Programs\Python\Python313\Lib\concurrent\futures\thread.py", line 59, in run
    result = self.fn(*self.args, **self.kwargs)
  File "F:\VulcanConnect2025-09\frontend\pages\batch_drawings_export.py", line 91, in process_drawings
    ui.run_javascript('window.open("/download-drawings-zip", "_blank")')
    ~~~~~~~~~~~~~~~~~^^^^^^^^^^^^^^^^^^^^^^^^^^^^^^^^^^^^^^^^^^^^^^^^^^^
  File "C:\Users\Hugh\Python_venvs\workstation1_venv\Lib\site-packages\nicegui\functions\javascript.py", line 23, in run_javascript
    return context.client.run_javascript(code, timeout=timeout)
           ^^^^^^^^^^^^^^
  File "C:\Users\Hugh\Python_venvs\workstation1_venv\Lib\site-packages\nicegui\context.py", line 31, in client
    return self.slot.parent.client
           ^^^^^^^^^
  File "C:\Users\Hugh\Python_venvs\workstation1_venv\Lib\site-packages\nicegui\context.py", line 23, in slot
    raise RuntimeError('The current slot cannot be determined because the slot stack for this task is empty.\n'
                       'This may happen if you try to create UI from a background task.\n'
                       'To fix this, enter the target slot explicitly using `with container_element:`.')
RuntimeError: The current slot cannot be determined because the slot stack for this task is empty.
This may happen if you try to create UI from a background task.
To fix this, enter the target slot explicitly using `with container_element:`.

During handling of the above exception, another exception occurred:

Traceback (most recent call last):
  File "C:\Users\Hugh\Python_venvs\workstation1_venv\Lib\site-packages\nicegui\events.py", line 439, in wait_for_result
    await result
  File "F:\VulcanConnect2025-09\frontend\pages\batch_drawings_export.py", line 80, in start_export_task
    await ui.sleep(2)
          ^^^^^^^^
AttributeError: module 'nicegui.ui' has no attribute 'sleep'. Did you mean: 'step'?
ERROR:nicegui:'UIState' object has no attribute 'frames_zip'
  + Exception Group Traceback (most recent call last):
  |   File "C:\Users\Hugh\Python_venvs\workstation1_venv\Lib\site-packages\starlette\_utils.py", line 77, in collapse_excgroups
  |     yield
  |   File "C:\Users\Hugh\Python_venvs\workstation1_venv\Lib\site-packages\starlette\middleware\base.py", line 183, in __call__
  |     async with anyio.create_task_group() as task_group:
  |                ~~~~~~~~~~~~~~~~~~~~~~~^^
  |   File "C:\Users\Hugh\Python_venvs\workstation1_venv\Lib\site-packages\anyio\_backends\_asyncio.py", line 772, in __aexit__
  |     raise BaseExceptionGroup(
  |         "unhandled errors in a TaskGroup", self._exceptions
  |     ) from None
  | ExceptionGroup: unhandled errors in a TaskGroup (1 sub-exception)
  +-+---------------- 1 ----------------
    | Traceback (most recent call last):
    |   File "C:\Users\Hugh\Python_venvs\workstation1_venv\Lib\site-packages\starlette\middleware\errors.py", line 164, in __call__
    |     await self.app(scope, receive, _send)
    |   File "C:\Users\Hugh\Python_venvs\workstation1_venv\Lib\site-packages\starlette\middleware\base.py", line 182, in __call__
    |     with recv_stream, send_stream, collapse_excgroups():
    |                                    ~~~~~~~~~~~~~~~~~~^^
    |   File "C:\Users\Hugh\AppData\Local\Programs\Python\Python313\Lib\contextlib.py", line 162, in __exit__
    |     self.gen.throw(value)
    |     ~~~~~~~~~~~~~~^^^^^^^
    |   File "C:\Users\Hugh\Python_venvs\workstation1_venv\Lib\site-packages\starlette\_utils.py", line 83, in collapse_excgroups
    |     raise exc
    |   File "C:\Users\Hugh\Python_venvs\workstation1_venv\Lib\site-packages\starlette\middleware\base.py", line 184, in __call__
    |     response = await self.dispatch_func(request, call_next)
    |                ^^^^^^^^^^^^^^^^^^^^^^^^^^^^^^^^^^^^^^^^^^^^
    |   File "C:\Users\Hugh\Python_venvs\workstation1_venv\Lib\site-packages\nicegui\middlewares.py", line 23, in dispatch
    |     response = await call_next(request)
    |                ^^^^^^^^^^^^^^^^^^^^^^^^
    |   File "C:\Users\Hugh\Python_venvs\workstation1_venv\Lib\site-packages\starlette\middleware\base.py", line 159, in call_next
    |     raise app_exc
    |   File "C:\Users\Hugh\Python_venvs\workstation1_venv\Lib\site-packages\starlette\middleware\base.py", line 144, in coro
    |     await self.app(scope, receive_or_disconnect, send_no_error)
    |   File "C:\Users\Hugh\Python_venvs\workstation1_venv\Lib\site-packages\starlette\middleware\base.py", line 182, in __call__
    |     with recv_stream, send_stream, collapse_excgroups():
    |                                    ~~~~~~~~~~~~~~~~~~^^
    |   File "C:\Users\Hugh\AppData\Local\Programs\Python\Python313\Lib\contextlib.py", line 162, in __exit__
    |     self.gen.throw(value)
    |     ~~~~~~~~~~~~~~^^^^^^^
    |   File "C:\Users\Hugh\Python_venvs\workstation1_venv\Lib\site-packages\starlette\_utils.py", line 83, in collapse_excgroups
    |     raise exc
    |   File "C:\Users\Hugh\Python_venvs\workstation1_venv\Lib\site-packages\starlette\middleware\base.py", line 184, in __call__
    |     response = await self.dispatch_func(request, call_next)
    |                ^^^^^^^^^^^^^^^^^^^^^^^^^^^^^^^^^^^^^^^^^^^^
    |   File "C:\Users\Hugh\Python_venvs\workstation1_venv\Lib\site-packages\nicegui\middlewares.py", line 13, in dispatch
    |     response = await call_next(request)
    |                ^^^^^^^^^^^^^^^^^^^^^^^^
    |   File "C:\Users\Hugh\Python_venvs\workstation1_venv\Lib\site-packages\starlette\middleware\base.py", line 159, in call_next
    |     raise app_exc
    |   File "C:\Users\Hugh\Python_venvs\workstation1_venv\Lib\site-packages\starlette\middleware\base.py", line 144, in coro
    |     await self.app(scope, receive_or_disconnect, send_no_error)
    |   File "C:\Users\Hugh\Python_venvs\workstation1_venv\Lib\site-packages\starlette\middleware\gzip.py", line 29, in __call__
    |     await responder(scope, receive, send)
    |   File "C:\Users\Hugh\Python_venvs\workstation1_venv\Lib\site-packages\starlette\middleware\gzip.py", line 130, in __call__
    |     await super().__call__(scope, receive, send)
    |   File "C:\Users\Hugh\Python_venvs\workstation1_venv\Lib\site-packages\starlette\middleware\gzip.py", line 46, in __call__
    |     await self.app(scope, receive, self.send_with_compression)
    |   File "C:\Users\Hugh\Python_venvs\workstation1_venv\Lib\site-packages\starlette\middleware\exceptions.py", line 63, in __call__
    |     await wrap_app_handling_exceptions(self.app, conn)(scope, receive, send)
    |   File "C:\Users\Hugh\Python_venvs\workstation1_venv\Lib\site-packages\starlette\_exception_handler.py", line 53, in wrapped_app
    |     raise exc
    |   File "C:\Users\Hugh\Python_venvs\workstation1_venv\Lib\site-packages\starlette\_exception_handler.py", line 42, in wrapped_app
    |     await app(scope, receive, sender)
    |   File "C:\Users\Hugh\Python_venvs\workstation1_venv\Lib\site-packages\starlette\routing.py", line 716, in __call__
    |     await self.middleware_stack(scope, receive, send)
    |   File "C:\Users\Hugh\Python_venvs\workstation1_venv\Lib\site-packages\starlette\routing.py", line 736, in app
    |     await route.handle(scope, receive, send)
    |   File "C:\Users\Hugh\Python_venvs\workstation1_venv\Lib\site-packages\starlette\routing.py", line 290, in handle
    |     await self.app(scope, receive, send)
    |   File "C:\Users\Hugh\Python_venvs\workstation1_venv\Lib\site-packages\starlette\routing.py", line 78, in app
    |     await wrap_app_handling_exceptions(app, request)(scope, receive, send)
    |   File "C:\Users\Hugh\Python_venvs\workstation1_venv\Lib\site-packages\starlette\_exception_handler.py", line 53, in wrapped_app
    |     raise exc
    |   File "C:\Users\Hugh\Python_venvs\workstation1_venv\Lib\site-packages\starlette\_exception_handler.py", line 42, in wrapped_app
    |     await app(scope, receive, sender)
    |   File "C:\Users\Hugh\Python_venvs\workstation1_venv\Lib\site-packages\starlette\routing.py", line 75, in app
    |     response = await f(request)
    |                ^^^^^^^^^^^^^^^^
    |   File "C:\Users\Hugh\Python_venvs\workstation1_venv\Lib\site-packages\fastapi\routing.py", line 302, in app
    |     raw_response = await run_endpoint_function(
    |                    ^^^^^^^^^^^^^^^^^^^^^^^^^^^^
    |     ...<3 lines>...
    |     )
    |     ^
    |   File "C:\Users\Hugh\Python_venvs\workstation1_venv\Lib\site-packages\fastapi\routing.py", line 215, in run_endpoint_function
    |     return await run_in_threadpool(dependant.call, **values)
    |            ^^^^^^^^^^^^^^^^^^^^^^^^^^^^^^^^^^^^^^^^^^^^^^^^^
    |   File "C:\Users\Hugh\Python_venvs\workstation1_venv\Lib\site-packages\starlette\concurrency.py", line 38, in run_in_threadpool
    |     return await anyio.to_thread.run_sync(func)
    |            ^^^^^^^^^^^^^^^^^^^^^^^^^^^^^^^^^^^^
    |   File "C:\Users\Hugh\Python_venvs\workstation1_venv\Lib\site-packages\anyio\to_thread.py", line 56, in run_sync
    |     return await get_async_backend().run_sync_in_worker_thread(
    |            ^^^^^^^^^^^^^^^^^^^^^^^^^^^^^^^^^^^^^^^^^^^^^^^^^^^^
    |         func, args, abandon_on_cancel=abandon_on_cancel, limiter=limiter
    |         ^^^^^^^^^^^^^^^^^^^^^^^^^^^^^^^^^^^^^^^^^^^^^^^^^^^^^^^^^^^^^^^^
    |     )
    |     ^
    |   File "C:\Users\Hugh\Python_venvs\workstation1_venv\Lib\site-packages\anyio\_backends\_asyncio.py", line 2470, in run_sync_in_worker_thread
    |     return await future
    |            ^^^^^^^^^^^^
    |   File "C:\Users\Hugh\Python_venvs\workstation1_venv\Lib\site-packages\anyio\_backends\_asyncio.py", line 967, in run
    |     result = context.run(func, *args)
    |   File "F:\VulcanConnect2025-09\backend\routes.py", line 33, in download_drawings_zip
    |     content = state.latest_drawings_output.frames_zip
    |               ^^^^^^^^^^^^^^^^^^^^^^^^^^^^^^^^^^^^^^^
    | AttributeError: 'UIState' object has no attribute 'frames_zip'
    +------------------------------------

During handling of the above exception, another exception occurred:

Traceback (most recent call last):
  File "C:\Users\Hugh\Python_venvs\workstation1_venv\Lib\site-packages\starlette\middleware\errors.py", line 164, in __call__
    await self.app(scope, receive, _send)
  File "C:\Users\Hugh\Python_venvs\workstation1_venv\Lib\site-packages\starlette\middleware\base.py", line 182, in __call__
    with recv_stream, send_stream, collapse_excgroups():
                                   ~~~~~~~~~~~~~~~~~~^^
  File "C:\Users\Hugh\AppData\Local\Programs\Python\Python313\Lib\contextlib.py", line 162, in __exit__
    self.gen.throw(value)
    ~~~~~~~~~~~~~~^^^^^^^
  File "C:\Users\Hugh\Python_venvs\workstation1_venv\Lib\site-packages\starlette\_utils.py", line 83, in collapse_excgroups
    raise exc
  File "C:\Users\Hugh\Python_venvs\workstation1_venv\Lib\site-packages\starlette\middleware\base.py", line 184, in __call__
    response = await self.dispatch_func(request, call_next)
               ^^^^^^^^^^^^^^^^^^^^^^^^^^^^^^^^^^^^^^^^^^^^
  File "C:\Users\Hugh\Python_venvs\workstation1_venv\Lib\site-packages\nicegui\middlewares.py", line 23, in dispatch
    response = await call_next(request)
               ^^^^^^^^^^^^^^^^^^^^^^^^
  File "C:\Users\Hugh\Python_venvs\workstation1_venv\Lib\site-packages\starlette\middleware\base.py", line 159, in call_next
    raise app_exc
  File "C:\Users\Hugh\Python_venvs\workstation1_venv\Lib\site-packages\starlette\middleware\base.py", line 144, in coro
    await self.app(scope, receive_or_disconnect, send_no_error)
  File "C:\Users\Hugh\Python_venvs\workstation1_venv\Lib\site-packages\starlette\middleware\base.py", line 182, in __call__
    with recv_stream, send_stream, collapse_excgroups():
                                   ~~~~~~~~~~~~~~~~~~^^
  File "C:\Users\Hugh\AppData\Local\Programs\Python\Python313\Lib\contextlib.py", line 162, in __exit__
    self.gen.throw(value)
    ~~~~~~~~~~~~~~^^^^^^^
  File "C:\Users\Hugh\Python_venvs\workstation1_venv\Lib\site-packages\starlette\_utils.py", line 83, in collapse_excgroups
    raise exc
  File "C:\Users\Hugh\Python_venvs\workstation1_venv\Lib\site-packages\starlette\middleware\base.py", line 184, in __call__
    response = await self.dispatch_func(request, call_next)
               ^^^^^^^^^^^^^^^^^^^^^^^^^^^^^^^^^^^^^^^^^^^^
  File "C:\Users\Hugh\Python_venvs\workstation1_venv\Lib\site-packages\nicegui\middlewares.py", line 13, in dispatch
    response = await call_next(request)
               ^^^^^^^^^^^^^^^^^^^^^^^^
  File "C:\Users\Hugh\Python_venvs\workstation1_venv\Lib\site-packages\starlette\middleware\base.py", line 159, in call_next
    raise app_exc
  File "C:\Users\Hugh\Python_venvs\workstation1_venv\Lib\site-packages\starlette\middleware\base.py", line 144, in coro
    await self.app(scope, receive_or_disconnect, send_no_error)
  File "C:\Users\Hugh\Python_venvs\workstation1_venv\Lib\site-packages\starlette\middleware\gzip.py", line 29, in __call__
    await responder(scope, receive, send)
  File "C:\Users\Hugh\Python_venvs\workstation1_venv\Lib\site-packages\starlette\middleware\gzip.py", line 130, in __call__
    await super().__call__(scope, receive, send)
  File "C:\Users\Hugh\Python_venvs\workstation1_venv\Lib\site-packages\starlette\middleware\gzip.py", line 46, in __call__
    await self.app(scope, receive, self.send_with_compression)
  File "C:\Users\Hugh\Python_venvs\workstation1_venv\Lib\site-packages\starlette\middleware\exceptions.py", line 63, in __call__
    await wrap_app_handling_exceptions(self.app, conn)(scope, receive, send)
  File "C:\Users\Hugh\Python_venvs\workstation1_venv\Lib\site-packages\starlette\_exception_handler.py", line 53, in wrapped_app
    raise exc
  File "C:\Users\Hugh\Python_venvs\workstation1_venv\Lib\site-packages\starlette\_exception_handler.py", line 42, in wrapped_app
    await app(scope, receive, sender)
  File "C:\Users\Hugh\Python_venvs\workstation1_venv\Lib\site-packages\starlette\routing.py", line 716, in __call__
    await self.middleware_stack(scope, receive, send)
  File "C:\Users\Hugh\Python_venvs\workstation1_venv\Lib\site-packages\starlette\routing.py", line 736, in app
    await route.handle(scope, receive, send)
  File "C:\Users\Hugh\Python_venvs\workstation1_venv\Lib\site-packages\starlette\routing.py", line 290, in handle
    await self.app(scope, receive, send)
  File "C:\Users\Hugh\Python_venvs\workstation1_venv\Lib\site-packages\starlette\routing.py", line 78, in app
    await wrap_app_handling_exceptions(app, request)(scope, receive, send)
  File "C:\Users\Hugh\Python_venvs\workstation1_venv\Lib\site-packages\starlette\_exception_handler.py", line 53, in wrapped_app
    raise exc
  File "C:\Users\Hugh\Python_venvs\workstation1_venv\Lib\site-packages\starlette\_exception_handler.py", line 42, in wrapped_app
    await app(scope, receive, sender)
  File "C:\Users\Hugh\Python_venvs\workstation1_venv\Lib\site-packages\starlette\routing.py", line 75, in app
    response = await f(request)
               ^^^^^^^^^^^^^^^^
  File "C:\Users\Hugh\Python_venvs\workstation1_venv\Lib\site-packages\fastapi\routing.py", line 302, in app
    raw_response = await run_endpoint_function(
                   ^^^^^^^^^^^^^^^^^^^^^^^^^^^^
    ...<3 lines>...
    )
    ^
  File "C:\Users\Hugh\Python_venvs\workstation1_venv\Lib\site-packages\fastapi\routing.py", line 215, in run_endpoint_function
    return await run_in_threadpool(dependant.call, **values)
           ^^^^^^^^^^^^^^^^^^^^^^^^^^^^^^^^^^^^^^^^^^^^^^^^^
  File "C:\Users\Hugh\Python_venvs\workstation1_venv\Lib\site-packages\starlette\concurrency.py", line 38, in run_in_threadpool
    return await anyio.to_thread.run_sync(func)
           ^^^^^^^^^^^^^^^^^^^^^^^^^^^^^^^^^^^^
  File "C:\Users\Hugh\Python_venvs\workstation1_venv\Lib\site-packages\anyio\to_thread.py", line 56, in run_sync
    return await get_async_backend().run_sync_in_worker_thread(
           ^^^^^^^^^^^^^^^^^^^^^^^^^^^^^^^^^^^^^^^^^^^^^^^^^^^^
        func, args, abandon_on_cancel=abandon_on_cancel, limiter=limiter
        ^^^^^^^^^^^^^^^^^^^^^^^^^^^^^^^^^^^^^^^^^^^^^^^^^^^^^^^^^^^^^^^^
    )
    ^
  File "C:\Users\Hugh\Python_venvs\workstation1_venv\Lib\site-packages\anyio\_backends\_asyncio.py", line 2470, in run_sync_in_worker_thread
    return await future
           ^^^^^^^^^^^^
  File "C:\Users\Hugh\Python_venvs\workstation1_venv\Lib\site-packages\anyio\_backends\_asyncio.py", line 967, in run
    result = context.run(func, *args)
  File "F:\VulcanConnect2025-09\backend\routes.py", line 33, in download_drawings_zip
    content = state.latest_drawings_output.frames_zip
              ^^^^^^^^^^^^^^^^^^^^^^^^^^^^^^^^^^^^^^^
AttributeError: 'UIState' object has no attribute 'frames_zip'
ERROR:nicegui:module 'nicegui.ui' has no attribute 'sleep'
Traceback (most recent call last):
  File "F:\VulcanConnect2025-09\frontend\pages\batch_drawings_export.py", line 62, in start_export_task
    await asyncio.to_thread(process_drawings, ui_state.url_input, ui_state, export_formats, update_notifier, update_progress)
  File "C:\Users\Hugh\AppData\Local\Programs\Python\Python313\Lib\asyncio\threads.py", line 25, in to_thread
    return await loop.run_in_executor(None, func_call)
           ^^^^^^^^^^^^^^^^^^^^^^^^^^^^^^^^^^^^^^^^^^^
  File "C:\Users\Hugh\AppData\Local\Programs\Python\Python313\Lib\concurrent\futures\thread.py", line 59, in run
    result = self.fn(*self.args, **self.kwargs)
  File "F:\VulcanConnect2025-09\frontend\pages\batch_drawings_export.py", line 91, in process_drawings
    ui.run_javascript('window.open("/download-drawings-zip", "_blank")')
    ~~~~~~~~~~~~~~~~~^^^^^^^^^^^^^^^^^^^^^^^^^^^^^^^^^^^^^^^^^^^^^^^^^^^
  File "C:\Users\Hugh\Python_venvs\workstation1_venv\Lib\site-packages\nicegui\functions\javascript.py", line 23, in run_javascript
    return context.client.run_javascript(code, timeout=timeout)
           ^^^^^^^^^^^^^^
  File "C:\Users\Hugh\Python_venvs\workstation1_venv\Lib\site-packages\nicegui\context.py", line 31, in client
    return self.slot.parent.client
           ^^^^^^^^^
  File "C:\Users\Hugh\Python_venvs\workstation1_venv\Lib\site-packages\nicegui\context.py", line 23, in slot
    raise RuntimeError('The current slot cannot be determined because the slot stack for this task is empty.\n'
                       'This may happen if you try to create UI from a background task.\n'
                       'To fix this, enter the target slot explicitly using `with container_element:`.')
RuntimeError: The current slot cannot be determined because the slot stack for this task is empty.
This may happen if you try to create UI from a background task.
To fix this, enter the target slot explicitly using `with container_element:`.

During handling of the above exception, another exception occurred:

Traceback (most recent call last):
  File "C:\Users\Hugh\Python_venvs\workstation1_venv\Lib\site-packages\nicegui\events.py", line 439, in wait_for_result
    await result
  File "F:\VulcanConnect2025-09\frontend\pages\batch_drawings_export.py", line 80, in start_export_task
    await ui.sleep(2)
          ^^^^^^^^
AttributeError: module 'nicegui.ui' has no attribute 'sleep'. Did you mean: 'step'?
ERROR:nicegui:a bytes-like object is required, not '_io.BytesIO'
  + Exception Group Traceback (most recent call last):
  |   File "C:\Users\Hugh\Python_venvs\workstation1_venv\Lib\site-packages\starlette\_utils.py", line 77, in collapse_excgroups
  |     yield
  |   File "C:\Users\Hugh\Python_venvs\workstation1_venv\Lib\site-packages\starlette\middleware\base.py", line 183, in __call__
  |     async with anyio.create_task_group() as task_group:
  |                ~~~~~~~~~~~~~~~~~~~~~~~^^
  |   File "C:\Users\Hugh\Python_venvs\workstation1_venv\Lib\site-packages\anyio\_backends\_asyncio.py", line 772, in __aexit__
  |     raise BaseExceptionGroup(
  |         "unhandled errors in a TaskGroup", self._exceptions
  |     ) from None
  | ExceptionGroup: unhandled errors in a TaskGroup (1 sub-exception)
  +-+---------------- 1 ----------------
    | Traceback (most recent call last):
    |   File "C:\Users\Hugh\Python_venvs\workstation1_venv\Lib\site-packages\starlette\middleware\errors.py", line 164, in __call__
    |     await self.app(scope, receive, _send)
    |   File "C:\Users\Hugh\Python_venvs\workstation1_venv\Lib\site-packages\starlette\middleware\base.py", line 182, in __call__
    |     with recv_stream, send_stream, collapse_excgroups():
    |                                    ~~~~~~~~~~~~~~~~~~^^
    |   File "C:\Users\Hugh\AppData\Local\Programs\Python\Python313\Lib\contextlib.py", line 162, in __exit__
    |     self.gen.throw(value)
    |     ~~~~~~~~~~~~~~^^^^^^^
    |   File "C:\Users\Hugh\Python_venvs\workstation1_venv\Lib\site-packages\starlette\_utils.py", line 83, in collapse_excgroups
    |     raise exc
    |   File "C:\Users\Hugh\Python_venvs\workstation1_venv\Lib\site-packages\starlette\middleware\base.py", line 184, in __call__
    |     response = await self.dispatch_func(request, call_next)
    |                ^^^^^^^^^^^^^^^^^^^^^^^^^^^^^^^^^^^^^^^^^^^^
    |   File "C:\Users\Hugh\Python_venvs\workstation1_venv\Lib\site-packages\nicegui\middlewares.py", line 23, in dispatch
    |     response = await call_next(request)
    |                ^^^^^^^^^^^^^^^^^^^^^^^^
    |   File "C:\Users\Hugh\Python_venvs\workstation1_venv\Lib\site-packages\starlette\middleware\base.py", line 159, in call_next
    |     raise app_exc
    |   File "C:\Users\Hugh\Python_venvs\workstation1_venv\Lib\site-packages\starlette\middleware\base.py", line 144, in coro
    |     await self.app(scope, receive_or_disconnect, send_no_error)
    |   File "C:\Users\Hugh\Python_venvs\workstation1_venv\Lib\site-packages\starlette\middleware\base.py", line 182, in __call__
    |     with recv_stream, send_stream, collapse_excgroups():
    |                                    ~~~~~~~~~~~~~~~~~~^^
    |   File "C:\Users\Hugh\AppData\Local\Programs\Python\Python313\Lib\contextlib.py", line 162, in __exit__
    |     self.gen.throw(value)
    |     ~~~~~~~~~~~~~~^^^^^^^
    |   File "C:\Users\Hugh\Python_venvs\workstation1_venv\Lib\site-packages\starlette\_utils.py", line 83, in collapse_excgroups
    |     raise exc
    |   File "C:\Users\Hugh\Python_venvs\workstation1_venv\Lib\site-packages\starlette\middleware\base.py", line 184, in __call__
    |     response = await self.dispatch_func(request, call_next)
    |                ^^^^^^^^^^^^^^^^^^^^^^^^^^^^^^^^^^^^^^^^^^^^
    |   File "C:\Users\Hugh\Python_venvs\workstation1_venv\Lib\site-packages\nicegui\middlewares.py", line 13, in dispatch
    |     response = await call_next(request)
    |                ^^^^^^^^^^^^^^^^^^^^^^^^
    |   File "C:\Users\Hugh\Python_venvs\workstation1_venv\Lib\site-packages\starlette\middleware\base.py", line 159, in call_next
    |     raise app_exc
    |   File "C:\Users\Hugh\Python_venvs\workstation1_venv\Lib\site-packages\starlette\middleware\base.py", line 144, in coro
    |     await self.app(scope, receive_or_disconnect, send_no_error)
    |   File "C:\Users\Hugh\Python_venvs\workstation1_venv\Lib\site-packages\starlette\middleware\gzip.py", line 29, in __call__
    |     await responder(scope, receive, send)
    |   File "C:\Users\Hugh\Python_venvs\workstation1_venv\Lib\site-packages\starlette\middleware\gzip.py", line 130, in __call__
    |     await super().__call__(scope, receive, send)
    |   File "C:\Users\Hugh\Python_venvs\workstation1_venv\Lib\site-packages\starlette\middleware\gzip.py", line 46, in __call__
    |     await self.app(scope, receive, self.send_with_compression)
    |   File "C:\Users\Hugh\Python_venvs\workstation1_venv\Lib\site-packages\starlette\middleware\exceptions.py", line 63, in __call__
    |     await wrap_app_handling_exceptions(self.app, conn)(scope, receive, send)
    |   File "C:\Users\Hugh\Python_venvs\workstation1_venv\Lib\site-packages\starlette\_exception_handler.py", line 53, in wrapped_app
    |     raise exc
    |   File "C:\Users\Hugh\Python_venvs\workstation1_venv\Lib\site-packages\starlette\_exception_handler.py", line 42, in wrapped_app
    |     await app(scope, receive, sender)
    |   File "C:\Users\Hugh\Python_venvs\workstation1_venv\Lib\site-packages\starlette\routing.py", line 716, in __call__
    |     await self.middleware_stack(scope, receive, send)
    |   File "C:\Users\Hugh\Python_venvs\workstation1_venv\Lib\site-packages\starlette\routing.py", line 736, in app
    |     await route.handle(scope, receive, send)
    |   File "C:\Users\Hugh\Python_venvs\workstation1_venv\Lib\site-packages\starlette\routing.py", line 290, in handle
    |     await self.app(scope, receive, send)
    |   File "C:\Users\Hugh\Python_venvs\workstation1_venv\Lib\site-packages\starlette\routing.py", line 78, in app
    |     await wrap_app_handling_exceptions(app, request)(scope, receive, send)
    |   File "C:\Users\Hugh\Python_venvs\workstation1_venv\Lib\site-packages\starlette\_exception_handler.py", line 53, in wrapped_app
    |     raise exc
    |   File "C:\Users\Hugh\Python_venvs\workstation1_venv\Lib\site-packages\starlette\_exception_handler.py", line 42, in wrapped_app
    |     await app(scope, receive, sender)
    |   File "C:\Users\Hugh\Python_venvs\workstation1_venv\Lib\site-packages\starlette\routing.py", line 75, in app
    |     response = await f(request)
    |                ^^^^^^^^^^^^^^^^
    |   File "C:\Users\Hugh\Python_venvs\workstation1_venv\Lib\site-packages\fastapi\routing.py", line 302, in app
    |     raw_response = await run_endpoint_function(
    |                    ^^^^^^^^^^^^^^^^^^^^^^^^^^^^
    |     ...<3 lines>...
    |     )
    |     ^
    |   File "C:\Users\Hugh\Python_venvs\workstation1_venv\Lib\site-packages\fastapi\routing.py", line 215, in run_endpoint_function
    |     return await run_in_threadpool(dependant.call, **values)
    |            ^^^^^^^^^^^^^^^^^^^^^^^^^^^^^^^^^^^^^^^^^^^^^^^^^
    |   File "C:\Users\Hugh\Python_venvs\workstation1_venv\Lib\site-packages\starlette\concurrency.py", line 38, in run_in_threadpool
    |     return await anyio.to_thread.run_sync(func)
    |            ^^^^^^^^^^^^^^^^^^^^^^^^^^^^^^^^^^^^
    |   File "C:\Users\Hugh\Python_venvs\workstation1_venv\Lib\site-packages\anyio\to_thread.py", line 56, in run_sync
    |     return await get_async_backend().run_sync_in_worker_thread(
    |            ^^^^^^^^^^^^^^^^^^^^^^^^^^^^^^^^^^^^^^^^^^^^^^^^^^^^
    |         func, args, abandon_on_cancel=abandon_on_cancel, limiter=limiter
    |         ^^^^^^^^^^^^^^^^^^^^^^^^^^^^^^^^^^^^^^^^^^^^^^^^^^^^^^^^^^^^^^^^
    |     )
    |     ^
    |   File "C:\Users\Hugh\Python_venvs\workstation1_venv\Lib\site-packages\anyio\_backends\_asyncio.py", line 2470, in run_sync_in_worker_thread
    |     return await future
    |            ^^^^^^^^^^^^
    |   File "C:\Users\Hugh\Python_venvs\workstation1_venv\Lib\site-packages\anyio\_backends\_asyncio.py", line 967, in run
    |     result = context.run(func, *args)
    |   File "F:\VulcanConnect2025-09\backend\routes.py", line 38, in download_drawings_zip
    |     buffer = io.BytesIO(content)
    | TypeError: a bytes-like object is required, not '_io.BytesIO'
    +------------------------------------

During handling of the above exception, another exception occurred:

Traceback (most recent call last):
  File "C:\Users\Hugh\Python_venvs\workstation1_venv\Lib\site-packages\starlette\middleware\errors.py", line 164, in __call__
    await self.app(scope, receive, _send)
  File "C:\Users\Hugh\Python_venvs\workstation1_venv\Lib\site-packages\starlette\middleware\base.py", line 182, in __call__
    with recv_stream, send_stream, collapse_excgroups():
                                   ~~~~~~~~~~~~~~~~~~^^
  File "C:\Users\Hugh\AppData\Local\Programs\Python\Python313\Lib\contextlib.py", line 162, in __exit__
    self.gen.throw(value)
    ~~~~~~~~~~~~~~^^^^^^^
  File "C:\Users\Hugh\Python_venvs\workstation1_venv\Lib\site-packages\starlette\_utils.py", line 83, in collapse_excgroups
    raise exc
  File "C:\Users\Hugh\Python_venvs\workstation1_venv\Lib\site-packages\starlette\middleware\base.py", line 184, in __call__
    response = await self.dispatch_func(request, call_next)
               ^^^^^^^^^^^^^^^^^^^^^^^^^^^^^^^^^^^^^^^^^^^^
  File "C:\Users\Hugh\Python_venvs\workstation1_venv\Lib\site-packages\nicegui\middlewares.py", line 23, in dispatch
    response = await call_next(request)
               ^^^^^^^^^^^^^^^^^^^^^^^^
  File "C:\Users\Hugh\Python_venvs\workstation1_venv\Lib\site-packages\starlette\middleware\base.py", line 159, in call_next
    raise app_exc
  File "C:\Users\Hugh\Python_venvs\workstation1_venv\Lib\site-packages\starlette\middleware\base.py", line 144, in coro
    await self.app(scope, receive_or_disconnect, send_no_error)
  File "C:\Users\Hugh\Python_venvs\workstation1_venv\Lib\site-packages\starlette\middleware\base.py", line 182, in __call__
    with recv_stream, send_stream, collapse_excgroups():
                                   ~~~~~~~~~~~~~~~~~~^^
  File "C:\Users\Hugh\AppData\Local\Programs\Python\Python313\Lib\contextlib.py", line 162, in __exit__
    self.gen.throw(value)
    ~~~~~~~~~~~~~~^^^^^^^
  File "C:\Users\Hugh\Python_venvs\workstation1_venv\Lib\site-packages\starlette\_utils.py", line 83, in collapse_excgroups
    raise exc
  File "C:\Users\Hugh\Python_venvs\workstation1_venv\Lib\site-packages\starlette\middleware\base.py", line 184, in __call__
    response = await self.dispatch_func(request, call_next)
               ^^^^^^^^^^^^^^^^^^^^^^^^^^^^^^^^^^^^^^^^^^^^
  File "C:\Users\Hugh\Python_venvs\workstation1_venv\Lib\site-packages\nicegui\middlewares.py", line 13, in dispatch
    response = await call_next(request)
               ^^^^^^^^^^^^^^^^^^^^^^^^
  File "C:\Users\Hugh\Python_venvs\workstation1_venv\Lib\site-packages\starlette\middleware\base.py", line 159, in call_next
    raise app_exc
  File "C:\Users\Hugh\Python_venvs\workstation1_venv\Lib\site-packages\starlette\middleware\base.py", line 144, in coro
    await self.app(scope, receive_or_disconnect, send_no_error)
  File "C:\Users\Hugh\Python_venvs\workstation1_venv\Lib\site-packages\starlette\middleware\gzip.py", line 29, in __call__
    await responder(scope, receive, send)
  File "C:\Users\Hugh\Python_venvs\workstation1_venv\Lib\site-packages\starlette\middleware\gzip.py", line 130, in __call__
    await super().__call__(scope, receive, send)
  File "C:\Users\Hugh\Python_venvs\workstation1_venv\Lib\site-packages\starlette\middleware\gzip.py", line 46, in __call__
    await self.app(scope, receive, self.send_with_compression)
  File "C:\Users\Hugh\Python_venvs\workstation1_venv\Lib\site-packages\starlette\middleware\exceptions.py", line 63, in __call__
    await wrap_app_handling_exceptions(self.app, conn)(scope, receive, send)
  File "C:\Users\Hugh\Python_venvs\workstation1_venv\Lib\site-packages\starlette\_exception_handler.py", line 53, in wrapped_app
    raise exc
  File "C:\Users\Hugh\Python_venvs\workstation1_venv\Lib\site-packages\starlette\_exception_handler.py", line 42, in wrapped_app
    await app(scope, receive, sender)
  File "C:\Users\Hugh\Python_venvs\workstation1_venv\Lib\site-packages\starlette\routing.py", line 716, in __call__
    await self.middleware_stack(scope, receive, send)
  File "C:\Users\Hugh\Python_venvs\workstation1_venv\Lib\site-packages\starlette\routing.py", line 736, in app
    await route.handle(scope, receive, send)
  File "C:\Users\Hugh\Python_venvs\workstation1_venv\Lib\site-packages\starlette\routing.py", line 290, in handle
    await self.app(scope, receive, send)
  File "C:\Users\Hugh\Python_venvs\workstation1_venv\Lib\site-packages\starlette\routing.py", line 78, in app
    await wrap_app_handling_exceptions(app, request)(scope, receive, send)
  File "C:\Users\Hugh\Python_venvs\workstation1_venv\Lib\site-packages\starlette\_exception_handler.py", line 53, in wrapped_app
    raise exc
  File "C:\Users\Hugh\Python_venvs\workstation1_venv\Lib\site-packages\starlette\_exception_handler.py", line 42, in wrapped_app
    await app(scope, receive, sender)
  File "C:\Users\Hugh\Python_venvs\workstation1_venv\Lib\site-packages\starlette\routing.py", line 75, in app
    response = await f(request)
               ^^^^^^^^^^^^^^^^
  File "C:\Users\Hugh\Python_venvs\workstation1_venv\Lib\site-packages\fastapi\routing.py", line 302, in app
    raw_response = await run_endpoint_function(
                   ^^^^^^^^^^^^^^^^^^^^^^^^^^^^
    ...<3 lines>...
    )
    ^
  File "C:\Users\Hugh\Python_venvs\workstation1_venv\Lib\site-packages\fastapi\routing.py", line 215, in run_endpoint_function
    return await run_in_threadpool(dependant.call, **values)
           ^^^^^^^^^^^^^^^^^^^^^^^^^^^^^^^^^^^^^^^^^^^^^^^^^
  File "C:\Users\Hugh\Python_venvs\workstation1_venv\Lib\site-packages\starlette\concurrency.py", line 38, in run_in_threadpool
    return await anyio.to_thread.run_sync(func)
           ^^^^^^^^^^^^^^^^^^^^^^^^^^^^^^^^^^^^
  File "C:\Users\Hugh\Python_venvs\workstation1_venv\Lib\site-packages\anyio\to_thread.py", line 56, in run_sync
    return await get_async_backend().run_sync_in_worker_thread(
           ^^^^^^^^^^^^^^^^^^^^^^^^^^^^^^^^^^^^^^^^^^^^^^^^^^^^
        func, args, abandon_on_cancel=abandon_on_cancel, limiter=limiter
        ^^^^^^^^^^^^^^^^^^^^^^^^^^^^^^^^^^^^^^^^^^^^^^^^^^^^^^^^^^^^^^^^
    )
    ^
  File "C:\Users\Hugh\Python_venvs\workstation1_venv\Lib\site-packages\anyio\_backends\_asyncio.py", line 2470, in run_sync_in_worker_thread
    return await future
           ^^^^^^^^^^^^
  File "C:\Users\Hugh\Python_venvs\workstation1_venv\Lib\site-packages\anyio\_backends\_asyncio.py", line 967, in run
    result = context.run(func, *args)
  File "F:\VulcanConnect2025-09\backend\routes.py", line 38, in download_drawings_zip
    buffer = io.BytesIO(content)
TypeError: a bytes-like object is required, not '_io.BytesIO'
ERROR:nicegui:module 'nicegui.ui' has no attribute 'sleep'
Traceback (most recent call last):
  File "F:\VulcanConnect2025-09\frontend\pages\batch_drawings_export.py", line 62, in start_export_task
    await asyncio.to_thread(process_drawings, ui_state.url_input, ui_state, export_formats, update_notifier, update_progress)
  File "C:\Users\Hugh\AppData\Local\Programs\Python\Python313\Lib\asyncio\threads.py", line 25, in to_thread
    return await loop.run_in_executor(None, func_call)
           ^^^^^^^^^^^^^^^^^^^^^^^^^^^^^^^^^^^^^^^^^^^
  File "C:\Users\Hugh\AppData\Local\Programs\Python\Python313\Lib\concurrent\futures\thread.py", line 59, in run
    result = self.fn(*self.args, **self.kwargs)
  File "F:\VulcanConnect2025-09\frontend\pages\batch_drawings_export.py", line 91, in process_drawings
    ui.run_javascript('window.open("/download-drawings-zip", "_blank")')
    ~~~~~~~~~~~~~~~~~^^^^^^^^^^^^^^^^^^^^^^^^^^^^^^^^^^^^^^^^^^^^^^^^^^^
  File "C:\Users\Hugh\Python_venvs\workstation1_venv\Lib\site-packages\nicegui\functions\javascript.py", line 23, in run_javascript
    return context.client.run_javascript(code, timeout=timeout)
           ^^^^^^^^^^^^^^
  File "C:\Users\Hugh\Python_venvs\workstation1_venv\Lib\site-packages\nicegui\context.py", line 31, in client
    return self.slot.parent.client
           ^^^^^^^^^
  File "C:\Users\Hugh\Python_venvs\workstation1_venv\Lib\site-packages\nicegui\context.py", line 23, in slot
    raise RuntimeError('The current slot cannot be determined because the slot stack for this task is empty.\n'
                       'This may happen if you try to create UI from a background task.\n'
                       'To fix this, enter the target slot explicitly using `with container_element:`.')
RuntimeError: The current slot cannot be determined because the slot stack for this task is empty.
This may happen if you try to create UI from a background task.
To fix this, enter the target slot explicitly using `with container_element:`.

During handling of the above exception, another exception occurred:

Traceback (most recent call last):
  File "C:\Users\Hugh\Python_venvs\workstation1_venv\Lib\site-packages\nicegui\events.py", line 439, in wait_for_result
    await result
  File "F:\VulcanConnect2025-09\frontend\pages\batch_drawings_export.py", line 80, in start_export_task
    await ui.sleep(2)
          ^^^^^^^^
AttributeError: module 'nicegui.ui' has no attribute 'sleep'. Did you mean: 'step'?
ERROR:nicegui:options_page() missing 1 required positional argument: 'ui_state'
  + Exception Group Traceback (most recent call last):
  |   File "C:\Users\Hugh\Python_venvs\workstation1_venv\Lib\site-packages\starlette\_utils.py", line 77, in collapse_excgroups
  |     yield
  |   File "C:\Users\Hugh\Python_venvs\workstation1_venv\Lib\site-packages\starlette\middleware\base.py", line 183, in __call__
  |     async with anyio.create_task_group() as task_group:
  |                ~~~~~~~~~~~~~~~~~~~~~~~^^
  |   File "C:\Users\Hugh\Python_venvs\workstation1_venv\Lib\site-packages\anyio\_backends\_asyncio.py", line 772, in __aexit__
  |     raise BaseExceptionGroup(
  |         "unhandled errors in a TaskGroup", self._exceptions
  |     ) from None
  | ExceptionGroup: unhandled errors in a TaskGroup (1 sub-exception)
  +-+---------------- 1 ----------------
    | Traceback (most recent call last):
    |   File "C:\Users\Hugh\Python_venvs\workstation1_venv\Lib\site-packages\starlette\middleware\errors.py", line 164, in __call__
    |     await self.app(scope, receive, _send)
    |   File "C:\Users\Hugh\Python_venvs\workstation1_venv\Lib\site-packages\starlette\middleware\base.py", line 182, in __call__
    |     with recv_stream, send_stream, collapse_excgroups():
    |                                    ~~~~~~~~~~~~~~~~~~^^
    |   File "C:\Users\Hugh\AppData\Local\Programs\Python\Python313\Lib\contextlib.py", line 162, in __exit__
    |     self.gen.throw(value)
    |     ~~~~~~~~~~~~~~^^^^^^^
    |   File "C:\Users\Hugh\Python_venvs\workstation1_venv\Lib\site-packages\starlette\_utils.py", line 83, in collapse_excgroups
    |     raise exc
    |   File "C:\Users\Hugh\Python_venvs\workstation1_venv\Lib\site-packages\starlette\middleware\base.py", line 184, in __call__
    |     response = await self.dispatch_func(request, call_next)
    |                ^^^^^^^^^^^^^^^^^^^^^^^^^^^^^^^^^^^^^^^^^^^^
    |   File "C:\Users\Hugh\Python_venvs\workstation1_venv\Lib\site-packages\nicegui\middlewares.py", line 23, in dispatch
    |     response = await call_next(request)
    |                ^^^^^^^^^^^^^^^^^^^^^^^^
    |   File "C:\Users\Hugh\Python_venvs\workstation1_venv\Lib\site-packages\starlette\middleware\base.py", line 159, in call_next
    |     raise app_exc
    |   File "C:\Users\Hugh\Python_venvs\workstation1_venv\Lib\site-packages\starlette\middleware\base.py", line 144, in coro
    |     await self.app(scope, receive_or_disconnect, send_no_error)
    |   File "C:\Users\Hugh\Python_venvs\workstation1_venv\Lib\site-packages\starlette\middleware\base.py", line 182, in __call__
    |     with recv_stream, send_stream, collapse_excgroups():
    |                                    ~~~~~~~~~~~~~~~~~~^^
    |   File "C:\Users\Hugh\AppData\Local\Programs\Python\Python313\Lib\contextlib.py", line 162, in __exit__
    |     self.gen.throw(value)
    |     ~~~~~~~~~~~~~~^^^^^^^
    |   File "C:\Users\Hugh\Python_venvs\workstation1_venv\Lib\site-packages\starlette\_utils.py", line 83, in collapse_excgroups
    |     raise exc
    |   File "C:\Users\Hugh\Python_venvs\workstation1_venv\Lib\site-packages\starlette\middleware\base.py", line 184, in __call__
    |     response = await self.dispatch_func(request, call_next)
    |                ^^^^^^^^^^^^^^^^^^^^^^^^^^^^^^^^^^^^^^^^^^^^
    |   File "C:\Users\Hugh\Python_venvs\workstation1_venv\Lib\site-packages\nicegui\middlewares.py", line 13, in dispatch
    |     response = await call_next(request)
    |                ^^^^^^^^^^^^^^^^^^^^^^^^
    |   File "C:\Users\Hugh\Python_venvs\workstation1_venv\Lib\site-packages\starlette\middleware\base.py", line 159, in call_next
    |     raise app_exc
    |   File "C:\Users\Hugh\Python_venvs\workstation1_venv\Lib\site-packages\starlette\middleware\base.py", line 144, in coro
    |     await self.app(scope, receive_or_disconnect, send_no_error)
    |   File "C:\Users\Hugh\Python_venvs\workstation1_venv\Lib\site-packages\starlette\middleware\gzip.py", line 29, in __call__
    |     await responder(scope, receive, send)
    |   File "C:\Users\Hugh\Python_venvs\workstation1_venv\Lib\site-packages\starlette\middleware\gzip.py", line 130, in __call__
    |     await super().__call__(scope, receive, send)
    |   File "C:\Users\Hugh\Python_venvs\workstation1_venv\Lib\site-packages\starlette\middleware\gzip.py", line 46, in __call__
    |     await self.app(scope, receive, self.send_with_compression)
    |   File "C:\Users\Hugh\Python_venvs\workstation1_venv\Lib\site-packages\starlette\middleware\exceptions.py", line 63, in __call__
    |     await wrap_app_handling_exceptions(self.app, conn)(scope, receive, send)
    |   File "C:\Users\Hugh\Python_venvs\workstation1_venv\Lib\site-packages\starlette\_exception_handler.py", line 53, in wrapped_app
    |     raise exc
    |   File "C:\Users\Hugh\Python_venvs\workstation1_venv\Lib\site-packages\starlette\_exception_handler.py", line 42, in wrapped_app
    |     await app(scope, receive, sender)
    |   File "C:\Users\Hugh\Python_venvs\workstation1_venv\Lib\site-packages\starlette\routing.py", line 716, in __call__
    |     await self.middleware_stack(scope, receive, send)
    |   File "C:\Users\Hugh\Python_venvs\workstation1_venv\Lib\site-packages\starlette\routing.py", line 736, in app
    |     await route.handle(scope, receive, send)
    |   File "C:\Users\Hugh\Python_venvs\workstation1_venv\Lib\site-packages\starlette\routing.py", line 290, in handle
    |     await self.app(scope, receive, send)
    |   File "C:\Users\Hugh\Python_venvs\workstation1_venv\Lib\site-packages\starlette\routing.py", line 78, in app
    |     await wrap_app_handling_exceptions(app, request)(scope, receive, send)
    |   File "C:\Users\Hugh\Python_venvs\workstation1_venv\Lib\site-packages\starlette\_exception_handler.py", line 53, in wrapped_app
    |     raise exc
    |   File "C:\Users\Hugh\Python_venvs\workstation1_venv\Lib\site-packages\starlette\_exception_handler.py", line 42, in wrapped_app
    |     await app(scope, receive, sender)
    |   File "C:\Users\Hugh\Python_venvs\workstation1_venv\Lib\site-packages\starlette\routing.py", line 75, in app
    |     response = await f(request)
    |                ^^^^^^^^^^^^^^^^
    |   File "C:\Users\Hugh\Python_venvs\workstation1_venv\Lib\site-packages\fastapi\routing.py", line 302, in app
    |     raw_response = await run_endpoint_function(
    |                    ^^^^^^^^^^^^^^^^^^^^^^^^^^^^
    |     ...<3 lines>...
    |     )
    |     ^
    |   File "C:\Users\Hugh\Python_venvs\workstation1_venv\Lib\site-packages\fastapi\routing.py", line 213, in run_endpoint_function
    |     return await dependant.call(**values)
    |            ^^^^^^^^^^^^^^^^^^^^^^^^^^^^^^
    |   File "C:\Users\Hugh\Python_venvs\workstation1_venv\Lib\site-packages\nicegui\page.py", line 148, in decorated
    |     return create_error_page(e, request)
    |   File "C:\Users\Hugh\Python_venvs\workstation1_venv\Lib\site-packages\nicegui\page.py", line 115, in create_error_page
    |     raise e
    |   File "C:\Users\Hugh\Python_venvs\workstation1_venv\Lib\site-packages\nicegui\page.py", line 146, in decorated
    |     result = func(*dec_args, **dec_kwargs)
    |   File "F:\VulcanConnect2025-09\frontend\pages\profiles_export.py", line 15, in profiles_export_page
    |     options_page()
    |     ~~~~~~~~~~~~^^
    | TypeError: options_page() missing 1 required positional argument: 'ui_state'
    +------------------------------------

During handling of the above exception, another exception occurred:

Traceback (most recent call last):
  File "C:\Users\Hugh\Python_venvs\workstation1_venv\Lib\site-packages\starlette\middleware\errors.py", line 164, in __call__
    await self.app(scope, receive, _send)
  File "C:\Users\Hugh\Python_venvs\workstation1_venv\Lib\site-packages\starlette\middleware\base.py", line 182, in __call__
    with recv_stream, send_stream, collapse_excgroups():
                                   ~~~~~~~~~~~~~~~~~~^^
  File "C:\Users\Hugh\AppData\Local\Programs\Python\Python313\Lib\contextlib.py", line 162, in __exit__
    self.gen.throw(value)
    ~~~~~~~~~~~~~~^^^^^^^
  File "C:\Users\Hugh\Python_venvs\workstation1_venv\Lib\site-packages\starlette\_utils.py", line 83, in collapse_excgroups
    raise exc
  File "C:\Users\Hugh\Python_venvs\workstation1_venv\Lib\site-packages\starlette\middleware\base.py", line 184, in __call__
    response = await self.dispatch_func(request, call_next)
               ^^^^^^^^^^^^^^^^^^^^^^^^^^^^^^^^^^^^^^^^^^^^
  File "C:\Users\Hugh\Python_venvs\workstation1_venv\Lib\site-packages\nicegui\middlewares.py", line 23, in dispatch
    response = await call_next(request)
               ^^^^^^^^^^^^^^^^^^^^^^^^
  File "C:\Users\Hugh\Python_venvs\workstation1_venv\Lib\site-packages\starlette\middleware\base.py", line 159, in call_next
    raise app_exc
  File "C:\Users\Hugh\Python_venvs\workstation1_venv\Lib\site-packages\starlette\middleware\base.py", line 144, in coro
    await self.app(scope, receive_or_disconnect, send_no_error)
  File "C:\Users\Hugh\Python_venvs\workstation1_venv\Lib\site-packages\starlette\middleware\base.py", line 182, in __call__
    with recv_stream, send_stream, collapse_excgroups():
                                   ~~~~~~~~~~~~~~~~~~^^
  File "C:\Users\Hugh\AppData\Local\Programs\Python\Python313\Lib\contextlib.py", line 162, in __exit__
    self.gen.throw(value)
    ~~~~~~~~~~~~~~^^^^^^^
  File "C:\Users\Hugh\Python_venvs\workstation1_venv\Lib\site-packages\starlette\_utils.py", line 83, in collapse_excgroups
    raise exc
  File "C:\Users\Hugh\Python_venvs\workstation1_venv\Lib\site-packages\starlette\middleware\base.py", line 184, in __call__
    response = await self.dispatch_func(request, call_next)
               ^^^^^^^^^^^^^^^^^^^^^^^^^^^^^^^^^^^^^^^^^^^^
  File "C:\Users\Hugh\Python_venvs\workstation1_venv\Lib\site-packages\nicegui\middlewares.py", line 13, in dispatch
    response = await call_next(request)
               ^^^^^^^^^^^^^^^^^^^^^^^^
  File "C:\Users\Hugh\Python_venvs\workstation1_venv\Lib\site-packages\starlette\middleware\base.py", line 159, in call_next
    raise app_exc
  File "C:\Users\Hugh\Python_venvs\workstation1_venv\Lib\site-packages\starlette\middleware\base.py", line 144, in coro
    await self.app(scope, receive_or_disconnect, send_no_error)
  File "C:\Users\Hugh\Python_venvs\workstation1_venv\Lib\site-packages\starlette\middleware\gzip.py", line 29, in __call__
    await responder(scope, receive, send)
  File "C:\Users\Hugh\Python_venvs\workstation1_venv\Lib\site-packages\starlette\middleware\gzip.py", line 130, in __call__
    await super().__call__(scope, receive, send)
  File "C:\Users\Hugh\Python_venvs\workstation1_venv\Lib\site-packages\starlette\middleware\gzip.py", line 46, in __call__
    await self.app(scope, receive, self.send_with_compression)
  File "C:\Users\Hugh\Python_venvs\workstation1_venv\Lib\site-packages\starlette\middleware\exceptions.py", line 63, in __call__
    await wrap_app_handling_exceptions(self.app, conn)(scope, receive, send)
  File "C:\Users\Hugh\Python_venvs\workstation1_venv\Lib\site-packages\starlette\_exception_handler.py", line 53, in wrapped_app
    raise exc
  File "C:\Users\Hugh\Python_venvs\workstation1_venv\Lib\site-packages\starlette\_exception_handler.py", line 42, in wrapped_app
    await app(scope, receive, sender)
  File "C:\Users\Hugh\Python_venvs\workstation1_venv\Lib\site-packages\starlette\routing.py", line 716, in __call__
    await self.middleware_stack(scope, receive, send)
  File "C:\Users\Hugh\Python_venvs\workstation1_venv\Lib\site-packages\starlette\routing.py", line 736, in app
    await route.handle(scope, receive, send)
  File "C:\Users\Hugh\Python_venvs\workstation1_venv\Lib\site-packages\starlette\routing.py", line 290, in handle
    await self.app(scope, receive, send)
  File "C:\Users\Hugh\Python_venvs\workstation1_venv\Lib\site-packages\starlette\routing.py", line 78, in app
    await wrap_app_handling_exceptions(app, request)(scope, receive, send)
  File "C:\Users\Hugh\Python_venvs\workstation1_venv\Lib\site-packages\starlette\_exception_handler.py", line 53, in wrapped_app
    raise exc
  File "C:\Users\Hugh\Python_venvs\workstation1_venv\Lib\site-packages\starlette\_exception_handler.py", line 42, in wrapped_app
    await app(scope, receive, sender)
  File "C:\Users\Hugh\Python_venvs\workstation1_venv\Lib\site-packages\starlette\routing.py", line 75, in app
    response = await f(request)
               ^^^^^^^^^^^^^^^^
  File "C:\Users\Hugh\Python_venvs\workstation1_venv\Lib\site-packages\fastapi\routing.py", line 302, in app
    raw_response = await run_endpoint_function(
                   ^^^^^^^^^^^^^^^^^^^^^^^^^^^^
    ...<3 lines>...
    )
    ^
  File "C:\Users\Hugh\Python_venvs\workstation1_venv\Lib\site-packages\fastapi\routing.py", line 213, in run_endpoint_function
    return await dependant.call(**values)
           ^^^^^^^^^^^^^^^^^^^^^^^^^^^^^^
  File "C:\Users\Hugh\Python_venvs\workstation1_venv\Lib\site-packages\nicegui\page.py", line 148, in decorated
    return create_error_page(e, request)
  File "C:\Users\Hugh\Python_venvs\workstation1_venv\Lib\site-packages\nicegui\page.py", line 115, in create_error_page
    raise e
  File "C:\Users\Hugh\Python_venvs\workstation1_venv\Lib\site-packages\nicegui\page.py", line 146, in decorated
    result = func(*dec_args, **dec_kwargs)
  File "F:\VulcanConnect2025-09\frontend\pages\profiles_export.py", line 15, in profiles_export_page
    options_page()
    ~~~~~~~~~~~~^^
TypeError: options_page() missing 1 required positional argument: 'ui_state'
ERROR:nicegui:'Label' object has no attribute 'add_to'
Traceback (most recent call last):
  File "C:\Users\Hugh\Python_venvs\workstation1_venv\Lib\site-packages\nicegui\events.py", line 433, in handle_event
    result = cast(Callable[[], Any], handler)()
  File "F:\VulcanConnect2025-09\frontend\pages\profiles_export.py", line 23, in find_and_display
    ui.label(results).style('color: green').add_to(tab)
    ^^^^^^^^^^^^^^^^^^^^^^^^^^^^^^^^^^^^^^^^^^^^^^
AttributeError: 'Label' object has no attribute 'add_to'
ERROR:nicegui:'Label' object has no attribute 'add_to'
Traceback (most recent call last):
  File "C:\Users\Hugh\Python_venvs\workstation1_venv\Lib\site-packages\nicegui\events.py", line 433, in handle_event
    result = cast(Callable[[], Any], handler)()
  File "F:\VulcanConnect2025-09\frontend\pages\profiles_export.py", line 23, in find_and_display
    ui.label(results).style('color: green').add_to(tab)
    ^^^^^^^^^^^^^^^^^^^^^^^^^^^^^^^^^^^^^^^^^^^^^^
AttributeError: 'Label' object has no attribute 'add_to'
ERROR:nicegui:[Errno 2] No such file or directory: '/user_data/hugh/SupplierDetails.json'
  + Exception Group Traceback (most recent call last):
  |   File "C:\Users\Hugh\Python_venvs\laptop_onshape_venv\lib\site-packages\starlette\_utils.py", line 77, in collapse_excgroups
  |     yield
  |   File "C:\Users\Hugh\Python_venvs\laptop_onshape_venv\lib\site-packages\starlette\middleware\base.py", line 183, in __call__
  |     async with anyio.create_task_group() as task_group:
  |   File "C:\Users\Hugh\Python_venvs\laptop_onshape_venv\lib\site-packages\anyio\_backends\_asyncio.py", line 772, in __aexit__
  |     raise BaseExceptionGroup(
  | exceptiongroup.ExceptionGroup: unhandled errors in a TaskGroup (1 sub-exception)
  +-+---------------- 1 ----------------
    | Traceback (most recent call last):
    |   File "C:\Users\Hugh\Python_venvs\laptop_onshape_venv\lib\site-packages\starlette\middleware\errors.py", line 164, in __call__
    |     await self.app(scope, receive, _send)
    |   File "C:\Users\Hugh\Python_venvs\laptop_onshape_venv\lib\site-packages\starlette\middleware\base.py", line 182, in __call__
    |     with recv_stream, send_stream, collapse_excgroups():
    |   File "C:\Users\Hugh\AppData\Local\Programs\Python\Python310\lib\contextlib.py", line 153, in __exit__
    |     self.gen.throw(typ, value, traceback)
    |   File "C:\Users\Hugh\Python_venvs\laptop_onshape_venv\lib\site-packages\starlette\_utils.py", line 83, in collapse_excgroups
    |     raise exc
    |   File "C:\Users\Hugh\Python_venvs\laptop_onshape_venv\lib\site-packages\starlette\middleware\base.py", line 184, in __call__
    |     response = await self.dispatch_func(request, call_next)
    |   File "C:\Users\Hugh\Python_venvs\laptop_onshape_venv\lib\site-packages\nicegui\middlewares.py", line 23, in dispatch
    |     response = await call_next(request)
    |   File "C:\Users\Hugh\Python_venvs\laptop_onshape_venv\lib\site-packages\starlette\middleware\base.py", line 159, in call_next
    |     raise app_exc
    |   File "C:\Users\Hugh\Python_venvs\laptop_onshape_venv\lib\site-packages\starlette\middleware\base.py", line 144, in coro
    |     await self.app(scope, receive_or_disconnect, send_no_error)
    |   File "C:\Users\Hugh\Python_venvs\laptop_onshape_venv\lib\site-packages\starlette\middleware\base.py", line 182, in __call__
    |     with recv_stream, send_stream, collapse_excgroups():
    |   File "C:\Users\Hugh\AppData\Local\Programs\Python\Python310\lib\contextlib.py", line 153, in __exit__
    |     self.gen.throw(typ, value, traceback)
    |   File "C:\Users\Hugh\Python_venvs\laptop_onshape_venv\lib\site-packages\starlette\_utils.py", line 83, in collapse_excgroups
    |     raise exc
    |   File "C:\Users\Hugh\Python_venvs\laptop_onshape_venv\lib\site-packages\starlette\middleware\base.py", line 184, in __call__
    |     response = await self.dispatch_func(request, call_next)
    |   File "C:\Users\Hugh\Python_venvs\laptop_onshape_venv\lib\site-packages\nicegui\middlewares.py", line 13, in dispatch
    |     response = await call_next(request)
    |   File "C:\Users\Hugh\Python_venvs\laptop_onshape_venv\lib\site-packages\starlette\middleware\base.py", line 159, in call_next
    |     raise app_exc
    |   File "C:\Users\Hugh\Python_venvs\laptop_onshape_venv\lib\site-packages\starlette\middleware\base.py", line 144, in coro
    |     await self.app(scope, receive_or_disconnect, send_no_error)
    |   File "C:\Users\Hugh\Python_venvs\laptop_onshape_venv\lib\site-packages\starlette\middleware\gzip.py", line 29, in __call__
    |     await responder(scope, receive, send)
    |   File "C:\Users\Hugh\Python_venvs\laptop_onshape_venv\lib\site-packages\starlette\middleware\gzip.py", line 130, in __call__
    |     await super().__call__(scope, receive, send)
    |   File "C:\Users\Hugh\Python_venvs\laptop_onshape_venv\lib\site-packages\starlette\middleware\gzip.py", line 46, in __call__
    |     await self.app(scope, receive, self.send_with_compression)
    |   File "C:\Users\Hugh\Python_venvs\laptop_onshape_venv\lib\site-packages\starlette\middleware\exceptions.py", line 63, in __call__
    |     await wrap_app_handling_exceptions(self.app, conn)(scope, receive, send)
    |   File "C:\Users\Hugh\Python_venvs\laptop_onshape_venv\lib\site-packages\starlette\_exception_handler.py", line 53, in wrapped_app
    |     raise exc
    |   File "C:\Users\Hugh\Python_venvs\laptop_onshape_venv\lib\site-packages\starlette\_exception_handler.py", line 42, in wrapped_app
    |     await app(scope, receive, sender)
    |   File "C:\Users\Hugh\Python_venvs\laptop_onshape_venv\lib\site-packages\starlette\routing.py", line 716, in __call__
    |     await self.middleware_stack(scope, receive, send)
    |   File "C:\Users\Hugh\Python_venvs\laptop_onshape_venv\lib\site-packages\starlette\routing.py", line 736, in app
    |     await route.handle(scope, receive, send)
    |   File "C:\Users\Hugh\Python_venvs\laptop_onshape_venv\lib\site-packages\starlette\routing.py", line 290, in handle
    |     await self.app(scope, receive, send)
    |   File "C:\Users\Hugh\Python_venvs\laptop_onshape_venv\lib\site-packages\starlette\routing.py", line 78, in app
    |     await wrap_app_handling_exceptions(app, request)(scope, receive, send)
    |   File "C:\Users\Hugh\Python_venvs\laptop_onshape_venv\lib\site-packages\starlette\_exception_handler.py", line 53, in wrapped_app
    |     raise exc
    |   File "C:\Users\Hugh\Python_venvs\laptop_onshape_venv\lib\site-packages\starlette\_exception_handler.py", line 42, in wrapped_app
    |     await app(scope, receive, sender)
    |   File "C:\Users\Hugh\Python_venvs\laptop_onshape_venv\lib\site-packages\starlette\routing.py", line 75, in app
    |     response = await f(request)
    |   File "C:\Users\Hugh\Python_venvs\laptop_onshape_venv\lib\site-packages\fastapi\routing.py", line 302, in app
    |     raw_response = await run_endpoint_function(
    |   File "C:\Users\Hugh\Python_venvs\laptop_onshape_venv\lib\site-packages\fastapi\routing.py", line 213, in run_endpoint_function
    |     return await dependant.call(**values)
    |   File "C:\Users\Hugh\Python_venvs\laptop_onshape_venv\lib\site-packages\nicegui\page.py", line 148, in decorated
    |     return create_error_page(e, request)
    |   File "C:\Users\Hugh\Python_venvs\laptop_onshape_venv\lib\site-packages\nicegui\page.py", line 115, in create_error_page
    |     raise e
    |   File "C:\Users\Hugh\Python_venvs\laptop_onshape_venv\lib\site-packages\nicegui\page.py", line 146, in decorated
    |     result = func(*dec_args, **dec_kwargs)
    |   File "E:\VulcanConnect2025-09\frontend\pages\profiles_export.py", line 21, in profiles_export_page
    |     options_page(ui_state)
    |   File "E:\VulcanConnect2025-09\frontend\pages\profiles_export.py", line 40, in options_page
    |     with open("/user_data/hugh/SupplierDetails.json", "r") as f:
    | FileNotFoundError: [Errno 2] No such file or directory: '/user_data/hugh/SupplierDetails.json'
    +------------------------------------

During handling of the above exception, another exception occurred:

Traceback (most recent call last):
  File "C:\Users\Hugh\Python_venvs\laptop_onshape_venv\lib\site-packages\starlette\middleware\errors.py", line 164, in __call__
    await self.app(scope, receive, _send)
  File "C:\Users\Hugh\Python_venvs\laptop_onshape_venv\lib\site-packages\starlette\middleware\base.py", line 182, in __call__
    with recv_stream, send_stream, collapse_excgroups():
  File "C:\Users\Hugh\AppData\Local\Programs\Python\Python310\lib\contextlib.py", line 153, in __exit__
    self.gen.throw(typ, value, traceback)
  File "C:\Users\Hugh\Python_venvs\laptop_onshape_venv\lib\site-packages\starlette\_utils.py", line 83, in collapse_excgroups
    raise exc
  File "C:\Users\Hugh\Python_venvs\laptop_onshape_venv\lib\site-packages\starlette\middleware\base.py", line 184, in __call__
    response = await self.dispatch_func(request, call_next)
  File "C:\Users\Hugh\Python_venvs\laptop_onshape_venv\lib\site-packages\nicegui\middlewares.py", line 23, in dispatch
    response = await call_next(request)
  File "C:\Users\Hugh\Python_venvs\laptop_onshape_venv\lib\site-packages\starlette\middleware\base.py", line 159, in call_next
    raise app_exc
  File "C:\Users\Hugh\Python_venvs\laptop_onshape_venv\lib\site-packages\starlette\middleware\base.py", line 144, in coro
    await self.app(scope, receive_or_disconnect, send_no_error)
  File "C:\Users\Hugh\Python_venvs\laptop_onshape_venv\lib\site-packages\starlette\middleware\base.py", line 182, in __call__
    with recv_stream, send_stream, collapse_excgroups():
  File "C:\Users\Hugh\AppData\Local\Programs\Python\Python310\lib\contextlib.py", line 153, in __exit__
    self.gen.throw(typ, value, traceback)
  File "C:\Users\Hugh\Python_venvs\laptop_onshape_venv\lib\site-packages\starlette\_utils.py", line 83, in collapse_excgroups
    raise exc
  File "C:\Users\Hugh\Python_venvs\laptop_onshape_venv\lib\site-packages\starlette\middleware\base.py", line 184, in __call__
    response = await self.dispatch_func(request, call_next)
  File "C:\Users\Hugh\Python_venvs\laptop_onshape_venv\lib\site-packages\nicegui\middlewares.py", line 13, in dispatch
    response = await call_next(request)
  File "C:\Users\Hugh\Python_venvs\laptop_onshape_venv\lib\site-packages\starlette\middleware\base.py", line 159, in call_next
    raise app_exc
  File "C:\Users\Hugh\Python_venvs\laptop_onshape_venv\lib\site-packages\starlette\middleware\base.py", line 144, in coro
    await self.app(scope, receive_or_disconnect, send_no_error)
  File "C:\Users\Hugh\Python_venvs\laptop_onshape_venv\lib\site-packages\starlette\middleware\gzip.py", line 29, in __call__
    await responder(scope, receive, send)
  File "C:\Users\Hugh\Python_venvs\laptop_onshape_venv\lib\site-packages\starlette\middleware\gzip.py", line 130, in __call__
    await super().__call__(scope, receive, send)
  File "C:\Users\Hugh\Python_venvs\laptop_onshape_venv\lib\site-packages\starlette\middleware\gzip.py", line 46, in __call__
    await self.app(scope, receive, self.send_with_compression)
  File "C:\Users\Hugh\Python_venvs\laptop_onshape_venv\lib\site-packages\starlette\middleware\exceptions.py", line 63, in __call__
    await wrap_app_handling_exceptions(self.app, conn)(scope, receive, send)
  File "C:\Users\Hugh\Python_venvs\laptop_onshape_venv\lib\site-packages\starlette\_exception_handler.py", line 53, in wrapped_app
    raise exc
  File "C:\Users\Hugh\Python_venvs\laptop_onshape_venv\lib\site-packages\starlette\_exception_handler.py", line 42, in wrapped_app
    await app(scope, receive, sender)
  File "C:\Users\Hugh\Python_venvs\laptop_onshape_venv\lib\site-packages\starlette\routing.py", line 716, in __call__
    await self.middleware_stack(scope, receive, send)
  File "C:\Users\Hugh\Python_venvs\laptop_onshape_venv\lib\site-packages\starlette\routing.py", line 736, in app
    await route.handle(scope, receive, send)
  File "C:\Users\Hugh\Python_venvs\laptop_onshape_venv\lib\site-packages\starlette\routing.py", line 290, in handle
    await self.app(scope, receive, send)
  File "C:\Users\Hugh\Python_venvs\laptop_onshape_venv\lib\site-packages\starlette\routing.py", line 78, in app
    await wrap_app_handling_exceptions(app, request)(scope, receive, send)
  File "C:\Users\Hugh\Python_venvs\laptop_onshape_venv\lib\site-packages\starlette\_exception_handler.py", line 53, in wrapped_app
    raise exc
  File "C:\Users\Hugh\Python_venvs\laptop_onshape_venv\lib\site-packages\starlette\_exception_handler.py", line 42, in wrapped_app
    await app(scope, receive, sender)
  File "C:\Users\Hugh\Python_venvs\laptop_onshape_venv\lib\site-packages\starlette\routing.py", line 75, in app
    response = await f(request)
  File "C:\Users\Hugh\Python_venvs\laptop_onshape_venv\lib\site-packages\fastapi\routing.py", line 302, in app
    raw_response = await run_endpoint_function(
  File "C:\Users\Hugh\Python_venvs\laptop_onshape_venv\lib\site-packages\fastapi\routing.py", line 213, in run_endpoint_function
    return await dependant.call(**values)
  File "C:\Users\Hugh\Python_venvs\laptop_onshape_venv\lib\site-packages\nicegui\page.py", line 148, in decorated
    return create_error_page(e, request)
  File "C:\Users\Hugh\Python_venvs\laptop_onshape_venv\lib\site-packages\nicegui\page.py", line 115, in create_error_page
    raise e
  File "C:\Users\Hugh\Python_venvs\laptop_onshape_venv\lib\site-packages\nicegui\page.py", line 146, in decorated
    result = func(*dec_args, **dec_kwargs)
  File "E:\VulcanConnect2025-09\frontend\pages\profiles_export.py", line 21, in profiles_export_page
    options_page(ui_state)
  File "E:\VulcanConnect2025-09\frontend\pages\profiles_export.py", line 40, in options_page
    with open("/user_data/hugh/SupplierDetails.json", "r") as f:
FileNotFoundError: [Errno 2] No such file or directory: '/user_data/hugh/SupplierDetails.json'
ERROR:nicegui:'ProfilesUIState' object has no attribute 'ui_user_options'
  + Exception Group Traceback (most recent call last):
  |   File "C:\Users\Hugh\Python_venvs\laptop_onshape_venv\lib\site-packages\starlette\_utils.py", line 77, in collapse_excgroups
  |     yield
  |   File "C:\Users\Hugh\Python_venvs\laptop_onshape_venv\lib\site-packages\starlette\middleware\base.py", line 183, in __call__
  |     async with anyio.create_task_group() as task_group:
  |   File "C:\Users\Hugh\Python_venvs\laptop_onshape_venv\lib\site-packages\anyio\_backends\_asyncio.py", line 772, in __aexit__
  |     raise BaseExceptionGroup(
  | exceptiongroup.ExceptionGroup: unhandled errors in a TaskGroup (1 sub-exception)
  +-+---------------- 1 ----------------
    | Traceback (most recent call last):
    |   File "C:\Users\Hugh\Python_venvs\laptop_onshape_venv\lib\site-packages\starlette\middleware\errors.py", line 164, in __call__
    |     await self.app(scope, receive, _send)
    |   File "C:\Users\Hugh\Python_venvs\laptop_onshape_venv\lib\site-packages\starlette\middleware\base.py", line 182, in __call__
    |     with recv_stream, send_stream, collapse_excgroups():
    |   File "C:\Users\Hugh\AppData\Local\Programs\Python\Python310\lib\contextlib.py", line 153, in __exit__
    |     self.gen.throw(typ, value, traceback)
    |   File "C:\Users\Hugh\Python_venvs\laptop_onshape_venv\lib\site-packages\starlette\_utils.py", line 83, in collapse_excgroups
    |     raise exc
    |   File "C:\Users\Hugh\Python_venvs\laptop_onshape_venv\lib\site-packages\starlette\middleware\base.py", line 184, in __call__
    |     response = await self.dispatch_func(request, call_next)
    |   File "C:\Users\Hugh\Python_venvs\laptop_onshape_venv\lib\site-packages\nicegui\middlewares.py", line 23, in dispatch
    |     response = await call_next(request)
    |   File "C:\Users\Hugh\Python_venvs\laptop_onshape_venv\lib\site-packages\starlette\middleware\base.py", line 159, in call_next
    |     raise app_exc
    |   File "C:\Users\Hugh\Python_venvs\laptop_onshape_venv\lib\site-packages\starlette\middleware\base.py", line 144, in coro
    |     await self.app(scope, receive_or_disconnect, send_no_error)
    |   File "C:\Users\Hugh\Python_venvs\laptop_onshape_venv\lib\site-packages\starlette\middleware\base.py", line 182, in __call__
    |     with recv_stream, send_stream, collapse_excgroups():
    |   File "C:\Users\Hugh\AppData\Local\Programs\Python\Python310\lib\contextlib.py", line 153, in __exit__
    |     self.gen.throw(typ, value, traceback)
    |   File "C:\Users\Hugh\Python_venvs\laptop_onshape_venv\lib\site-packages\starlette\_utils.py", line 83, in collapse_excgroups
    |     raise exc
    |   File "C:\Users\Hugh\Python_venvs\laptop_onshape_venv\lib\site-packages\starlette\middleware\base.py", line 184, in __call__
    |     response = await self.dispatch_func(request, call_next)
    |   File "C:\Users\Hugh\Python_venvs\laptop_onshape_venv\lib\site-packages\nicegui\middlewares.py", line 13, in dispatch
    |     response = await call_next(request)
    |   File "C:\Users\Hugh\Python_venvs\laptop_onshape_venv\lib\site-packages\starlette\middleware\base.py", line 159, in call_next
    |     raise app_exc
    |   File "C:\Users\Hugh\Python_venvs\laptop_onshape_venv\lib\site-packages\starlette\middleware\base.py", line 144, in coro
    |     await self.app(scope, receive_or_disconnect, send_no_error)
    |   File "C:\Users\Hugh\Python_venvs\laptop_onshape_venv\lib\site-packages\starlette\middleware\gzip.py", line 29, in __call__
    |     await responder(scope, receive, send)
    |   File "C:\Users\Hugh\Python_venvs\laptop_onshape_venv\lib\site-packages\starlette\middleware\gzip.py", line 130, in __call__
    |     await super().__call__(scope, receive, send)
    |   File "C:\Users\Hugh\Python_venvs\laptop_onshape_venv\lib\site-packages\starlette\middleware\gzip.py", line 46, in __call__
    |     await self.app(scope, receive, self.send_with_compression)
    |   File "C:\Users\Hugh\Python_venvs\laptop_onshape_venv\lib\site-packages\starlette\middleware\exceptions.py", line 63, in __call__
    |     await wrap_app_handling_exceptions(self.app, conn)(scope, receive, send)
    |   File "C:\Users\Hugh\Python_venvs\laptop_onshape_venv\lib\site-packages\starlette\_exception_handler.py", line 53, in wrapped_app
    |     raise exc
    |   File "C:\Users\Hugh\Python_venvs\laptop_onshape_venv\lib\site-packages\starlette\_exception_handler.py", line 42, in wrapped_app
    |     await app(scope, receive, sender)
    |   File "C:\Users\Hugh\Python_venvs\laptop_onshape_venv\lib\site-packages\starlette\routing.py", line 716, in __call__
    |     await self.middleware_stack(scope, receive, send)
    |   File "C:\Users\Hugh\Python_venvs\laptop_onshape_venv\lib\site-packages\starlette\routing.py", line 736, in app
    |     await route.handle(scope, receive, send)
    |   File "C:\Users\Hugh\Python_venvs\laptop_onshape_venv\lib\site-packages\starlette\routing.py", line 290, in handle
    |     await self.app(scope, receive, send)
    |   File "C:\Users\Hugh\Python_venvs\laptop_onshape_venv\lib\site-packages\starlette\routing.py", line 78, in app
    |     await wrap_app_handling_exceptions(app, request)(scope, receive, send)
    |   File "C:\Users\Hugh\Python_venvs\laptop_onshape_venv\lib\site-packages\starlette\_exception_handler.py", line 53, in wrapped_app
    |     raise exc
    |   File "C:\Users\Hugh\Python_venvs\laptop_onshape_venv\lib\site-packages\starlette\_exception_handler.py", line 42, in wrapped_app
    |     await app(scope, receive, sender)
    |   File "C:\Users\Hugh\Python_venvs\laptop_onshape_venv\lib\site-packages\starlette\routing.py", line 75, in app
    |     response = await f(request)
    |   File "C:\Users\Hugh\Python_venvs\laptop_onshape_venv\lib\site-packages\fastapi\routing.py", line 302, in app
    |     raw_response = await run_endpoint_function(
    |   File "C:\Users\Hugh\Python_venvs\laptop_onshape_venv\lib\site-packages\fastapi\routing.py", line 213, in run_endpoint_function
    |     return await dependant.call(**values)
    |   File "C:\Users\Hugh\Python_venvs\laptop_onshape_venv\lib\site-packages\nicegui\page.py", line 148, in decorated
    |     return create_error_page(e, request)
    |   File "C:\Users\Hugh\Python_venvs\laptop_onshape_venv\lib\site-packages\nicegui\page.py", line 115, in create_error_page
    |     raise e
    |   File "C:\Users\Hugh\Python_venvs\laptop_onshape_venv\lib\site-packages\nicegui\page.py", line 146, in decorated
    |     result = func(*dec_args, **dec_kwargs)
    |   File "E:\VulcanConnect2025-09\frontend\pages\profiles_export.py", line 23, in profiles_export_page
    |     options_page(ui_state)
    |   File "E:\VulcanConnect2025-09\frontend\pages\profiles_export.py", line 56, in options_page
    |     ui_state.ui_user_options.create_contact_sheet = ui.checkbox('Create contact sheet', value=True)
    | AttributeError: 'ProfilesUIState' object has no attribute 'ui_user_options'
    +------------------------------------

During handling of the above exception, another exception occurred:

Traceback (most recent call last):
  File "C:\Users\Hugh\Python_venvs\laptop_onshape_venv\lib\site-packages\starlette\middleware\errors.py", line 164, in __call__
    await self.app(scope, receive, _send)
  File "C:\Users\Hugh\Python_venvs\laptop_onshape_venv\lib\site-packages\starlette\middleware\base.py", line 182, in __call__
    with recv_stream, send_stream, collapse_excgroups():
  File "C:\Users\Hugh\AppData\Local\Programs\Python\Python310\lib\contextlib.py", line 153, in __exit__
    self.gen.throw(typ, value, traceback)
  File "C:\Users\Hugh\Python_venvs\laptop_onshape_venv\lib\site-packages\starlette\_utils.py", line 83, in collapse_excgroups
    raise exc
  File "C:\Users\Hugh\Python_venvs\laptop_onshape_venv\lib\site-packages\starlette\middleware\base.py", line 184, in __call__
    response = await self.dispatch_func(request, call_next)
  File "C:\Users\Hugh\Python_venvs\laptop_onshape_venv\lib\site-packages\nicegui\middlewares.py", line 23, in dispatch
    response = await call_next(request)
  File "C:\Users\Hugh\Python_venvs\laptop_onshape_venv\lib\site-packages\starlette\middleware\base.py", line 159, in call_next
    raise app_exc
  File "C:\Users\Hugh\Python_venvs\laptop_onshape_venv\lib\site-packages\starlette\middleware\base.py", line 144, in coro
    await self.app(scope, receive_or_disconnect, send_no_error)
  File "C:\Users\Hugh\Python_venvs\laptop_onshape_venv\lib\site-packages\starlette\middleware\base.py", line 182, in __call__
    with recv_stream, send_stream, collapse_excgroups():
  File "C:\Users\Hugh\AppData\Local\Programs\Python\Python310\lib\contextlib.py", line 153, in __exit__
    self.gen.throw(typ, value, traceback)
  File "C:\Users\Hugh\Python_venvs\laptop_onshape_venv\lib\site-packages\starlette\_utils.py", line 83, in collapse_excgroups
    raise exc
  File "C:\Users\Hugh\Python_venvs\laptop_onshape_venv\lib\site-packages\starlette\middleware\base.py", line 184, in __call__
    response = await self.dispatch_func(request, call_next)
  File "C:\Users\Hugh\Python_venvs\laptop_onshape_venv\lib\site-packages\nicegui\middlewares.py", line 13, in dispatch
    response = await call_next(request)
  File "C:\Users\Hugh\Python_venvs\laptop_onshape_venv\lib\site-packages\starlette\middleware\base.py", line 159, in call_next
    raise app_exc
  File "C:\Users\Hugh\Python_venvs\laptop_onshape_venv\lib\site-packages\starlette\middleware\base.py", line 144, in coro
    await self.app(scope, receive_or_disconnect, send_no_error)
  File "C:\Users\Hugh\Python_venvs\laptop_onshape_venv\lib\site-packages\starlette\middleware\gzip.py", line 29, in __call__
    await responder(scope, receive, send)
  File "C:\Users\Hugh\Python_venvs\laptop_onshape_venv\lib\site-packages\starlette\middleware\gzip.py", line 130, in __call__
    await super().__call__(scope, receive, send)
  File "C:\Users\Hugh\Python_venvs\laptop_onshape_venv\lib\site-packages\starlette\middleware\gzip.py", line 46, in __call__
    await self.app(scope, receive, self.send_with_compression)
  File "C:\Users\Hugh\Python_venvs\laptop_onshape_venv\lib\site-packages\starlette\middleware\exceptions.py", line 63, in __call__
    await wrap_app_handling_exceptions(self.app, conn)(scope, receive, send)
  File "C:\Users\Hugh\Python_venvs\laptop_onshape_venv\lib\site-packages\starlette\_exception_handler.py", line 53, in wrapped_app
    raise exc
  File "C:\Users\Hugh\Python_venvs\laptop_onshape_venv\lib\site-packages\starlette\_exception_handler.py", line 42, in wrapped_app
    await app(scope, receive, sender)
  File "C:\Users\Hugh\Python_venvs\laptop_onshape_venv\lib\site-packages\starlette\routing.py", line 716, in __call__
    await self.middleware_stack(scope, receive, send)
  File "C:\Users\Hugh\Python_venvs\laptop_onshape_venv\lib\site-packages\starlette\routing.py", line 736, in app
    await route.handle(scope, receive, send)
  File "C:\Users\Hugh\Python_venvs\laptop_onshape_venv\lib\site-packages\starlette\routing.py", line 290, in handle
    await self.app(scope, receive, send)
  File "C:\Users\Hugh\Python_venvs\laptop_onshape_venv\lib\site-packages\starlette\routing.py", line 78, in app
    await wrap_app_handling_exceptions(app, request)(scope, receive, send)
  File "C:\Users\Hugh\Python_venvs\laptop_onshape_venv\lib\site-packages\starlette\_exception_handler.py", line 53, in wrapped_app
    raise exc
  File "C:\Users\Hugh\Python_venvs\laptop_onshape_venv\lib\site-packages\starlette\_exception_handler.py", line 42, in wrapped_app
    await app(scope, receive, sender)
  File "C:\Users\Hugh\Python_venvs\laptop_onshape_venv\lib\site-packages\starlette\routing.py", line 75, in app
    response = await f(request)
  File "C:\Users\Hugh\Python_venvs\laptop_onshape_venv\lib\site-packages\fastapi\routing.py", line 302, in app
    raw_response = await run_endpoint_function(
  File "C:\Users\Hugh\Python_venvs\laptop_onshape_venv\lib\site-packages\fastapi\routing.py", line 213, in run_endpoint_function
    return await dependant.call(**values)
  File "C:\Users\Hugh\Python_venvs\laptop_onshape_venv\lib\site-packages\nicegui\page.py", line 148, in decorated
    return create_error_page(e, request)
  File "C:\Users\Hugh\Python_venvs\laptop_onshape_venv\lib\site-packages\nicegui\page.py", line 115, in create_error_page
    raise e
  File "C:\Users\Hugh\Python_venvs\laptop_onshape_venv\lib\site-packages\nicegui\page.py", line 146, in decorated
    result = func(*dec_args, **dec_kwargs)
  File "E:\VulcanConnect2025-09\frontend\pages\profiles_export.py", line 23, in profiles_export_page
    options_page(ui_state)
  File "E:\VulcanConnect2025-09\frontend\pages\profiles_export.py", line 56, in options_page
    ui_state.ui_user_options.create_contact_sheet = ui.checkbox('Create contact sheet', value=True)
AttributeError: 'ProfilesUIState' object has no attribute 'ui_user_options'
ERROR:nicegui:'ProfilesUIState' object has no attribute 'ui_user_options'
  + Exception Group Traceback (most recent call last):
  |   File "C:\Users\Hugh\Python_venvs\laptop_onshape_venv\lib\site-packages\starlette\_utils.py", line 77, in collapse_excgroups
  |     yield
  |   File "C:\Users\Hugh\Python_venvs\laptop_onshape_venv\lib\site-packages\starlette\middleware\base.py", line 183, in __call__
  |     async with anyio.create_task_group() as task_group:
  |   File "C:\Users\Hugh\Python_venvs\laptop_onshape_venv\lib\site-packages\anyio\_backends\_asyncio.py", line 772, in __aexit__
  |     raise BaseExceptionGroup(
  | exceptiongroup.ExceptionGroup: unhandled errors in a TaskGroup (1 sub-exception)
  +-+---------------- 1 ----------------
    | Traceback (most recent call last):
    |   File "C:\Users\Hugh\Python_venvs\laptop_onshape_venv\lib\site-packages\starlette\middleware\errors.py", line 164, in __call__
    |     await self.app(scope, receive, _send)
    |   File "C:\Users\Hugh\Python_venvs\laptop_onshape_venv\lib\site-packages\starlette\middleware\base.py", line 182, in __call__
    |     with recv_stream, send_stream, collapse_excgroups():
    |   File "C:\Users\Hugh\AppData\Local\Programs\Python\Python310\lib\contextlib.py", line 153, in __exit__
    |     self.gen.throw(typ, value, traceback)
    |   File "C:\Users\Hugh\Python_venvs\laptop_onshape_venv\lib\site-packages\starlette\_utils.py", line 83, in collapse_excgroups
    |     raise exc
    |   File "C:\Users\Hugh\Python_venvs\laptop_onshape_venv\lib\site-packages\starlette\middleware\base.py", line 184, in __call__
    |     response = await self.dispatch_func(request, call_next)
    |   File "C:\Users\Hugh\Python_venvs\laptop_onshape_venv\lib\site-packages\nicegui\middlewares.py", line 23, in dispatch
    |     response = await call_next(request)
    |   File "C:\Users\Hugh\Python_venvs\laptop_onshape_venv\lib\site-packages\starlette\middleware\base.py", line 159, in call_next
    |     raise app_exc
    |   File "C:\Users\Hugh\Python_venvs\laptop_onshape_venv\lib\site-packages\starlette\middleware\base.py", line 144, in coro
    |     await self.app(scope, receive_or_disconnect, send_no_error)
    |   File "C:\Users\Hugh\Python_venvs\laptop_onshape_venv\lib\site-packages\starlette\middleware\base.py", line 182, in __call__
    |     with recv_stream, send_stream, collapse_excgroups():
    |   File "C:\Users\Hugh\AppData\Local\Programs\Python\Python310\lib\contextlib.py", line 153, in __exit__
    |     self.gen.throw(typ, value, traceback)
    |   File "C:\Users\Hugh\Python_venvs\laptop_onshape_venv\lib\site-packages\starlette\_utils.py", line 83, in collapse_excgroups
    |     raise exc
    |   File "C:\Users\Hugh\Python_venvs\laptop_onshape_venv\lib\site-packages\starlette\middleware\base.py", line 184, in __call__
    |     response = await self.dispatch_func(request, call_next)
    |   File "C:\Users\Hugh\Python_venvs\laptop_onshape_venv\lib\site-packages\nicegui\middlewares.py", line 13, in dispatch
    |     response = await call_next(request)
    |   File "C:\Users\Hugh\Python_venvs\laptop_onshape_venv\lib\site-packages\starlette\middleware\base.py", line 159, in call_next
    |     raise app_exc
    |   File "C:\Users\Hugh\Python_venvs\laptop_onshape_venv\lib\site-packages\starlette\middleware\base.py", line 144, in coro
    |     await self.app(scope, receive_or_disconnect, send_no_error)
    |   File "C:\Users\Hugh\Python_venvs\laptop_onshape_venv\lib\site-packages\starlette\middleware\gzip.py", line 29, in __call__
    |     await responder(scope, receive, send)
    |   File "C:\Users\Hugh\Python_venvs\laptop_onshape_venv\lib\site-packages\starlette\middleware\gzip.py", line 130, in __call__
    |     await super().__call__(scope, receive, send)
    |   File "C:\Users\Hugh\Python_venvs\laptop_onshape_venv\lib\site-packages\starlette\middleware\gzip.py", line 46, in __call__
    |     await self.app(scope, receive, self.send_with_compression)
    |   File "C:\Users\Hugh\Python_venvs\laptop_onshape_venv\lib\site-packages\starlette\middleware\exceptions.py", line 63, in __call__
    |     await wrap_app_handling_exceptions(self.app, conn)(scope, receive, send)
    |   File "C:\Users\Hugh\Python_venvs\laptop_onshape_venv\lib\site-packages\starlette\_exception_handler.py", line 53, in wrapped_app
    |     raise exc
    |   File "C:\Users\Hugh\Python_venvs\laptop_onshape_venv\lib\site-packages\starlette\_exception_handler.py", line 42, in wrapped_app
    |     await app(scope, receive, sender)
    |   File "C:\Users\Hugh\Python_venvs\laptop_onshape_venv\lib\site-packages\starlette\routing.py", line 716, in __call__
    |     await self.middleware_stack(scope, receive, send)
    |   File "C:\Users\Hugh\Python_venvs\laptop_onshape_venv\lib\site-packages\starlette\routing.py", line 736, in app
    |     await route.handle(scope, receive, send)
    |   File "C:\Users\Hugh\Python_venvs\laptop_onshape_venv\lib\site-packages\starlette\routing.py", line 290, in handle
    |     await self.app(scope, receive, send)
    |   File "C:\Users\Hugh\Python_venvs\laptop_onshape_venv\lib\site-packages\starlette\routing.py", line 78, in app
    |     await wrap_app_handling_exceptions(app, request)(scope, receive, send)
    |   File "C:\Users\Hugh\Python_venvs\laptop_onshape_venv\lib\site-packages\starlette\_exception_handler.py", line 53, in wrapped_app
    |     raise exc
    |   File "C:\Users\Hugh\Python_venvs\laptop_onshape_venv\lib\site-packages\starlette\_exception_handler.py", line 42, in wrapped_app
    |     await app(scope, receive, sender)
    |   File "C:\Users\Hugh\Python_venvs\laptop_onshape_venv\lib\site-packages\starlette\routing.py", line 75, in app
    |     response = await f(request)
    |   File "C:\Users\Hugh\Python_venvs\laptop_onshape_venv\lib\site-packages\fastapi\routing.py", line 302, in app
    |     raw_response = await run_endpoint_function(
    |   File "C:\Users\Hugh\Python_venvs\laptop_onshape_venv\lib\site-packages\fastapi\routing.py", line 213, in run_endpoint_function
    |     return await dependant.call(**values)
    |   File "C:\Users\Hugh\Python_venvs\laptop_onshape_venv\lib\site-packages\nicegui\page.py", line 148, in decorated
    |     return create_error_page(e, request)
    |   File "C:\Users\Hugh\Python_venvs\laptop_onshape_venv\lib\site-packages\nicegui\page.py", line 115, in create_error_page
    |     raise e
    |   File "C:\Users\Hugh\Python_venvs\laptop_onshape_venv\lib\site-packages\nicegui\page.py", line 146, in decorated
    |     result = func(*dec_args, **dec_kwargs)
    |   File "E:\VulcanConnect2025-09\frontend\pages\profiles_export.py", line 23, in profiles_export_page
    |     options_page(ui_state)
    |   File "E:\VulcanConnect2025-09\frontend\pages\profiles_export.py", line 56, in options_page
    |     ui_state.ui_user_options.create_contact_sheet = ui.checkbox('Create contact sheet', value=True)
    | AttributeError: 'ProfilesUIState' object has no attribute 'ui_user_options'
    +------------------------------------

During handling of the above exception, another exception occurred:

Traceback (most recent call last):
  File "C:\Users\Hugh\Python_venvs\laptop_onshape_venv\lib\site-packages\starlette\middleware\errors.py", line 164, in __call__
    await self.app(scope, receive, _send)
  File "C:\Users\Hugh\Python_venvs\laptop_onshape_venv\lib\site-packages\starlette\middleware\base.py", line 182, in __call__
    with recv_stream, send_stream, collapse_excgroups():
  File "C:\Users\Hugh\AppData\Local\Programs\Python\Python310\lib\contextlib.py", line 153, in __exit__
    self.gen.throw(typ, value, traceback)
  File "C:\Users\Hugh\Python_venvs\laptop_onshape_venv\lib\site-packages\starlette\_utils.py", line 83, in collapse_excgroups
    raise exc
  File "C:\Users\Hugh\Python_venvs\laptop_onshape_venv\lib\site-packages\starlette\middleware\base.py", line 184, in __call__
    response = await self.dispatch_func(request, call_next)
  File "C:\Users\Hugh\Python_venvs\laptop_onshape_venv\lib\site-packages\nicegui\middlewares.py", line 23, in dispatch
    response = await call_next(request)
  File "C:\Users\Hugh\Python_venvs\laptop_onshape_venv\lib\site-packages\starlette\middleware\base.py", line 159, in call_next
    raise app_exc
  File "C:\Users\Hugh\Python_venvs\laptop_onshape_venv\lib\site-packages\starlette\middleware\base.py", line 144, in coro
    await self.app(scope, receive_or_disconnect, send_no_error)
  File "C:\Users\Hugh\Python_venvs\laptop_onshape_venv\lib\site-packages\starlette\middleware\base.py", line 182, in __call__
    with recv_stream, send_stream, collapse_excgroups():
  File "C:\Users\Hugh\AppData\Local\Programs\Python\Python310\lib\contextlib.py", line 153, in __exit__
    self.gen.throw(typ, value, traceback)
  File "C:\Users\Hugh\Python_venvs\laptop_onshape_venv\lib\site-packages\starlette\_utils.py", line 83, in collapse_excgroups
    raise exc
  File "C:\Users\Hugh\Python_venvs\laptop_onshape_venv\lib\site-packages\starlette\middleware\base.py", line 184, in __call__
    response = await self.dispatch_func(request, call_next)
  File "C:\Users\Hugh\Python_venvs\laptop_onshape_venv\lib\site-packages\nicegui\middlewares.py", line 13, in dispatch
    response = await call_next(request)
  File "C:\Users\Hugh\Python_venvs\laptop_onshape_venv\lib\site-packages\starlette\middleware\base.py", line 159, in call_next
    raise app_exc
  File "C:\Users\Hugh\Python_venvs\laptop_onshape_venv\lib\site-packages\starlette\middleware\base.py", line 144, in coro
    await self.app(scope, receive_or_disconnect, send_no_error)
  File "C:\Users\Hugh\Python_venvs\laptop_onshape_venv\lib\site-packages\starlette\middleware\gzip.py", line 29, in __call__
    await responder(scope, receive, send)
  File "C:\Users\Hugh\Python_venvs\laptop_onshape_venv\lib\site-packages\starlette\middleware\gzip.py", line 130, in __call__
    await super().__call__(scope, receive, send)
  File "C:\Users\Hugh\Python_venvs\laptop_onshape_venv\lib\site-packages\starlette\middleware\gzip.py", line 46, in __call__
    await self.app(scope, receive, self.send_with_compression)
  File "C:\Users\Hugh\Python_venvs\laptop_onshape_venv\lib\site-packages\starlette\middleware\exceptions.py", line 63, in __call__
    await wrap_app_handling_exceptions(self.app, conn)(scope, receive, send)
  File "C:\Users\Hugh\Python_venvs\laptop_onshape_venv\lib\site-packages\starlette\_exception_handler.py", line 53, in wrapped_app
    raise exc
  File "C:\Users\Hugh\Python_venvs\laptop_onshape_venv\lib\site-packages\starlette\_exception_handler.py", line 42, in wrapped_app
    await app(scope, receive, sender)
  File "C:\Users\Hugh\Python_venvs\laptop_onshape_venv\lib\site-packages\starlette\routing.py", line 716, in __call__
    await self.middleware_stack(scope, receive, send)
  File "C:\Users\Hugh\Python_venvs\laptop_onshape_venv\lib\site-packages\starlette\routing.py", line 736, in app
    await route.handle(scope, receive, send)
  File "C:\Users\Hugh\Python_venvs\laptop_onshape_venv\lib\site-packages\starlette\routing.py", line 290, in handle
    await self.app(scope, receive, send)
  File "C:\Users\Hugh\Python_venvs\laptop_onshape_venv\lib\site-packages\starlette\routing.py", line 78, in app
    await wrap_app_handling_exceptions(app, request)(scope, receive, send)
  File "C:\Users\Hugh\Python_venvs\laptop_onshape_venv\lib\site-packages\starlette\_exception_handler.py", line 53, in wrapped_app
    raise exc
  File "C:\Users\Hugh\Python_venvs\laptop_onshape_venv\lib\site-packages\starlette\_exception_handler.py", line 42, in wrapped_app
    await app(scope, receive, sender)
  File "C:\Users\Hugh\Python_venvs\laptop_onshape_venv\lib\site-packages\starlette\routing.py", line 75, in app
    response = await f(request)
  File "C:\Users\Hugh\Python_venvs\laptop_onshape_venv\lib\site-packages\fastapi\routing.py", line 302, in app
    raw_response = await run_endpoint_function(
  File "C:\Users\Hugh\Python_venvs\laptop_onshape_venv\lib\site-packages\fastapi\routing.py", line 213, in run_endpoint_function
    return await dependant.call(**values)
  File "C:\Users\Hugh\Python_venvs\laptop_onshape_venv\lib\site-packages\nicegui\page.py", line 148, in decorated
    return create_error_page(e, request)
  File "C:\Users\Hugh\Python_venvs\laptop_onshape_venv\lib\site-packages\nicegui\page.py", line 115, in create_error_page
    raise e
  File "C:\Users\Hugh\Python_venvs\laptop_onshape_venv\lib\site-packages\nicegui\page.py", line 146, in decorated
    result = func(*dec_args, **dec_kwargs)
  File "E:\VulcanConnect2025-09\frontend\pages\profiles_export.py", line 23, in profiles_export_page
    options_page(ui_state)
  File "E:\VulcanConnect2025-09\frontend\pages\profiles_export.py", line 56, in options_page
    ui_state.ui_user_options.create_contact_sheet = ui.checkbox('Create contact sheet', value=True)
AttributeError: 'ProfilesUIState' object has no attribute 'ui_user_options'
ERROR:nicegui:'ProfilesUIState' object has no attribute 'ui_user_options'
  + Exception Group Traceback (most recent call last):
  |   File "C:\Users\Hugh\Python_venvs\laptop_onshape_venv\lib\site-packages\starlette\_utils.py", line 77, in collapse_excgroups
  |     yield
  |   File "C:\Users\Hugh\Python_venvs\laptop_onshape_venv\lib\site-packages\starlette\middleware\base.py", line 183, in __call__
  |     async with anyio.create_task_group() as task_group:
  |   File "C:\Users\Hugh\Python_venvs\laptop_onshape_venv\lib\site-packages\anyio\_backends\_asyncio.py", line 772, in __aexit__
  |     raise BaseExceptionGroup(
  | exceptiongroup.ExceptionGroup: unhandled errors in a TaskGroup (1 sub-exception)
  +-+---------------- 1 ----------------
    | Traceback (most recent call last):
    |   File "C:\Users\Hugh\Python_venvs\laptop_onshape_venv\lib\site-packages\starlette\middleware\errors.py", line 164, in __call__
    |     await self.app(scope, receive, _send)
    |   File "C:\Users\Hugh\Python_venvs\laptop_onshape_venv\lib\site-packages\starlette\middleware\base.py", line 182, in __call__
    |     with recv_stream, send_stream, collapse_excgroups():
    |   File "C:\Users\Hugh\AppData\Local\Programs\Python\Python310\lib\contextlib.py", line 153, in __exit__
    |     self.gen.throw(typ, value, traceback)
    |   File "C:\Users\Hugh\Python_venvs\laptop_onshape_venv\lib\site-packages\starlette\_utils.py", line 83, in collapse_excgroups
    |     raise exc
    |   File "C:\Users\Hugh\Python_venvs\laptop_onshape_venv\lib\site-packages\starlette\middleware\base.py", line 184, in __call__
    |     response = await self.dispatch_func(request, call_next)
    |   File "C:\Users\Hugh\Python_venvs\laptop_onshape_venv\lib\site-packages\nicegui\middlewares.py", line 23, in dispatch
    |     response = await call_next(request)
    |   File "C:\Users\Hugh\Python_venvs\laptop_onshape_venv\lib\site-packages\starlette\middleware\base.py", line 159, in call_next
    |     raise app_exc
    |   File "C:\Users\Hugh\Python_venvs\laptop_onshape_venv\lib\site-packages\starlette\middleware\base.py", line 144, in coro
    |     await self.app(scope, receive_or_disconnect, send_no_error)
    |   File "C:\Users\Hugh\Python_venvs\laptop_onshape_venv\lib\site-packages\starlette\middleware\base.py", line 182, in __call__
    |     with recv_stream, send_stream, collapse_excgroups():
    |   File "C:\Users\Hugh\AppData\Local\Programs\Python\Python310\lib\contextlib.py", line 153, in __exit__
    |     self.gen.throw(typ, value, traceback)
    |   File "C:\Users\Hugh\Python_venvs\laptop_onshape_venv\lib\site-packages\starlette\_utils.py", line 83, in collapse_excgroups
    |     raise exc
    |   File "C:\Users\Hugh\Python_venvs\laptop_onshape_venv\lib\site-packages\starlette\middleware\base.py", line 184, in __call__
    |     response = await self.dispatch_func(request, call_next)
    |   File "C:\Users\Hugh\Python_venvs\laptop_onshape_venv\lib\site-packages\nicegui\middlewares.py", line 13, in dispatch
    |     response = await call_next(request)
    |   File "C:\Users\Hugh\Python_venvs\laptop_onshape_venv\lib\site-packages\starlette\middleware\base.py", line 159, in call_next
    |     raise app_exc
    |   File "C:\Users\Hugh\Python_venvs\laptop_onshape_venv\lib\site-packages\starlette\middleware\base.py", line 144, in coro
    |     await self.app(scope, receive_or_disconnect, send_no_error)
    |   File "C:\Users\Hugh\Python_venvs\laptop_onshape_venv\lib\site-packages\starlette\middleware\gzip.py", line 29, in __call__
    |     await responder(scope, receive, send)
    |   File "C:\Users\Hugh\Python_venvs\laptop_onshape_venv\lib\site-packages\starlette\middleware\gzip.py", line 130, in __call__
    |     await super().__call__(scope, receive, send)
    |   File "C:\Users\Hugh\Python_venvs\laptop_onshape_venv\lib\site-packages\starlette\middleware\gzip.py", line 46, in __call__
    |     await self.app(scope, receive, self.send_with_compression)
    |   File "C:\Users\Hugh\Python_venvs\laptop_onshape_venv\lib\site-packages\starlette\middleware\exceptions.py", line 63, in __call__
    |     await wrap_app_handling_exceptions(self.app, conn)(scope, receive, send)
    |   File "C:\Users\Hugh\Python_venvs\laptop_onshape_venv\lib\site-packages\starlette\_exception_handler.py", line 53, in wrapped_app
    |     raise exc
    |   File "C:\Users\Hugh\Python_venvs\laptop_onshape_venv\lib\site-packages\starlette\_exception_handler.py", line 42, in wrapped_app
    |     await app(scope, receive, sender)
    |   File "C:\Users\Hugh\Python_venvs\laptop_onshape_venv\lib\site-packages\starlette\routing.py", line 716, in __call__
    |     await self.middleware_stack(scope, receive, send)
    |   File "C:\Users\Hugh\Python_venvs\laptop_onshape_venv\lib\site-packages\starlette\routing.py", line 736, in app
    |     await route.handle(scope, receive, send)
    |   File "C:\Users\Hugh\Python_venvs\laptop_onshape_venv\lib\site-packages\starlette\routing.py", line 290, in handle
    |     await self.app(scope, receive, send)
    |   File "C:\Users\Hugh\Python_venvs\laptop_onshape_venv\lib\site-packages\starlette\routing.py", line 78, in app
    |     await wrap_app_handling_exceptions(app, request)(scope, receive, send)
    |   File "C:\Users\Hugh\Python_venvs\laptop_onshape_venv\lib\site-packages\starlette\_exception_handler.py", line 53, in wrapped_app
    |     raise exc
    |   File "C:\Users\Hugh\Python_venvs\laptop_onshape_venv\lib\site-packages\starlette\_exception_handler.py", line 42, in wrapped_app
    |     await app(scope, receive, sender)
    |   File "C:\Users\Hugh\Python_venvs\laptop_onshape_venv\lib\site-packages\starlette\routing.py", line 75, in app
    |     response = await f(request)
    |   File "C:\Users\Hugh\Python_venvs\laptop_onshape_venv\lib\site-packages\fastapi\routing.py", line 302, in app
    |     raw_response = await run_endpoint_function(
    |   File "C:\Users\Hugh\Python_venvs\laptop_onshape_venv\lib\site-packages\fastapi\routing.py", line 213, in run_endpoint_function
    |     return await dependant.call(**values)
    |   File "C:\Users\Hugh\Python_venvs\laptop_onshape_venv\lib\site-packages\nicegui\page.py", line 148, in decorated
    |     return create_error_page(e, request)
    |   File "C:\Users\Hugh\Python_venvs\laptop_onshape_venv\lib\site-packages\nicegui\page.py", line 115, in create_error_page
    |     raise e
    |   File "C:\Users\Hugh\Python_venvs\laptop_onshape_venv\lib\site-packages\nicegui\page.py", line 146, in decorated
    |     result = func(*dec_args, **dec_kwargs)
    |   File "E:\VulcanConnect2025-09\frontend\pages\profiles_export.py", line 23, in profiles_export_page
    |     options_page(ui_state)
    |   File "E:\VulcanConnect2025-09\frontend\pages\profiles_export.py", line 63, in options_page
    |     print( ui_state.ui_user_options.create_contact_sheet)
    | AttributeError: 'ProfilesUIState' object has no attribute 'ui_user_options'
    +------------------------------------

During handling of the above exception, another exception occurred:

Traceback (most recent call last):
  File "C:\Users\Hugh\Python_venvs\laptop_onshape_venv\lib\site-packages\starlette\middleware\errors.py", line 164, in __call__
    await self.app(scope, receive, _send)
  File "C:\Users\Hugh\Python_venvs\laptop_onshape_venv\lib\site-packages\starlette\middleware\base.py", line 182, in __call__
    with recv_stream, send_stream, collapse_excgroups():
  File "C:\Users\Hugh\AppData\Local\Programs\Python\Python310\lib\contextlib.py", line 153, in __exit__
    self.gen.throw(typ, value, traceback)
  File "C:\Users\Hugh\Python_venvs\laptop_onshape_venv\lib\site-packages\starlette\_utils.py", line 83, in collapse_excgroups
    raise exc
  File "C:\Users\Hugh\Python_venvs\laptop_onshape_venv\lib\site-packages\starlette\middleware\base.py", line 184, in __call__
    response = await self.dispatch_func(request, call_next)
  File "C:\Users\Hugh\Python_venvs\laptop_onshape_venv\lib\site-packages\nicegui\middlewares.py", line 23, in dispatch
    response = await call_next(request)
  File "C:\Users\Hugh\Python_venvs\laptop_onshape_venv\lib\site-packages\starlette\middleware\base.py", line 159, in call_next
    raise app_exc
  File "C:\Users\Hugh\Python_venvs\laptop_onshape_venv\lib\site-packages\starlette\middleware\base.py", line 144, in coro
    await self.app(scope, receive_or_disconnect, send_no_error)
  File "C:\Users\Hugh\Python_venvs\laptop_onshape_venv\lib\site-packages\starlette\middleware\base.py", line 182, in __call__
    with recv_stream, send_stream, collapse_excgroups():
  File "C:\Users\Hugh\AppData\Local\Programs\Python\Python310\lib\contextlib.py", line 153, in __exit__
    self.gen.throw(typ, value, traceback)
  File "C:\Users\Hugh\Python_venvs\laptop_onshape_venv\lib\site-packages\starlette\_utils.py", line 83, in collapse_excgroups
    raise exc
  File "C:\Users\Hugh\Python_venvs\laptop_onshape_venv\lib\site-packages\starlette\middleware\base.py", line 184, in __call__
    response = await self.dispatch_func(request, call_next)
  File "C:\Users\Hugh\Python_venvs\laptop_onshape_venv\lib\site-packages\nicegui\middlewares.py", line 13, in dispatch
    response = await call_next(request)
  File "C:\Users\Hugh\Python_venvs\laptop_onshape_venv\lib\site-packages\starlette\middleware\base.py", line 159, in call_next
    raise app_exc
  File "C:\Users\Hugh\Python_venvs\laptop_onshape_venv\lib\site-packages\starlette\middleware\base.py", line 144, in coro
    await self.app(scope, receive_or_disconnect, send_no_error)
  File "C:\Users\Hugh\Python_venvs\laptop_onshape_venv\lib\site-packages\starlette\middleware\gzip.py", line 29, in __call__
    await responder(scope, receive, send)
  File "C:\Users\Hugh\Python_venvs\laptop_onshape_venv\lib\site-packages\starlette\middleware\gzip.py", line 130, in __call__
    await super().__call__(scope, receive, send)
  File "C:\Users\Hugh\Python_venvs\laptop_onshape_venv\lib\site-packages\starlette\middleware\gzip.py", line 46, in __call__
    await self.app(scope, receive, self.send_with_compression)
  File "C:\Users\Hugh\Python_venvs\laptop_onshape_venv\lib\site-packages\starlette\middleware\exceptions.py", line 63, in __call__
    await wrap_app_handling_exceptions(self.app, conn)(scope, receive, send)
  File "C:\Users\Hugh\Python_venvs\laptop_onshape_venv\lib\site-packages\starlette\_exception_handler.py", line 53, in wrapped_app
    raise exc
  File "C:\Users\Hugh\Python_venvs\laptop_onshape_venv\lib\site-packages\starlette\_exception_handler.py", line 42, in wrapped_app
    await app(scope, receive, sender)
  File "C:\Users\Hugh\Python_venvs\laptop_onshape_venv\lib\site-packages\starlette\routing.py", line 716, in __call__
    await self.middleware_stack(scope, receive, send)
  File "C:\Users\Hugh\Python_venvs\laptop_onshape_venv\lib\site-packages\starlette\routing.py", line 736, in app
    await route.handle(scope, receive, send)
  File "C:\Users\Hugh\Python_venvs\laptop_onshape_venv\lib\site-packages\starlette\routing.py", line 290, in handle
    await self.app(scope, receive, send)
  File "C:\Users\Hugh\Python_venvs\laptop_onshape_venv\lib\site-packages\starlette\routing.py", line 78, in app
    await wrap_app_handling_exceptions(app, request)(scope, receive, send)
  File "C:\Users\Hugh\Python_venvs\laptop_onshape_venv\lib\site-packages\starlette\_exception_handler.py", line 53, in wrapped_app
    raise exc
  File "C:\Users\Hugh\Python_venvs\laptop_onshape_venv\lib\site-packages\starlette\_exception_handler.py", line 42, in wrapped_app
    await app(scope, receive, sender)
  File "C:\Users\Hugh\Python_venvs\laptop_onshape_venv\lib\site-packages\starlette\routing.py", line 75, in app
    response = await f(request)
  File "C:\Users\Hugh\Python_venvs\laptop_onshape_venv\lib\site-packages\fastapi\routing.py", line 302, in app
    raw_response = await run_endpoint_function(
  File "C:\Users\Hugh\Python_venvs\laptop_onshape_venv\lib\site-packages\fastapi\routing.py", line 213, in run_endpoint_function
    return await dependant.call(**values)
  File "C:\Users\Hugh\Python_venvs\laptop_onshape_venv\lib\site-packages\nicegui\page.py", line 148, in decorated
    return create_error_page(e, request)
  File "C:\Users\Hugh\Python_venvs\laptop_onshape_venv\lib\site-packages\nicegui\page.py", line 115, in create_error_page
    raise e
  File "C:\Users\Hugh\Python_venvs\laptop_onshape_venv\lib\site-packages\nicegui\page.py", line 146, in decorated
    result = func(*dec_args, **dec_kwargs)
  File "E:\VulcanConnect2025-09\frontend\pages\profiles_export.py", line 23, in profiles_export_page
    options_page(ui_state)
  File "E:\VulcanConnect2025-09\frontend\pages\profiles_export.py", line 63, in options_page
    print( ui_state.ui_user_options.create_contact_sheet)
AttributeError: 'ProfilesUIState' object has no attribute 'ui_user_options'
ERROR:nicegui:'ProfilesUIState' object has no attribute 'ui_user_options'
  + Exception Group Traceback (most recent call last):
  |   File "C:\Users\Hugh\Python_venvs\laptop_onshape_venv\lib\site-packages\starlette\_utils.py", line 77, in collapse_excgroups
  |     yield
  |   File "C:\Users\Hugh\Python_venvs\laptop_onshape_venv\lib\site-packages\starlette\middleware\base.py", line 183, in __call__
  |     async with anyio.create_task_group() as task_group:
  |   File "C:\Users\Hugh\Python_venvs\laptop_onshape_venv\lib\site-packages\anyio\_backends\_asyncio.py", line 772, in __aexit__
  |     raise BaseExceptionGroup(
  | exceptiongroup.ExceptionGroup: unhandled errors in a TaskGroup (1 sub-exception)
  +-+---------------- 1 ----------------
    | Traceback (most recent call last):
    |   File "C:\Users\Hugh\Python_venvs\laptop_onshape_venv\lib\site-packages\starlette\middleware\errors.py", line 164, in __call__
    |     await self.app(scope, receive, _send)
    |   File "C:\Users\Hugh\Python_venvs\laptop_onshape_venv\lib\site-packages\starlette\middleware\base.py", line 182, in __call__
    |     with recv_stream, send_stream, collapse_excgroups():
    |   File "C:\Users\Hugh\AppData\Local\Programs\Python\Python310\lib\contextlib.py", line 153, in __exit__
    |     self.gen.throw(typ, value, traceback)
    |   File "C:\Users\Hugh\Python_venvs\laptop_onshape_venv\lib\site-packages\starlette\_utils.py", line 83, in collapse_excgroups
    |     raise exc
    |   File "C:\Users\Hugh\Python_venvs\laptop_onshape_venv\lib\site-packages\starlette\middleware\base.py", line 184, in __call__
    |     response = await self.dispatch_func(request, call_next)
    |   File "C:\Users\Hugh\Python_venvs\laptop_onshape_venv\lib\site-packages\nicegui\middlewares.py", line 23, in dispatch
    |     response = await call_next(request)
    |   File "C:\Users\Hugh\Python_venvs\laptop_onshape_venv\lib\site-packages\starlette\middleware\base.py", line 159, in call_next
    |     raise app_exc
    |   File "C:\Users\Hugh\Python_venvs\laptop_onshape_venv\lib\site-packages\starlette\middleware\base.py", line 144, in coro
    |     await self.app(scope, receive_or_disconnect, send_no_error)
    |   File "C:\Users\Hugh\Python_venvs\laptop_onshape_venv\lib\site-packages\starlette\middleware\base.py", line 182, in __call__
    |     with recv_stream, send_stream, collapse_excgroups():
    |   File "C:\Users\Hugh\AppData\Local\Programs\Python\Python310\lib\contextlib.py", line 153, in __exit__
    |     self.gen.throw(typ, value, traceback)
    |   File "C:\Users\Hugh\Python_venvs\laptop_onshape_venv\lib\site-packages\starlette\_utils.py", line 83, in collapse_excgroups
    |     raise exc
    |   File "C:\Users\Hugh\Python_venvs\laptop_onshape_venv\lib\site-packages\starlette\middleware\base.py", line 184, in __call__
    |     response = await self.dispatch_func(request, call_next)
    |   File "C:\Users\Hugh\Python_venvs\laptop_onshape_venv\lib\site-packages\nicegui\middlewares.py", line 13, in dispatch
    |     response = await call_next(request)
    |   File "C:\Users\Hugh\Python_venvs\laptop_onshape_venv\lib\site-packages\starlette\middleware\base.py", line 159, in call_next
    |     raise app_exc
    |   File "C:\Users\Hugh\Python_venvs\laptop_onshape_venv\lib\site-packages\starlette\middleware\base.py", line 144, in coro
    |     await self.app(scope, receive_or_disconnect, send_no_error)
    |   File "C:\Users\Hugh\Python_venvs\laptop_onshape_venv\lib\site-packages\starlette\middleware\gzip.py", line 29, in __call__
    |     await responder(scope, receive, send)
    |   File "C:\Users\Hugh\Python_venvs\laptop_onshape_venv\lib\site-packages\starlette\middleware\gzip.py", line 130, in __call__
    |     await super().__call__(scope, receive, send)
    |   File "C:\Users\Hugh\Python_venvs\laptop_onshape_venv\lib\site-packages\starlette\middleware\gzip.py", line 46, in __call__
    |     await self.app(scope, receive, self.send_with_compression)
    |   File "C:\Users\Hugh\Python_venvs\laptop_onshape_venv\lib\site-packages\starlette\middleware\exceptions.py", line 63, in __call__
    |     await wrap_app_handling_exceptions(self.app, conn)(scope, receive, send)
    |   File "C:\Users\Hugh\Python_venvs\laptop_onshape_venv\lib\site-packages\starlette\_exception_handler.py", line 53, in wrapped_app
    |     raise exc
    |   File "C:\Users\Hugh\Python_venvs\laptop_onshape_venv\lib\site-packages\starlette\_exception_handler.py", line 42, in wrapped_app
    |     await app(scope, receive, sender)
    |   File "C:\Users\Hugh\Python_venvs\laptop_onshape_venv\lib\site-packages\starlette\routing.py", line 716, in __call__
    |     await self.middleware_stack(scope, receive, send)
    |   File "C:\Users\Hugh\Python_venvs\laptop_onshape_venv\lib\site-packages\starlette\routing.py", line 736, in app
    |     await route.handle(scope, receive, send)
    |   File "C:\Users\Hugh\Python_venvs\laptop_onshape_venv\lib\site-packages\starlette\routing.py", line 290, in handle
    |     await self.app(scope, receive, send)
    |   File "C:\Users\Hugh\Python_venvs\laptop_onshape_venv\lib\site-packages\starlette\routing.py", line 78, in app
    |     await wrap_app_handling_exceptions(app, request)(scope, receive, send)
    |   File "C:\Users\Hugh\Python_venvs\laptop_onshape_venv\lib\site-packages\starlette\_exception_handler.py", line 53, in wrapped_app
    |     raise exc
    |   File "C:\Users\Hugh\Python_venvs\laptop_onshape_venv\lib\site-packages\starlette\_exception_handler.py", line 42, in wrapped_app
    |     await app(scope, receive, sender)
    |   File "C:\Users\Hugh\Python_venvs\laptop_onshape_venv\lib\site-packages\starlette\routing.py", line 75, in app
    |     response = await f(request)
    |   File "C:\Users\Hugh\Python_venvs\laptop_onshape_venv\lib\site-packages\fastapi\routing.py", line 302, in app
    |     raw_response = await run_endpoint_function(
    |   File "C:\Users\Hugh\Python_venvs\laptop_onshape_venv\lib\site-packages\fastapi\routing.py", line 213, in run_endpoint_function
    |     return await dependant.call(**values)
    |   File "C:\Users\Hugh\Python_venvs\laptop_onshape_venv\lib\site-packages\nicegui\page.py", line 148, in decorated
    |     return create_error_page(e, request)
    |   File "C:\Users\Hugh\Python_venvs\laptop_onshape_venv\lib\site-packages\nicegui\page.py", line 115, in create_error_page
    |     raise e
    |   File "C:\Users\Hugh\Python_venvs\laptop_onshape_venv\lib\site-packages\nicegui\page.py", line 146, in decorated
    |     result = func(*dec_args, **dec_kwargs)
    |   File "E:\VulcanConnect2025-09\frontend\pages\profiles_export.py", line 23, in profiles_export_page
    |     options_page(ui_state)
    |   File "E:\VulcanConnect2025-09\frontend\pages\profiles_export.py", line 63, in options_page
    |     print( ui_state.ui_user_options.create_contact_sheet)
    | AttributeError: 'ProfilesUIState' object has no attribute 'ui_user_options'
    +------------------------------------

During handling of the above exception, another exception occurred:

Traceback (most recent call last):
  File "C:\Users\Hugh\Python_venvs\laptop_onshape_venv\lib\site-packages\starlette\middleware\errors.py", line 164, in __call__
    await self.app(scope, receive, _send)
  File "C:\Users\Hugh\Python_venvs\laptop_onshape_venv\lib\site-packages\starlette\middleware\base.py", line 182, in __call__
    with recv_stream, send_stream, collapse_excgroups():
  File "C:\Users\Hugh\AppData\Local\Programs\Python\Python310\lib\contextlib.py", line 153, in __exit__
    self.gen.throw(typ, value, traceback)
  File "C:\Users\Hugh\Python_venvs\laptop_onshape_venv\lib\site-packages\starlette\_utils.py", line 83, in collapse_excgroups
    raise exc
  File "C:\Users\Hugh\Python_venvs\laptop_onshape_venv\lib\site-packages\starlette\middleware\base.py", line 184, in __call__
    response = await self.dispatch_func(request, call_next)
  File "C:\Users\Hugh\Python_venvs\laptop_onshape_venv\lib\site-packages\nicegui\middlewares.py", line 23, in dispatch
    response = await call_next(request)
  File "C:\Users\Hugh\Python_venvs\laptop_onshape_venv\lib\site-packages\starlette\middleware\base.py", line 159, in call_next
    raise app_exc
  File "C:\Users\Hugh\Python_venvs\laptop_onshape_venv\lib\site-packages\starlette\middleware\base.py", line 144, in coro
    await self.app(scope, receive_or_disconnect, send_no_error)
  File "C:\Users\Hugh\Python_venvs\laptop_onshape_venv\lib\site-packages\starlette\middleware\base.py", line 182, in __call__
    with recv_stream, send_stream, collapse_excgroups():
  File "C:\Users\Hugh\AppData\Local\Programs\Python\Python310\lib\contextlib.py", line 153, in __exit__
    self.gen.throw(typ, value, traceback)
  File "C:\Users\Hugh\Python_venvs\laptop_onshape_venv\lib\site-packages\starlette\_utils.py", line 83, in collapse_excgroups
    raise exc
  File "C:\Users\Hugh\Python_venvs\laptop_onshape_venv\lib\site-packages\starlette\middleware\base.py", line 184, in __call__
    response = await self.dispatch_func(request, call_next)
  File "C:\Users\Hugh\Python_venvs\laptop_onshape_venv\lib\site-packages\nicegui\middlewares.py", line 13, in dispatch
    response = await call_next(request)
  File "C:\Users\Hugh\Python_venvs\laptop_onshape_venv\lib\site-packages\starlette\middleware\base.py", line 159, in call_next
    raise app_exc
  File "C:\Users\Hugh\Python_venvs\laptop_onshape_venv\lib\site-packages\starlette\middleware\base.py", line 144, in coro
    await self.app(scope, receive_or_disconnect, send_no_error)
  File "C:\Users\Hugh\Python_venvs\laptop_onshape_venv\lib\site-packages\starlette\middleware\gzip.py", line 29, in __call__
    await responder(scope, receive, send)
  File "C:\Users\Hugh\Python_venvs\laptop_onshape_venv\lib\site-packages\starlette\middleware\gzip.py", line 130, in __call__
    await super().__call__(scope, receive, send)
  File "C:\Users\Hugh\Python_venvs\laptop_onshape_venv\lib\site-packages\starlette\middleware\gzip.py", line 46, in __call__
    await self.app(scope, receive, self.send_with_compression)
  File "C:\Users\Hugh\Python_venvs\laptop_onshape_venv\lib\site-packages\starlette\middleware\exceptions.py", line 63, in __call__
    await wrap_app_handling_exceptions(self.app, conn)(scope, receive, send)
  File "C:\Users\Hugh\Python_venvs\laptop_onshape_venv\lib\site-packages\starlette\_exception_handler.py", line 53, in wrapped_app
    raise exc
  File "C:\Users\Hugh\Python_venvs\laptop_onshape_venv\lib\site-packages\starlette\_exception_handler.py", line 42, in wrapped_app
    await app(scope, receive, sender)
  File "C:\Users\Hugh\Python_venvs\laptop_onshape_venv\lib\site-packages\starlette\routing.py", line 716, in __call__
    await self.middleware_stack(scope, receive, send)
  File "C:\Users\Hugh\Python_venvs\laptop_onshape_venv\lib\site-packages\starlette\routing.py", line 736, in app
    await route.handle(scope, receive, send)
  File "C:\Users\Hugh\Python_venvs\laptop_onshape_venv\lib\site-packages\starlette\routing.py", line 290, in handle
    await self.app(scope, receive, send)
  File "C:\Users\Hugh\Python_venvs\laptop_onshape_venv\lib\site-packages\starlette\routing.py", line 78, in app
    await wrap_app_handling_exceptions(app, request)(scope, receive, send)
  File "C:\Users\Hugh\Python_venvs\laptop_onshape_venv\lib\site-packages\starlette\_exception_handler.py", line 53, in wrapped_app
    raise exc
  File "C:\Users\Hugh\Python_venvs\laptop_onshape_venv\lib\site-packages\starlette\_exception_handler.py", line 42, in wrapped_app
    await app(scope, receive, sender)
  File "C:\Users\Hugh\Python_venvs\laptop_onshape_venv\lib\site-packages\starlette\routing.py", line 75, in app
    response = await f(request)
  File "C:\Users\Hugh\Python_venvs\laptop_onshape_venv\lib\site-packages\fastapi\routing.py", line 302, in app
    raw_response = await run_endpoint_function(
  File "C:\Users\Hugh\Python_venvs\laptop_onshape_venv\lib\site-packages\fastapi\routing.py", line 213, in run_endpoint_function
    return await dependant.call(**values)
  File "C:\Users\Hugh\Python_venvs\laptop_onshape_venv\lib\site-packages\nicegui\page.py", line 148, in decorated
    return create_error_page(e, request)
  File "C:\Users\Hugh\Python_venvs\laptop_onshape_venv\lib\site-packages\nicegui\page.py", line 115, in create_error_page
    raise e
  File "C:\Users\Hugh\Python_venvs\laptop_onshape_venv\lib\site-packages\nicegui\page.py", line 146, in decorated
    result = func(*dec_args, **dec_kwargs)
  File "E:\VulcanConnect2025-09\frontend\pages\profiles_export.py", line 23, in profiles_export_page
    options_page(ui_state)
  File "E:\VulcanConnect2025-09\frontend\pages\profiles_export.py", line 63, in options_page
    print( ui_state.ui_user_options.create_contact_sheet)
AttributeError: 'ProfilesUIState' object has no attribute 'ui_user_options'
ERROR:nicegui:'ProfilesUIState' object has no attribute 'ui_user_options'
  + Exception Group Traceback (most recent call last):
  |   File "C:\Users\Hugh\Python_venvs\laptop_onshape_venv\lib\site-packages\starlette\_utils.py", line 77, in collapse_excgroups
  |     yield
  |   File "C:\Users\Hugh\Python_venvs\laptop_onshape_venv\lib\site-packages\starlette\middleware\base.py", line 183, in __call__
  |     async with anyio.create_task_group() as task_group:
  |   File "C:\Users\Hugh\Python_venvs\laptop_onshape_venv\lib\site-packages\anyio\_backends\_asyncio.py", line 772, in __aexit__
  |     raise BaseExceptionGroup(
  | exceptiongroup.ExceptionGroup: unhandled errors in a TaskGroup (1 sub-exception)
  +-+---------------- 1 ----------------
    | Traceback (most recent call last):
    |   File "C:\Users\Hugh\Python_venvs\laptop_onshape_venv\lib\site-packages\starlette\middleware\errors.py", line 164, in __call__
    |     await self.app(scope, receive, _send)
    |   File "C:\Users\Hugh\Python_venvs\laptop_onshape_venv\lib\site-packages\starlette\middleware\base.py", line 182, in __call__
    |     with recv_stream, send_stream, collapse_excgroups():
    |   File "C:\Users\Hugh\AppData\Local\Programs\Python\Python310\lib\contextlib.py", line 153, in __exit__
    |     self.gen.throw(typ, value, traceback)
    |   File "C:\Users\Hugh\Python_venvs\laptop_onshape_venv\lib\site-packages\starlette\_utils.py", line 83, in collapse_excgroups
    |     raise exc
    |   File "C:\Users\Hugh\Python_venvs\laptop_onshape_venv\lib\site-packages\starlette\middleware\base.py", line 184, in __call__
    |     response = await self.dispatch_func(request, call_next)
    |   File "C:\Users\Hugh\Python_venvs\laptop_onshape_venv\lib\site-packages\nicegui\middlewares.py", line 23, in dispatch
    |     response = await call_next(request)
    |   File "C:\Users\Hugh\Python_venvs\laptop_onshape_venv\lib\site-packages\starlette\middleware\base.py", line 159, in call_next
    |     raise app_exc
    |   File "C:\Users\Hugh\Python_venvs\laptop_onshape_venv\lib\site-packages\starlette\middleware\base.py", line 144, in coro
    |     await self.app(scope, receive_or_disconnect, send_no_error)
    |   File "C:\Users\Hugh\Python_venvs\laptop_onshape_venv\lib\site-packages\starlette\middleware\base.py", line 182, in __call__
    |     with recv_stream, send_stream, collapse_excgroups():
    |   File "C:\Users\Hugh\AppData\Local\Programs\Python\Python310\lib\contextlib.py", line 153, in __exit__
    |     self.gen.throw(typ, value, traceback)
    |   File "C:\Users\Hugh\Python_venvs\laptop_onshape_venv\lib\site-packages\starlette\_utils.py", line 83, in collapse_excgroups
    |     raise exc
    |   File "C:\Users\Hugh\Python_venvs\laptop_onshape_venv\lib\site-packages\starlette\middleware\base.py", line 184, in __call__
    |     response = await self.dispatch_func(request, call_next)
    |   File "C:\Users\Hugh\Python_venvs\laptop_onshape_venv\lib\site-packages\nicegui\middlewares.py", line 13, in dispatch
    |     response = await call_next(request)
    |   File "C:\Users\Hugh\Python_venvs\laptop_onshape_venv\lib\site-packages\starlette\middleware\base.py", line 159, in call_next
    |     raise app_exc
    |   File "C:\Users\Hugh\Python_venvs\laptop_onshape_venv\lib\site-packages\starlette\middleware\base.py", line 144, in coro
    |     await self.app(scope, receive_or_disconnect, send_no_error)
    |   File "C:\Users\Hugh\Python_venvs\laptop_onshape_venv\lib\site-packages\starlette\middleware\gzip.py", line 29, in __call__
    |     await responder(scope, receive, send)
    |   File "C:\Users\Hugh\Python_venvs\laptop_onshape_venv\lib\site-packages\starlette\middleware\gzip.py", line 130, in __call__
    |     await super().__call__(scope, receive, send)
    |   File "C:\Users\Hugh\Python_venvs\laptop_onshape_venv\lib\site-packages\starlette\middleware\gzip.py", line 46, in __call__
    |     await self.app(scope, receive, self.send_with_compression)
    |   File "C:\Users\Hugh\Python_venvs\laptop_onshape_venv\lib\site-packages\starlette\middleware\exceptions.py", line 63, in __call__
    |     await wrap_app_handling_exceptions(self.app, conn)(scope, receive, send)
    |   File "C:\Users\Hugh\Python_venvs\laptop_onshape_venv\lib\site-packages\starlette\_exception_handler.py", line 53, in wrapped_app
    |     raise exc
    |   File "C:\Users\Hugh\Python_venvs\laptop_onshape_venv\lib\site-packages\starlette\_exception_handler.py", line 42, in wrapped_app
    |     await app(scope, receive, sender)
    |   File "C:\Users\Hugh\Python_venvs\laptop_onshape_venv\lib\site-packages\starlette\routing.py", line 716, in __call__
    |     await self.middleware_stack(scope, receive, send)
    |   File "C:\Users\Hugh\Python_venvs\laptop_onshape_venv\lib\site-packages\starlette\routing.py", line 736, in app
    |     await route.handle(scope, receive, send)
    |   File "C:\Users\Hugh\Python_venvs\laptop_onshape_venv\lib\site-packages\starlette\routing.py", line 290, in handle
    |     await self.app(scope, receive, send)
    |   File "C:\Users\Hugh\Python_venvs\laptop_onshape_venv\lib\site-packages\starlette\routing.py", line 78, in app
    |     await wrap_app_handling_exceptions(app, request)(scope, receive, send)
    |   File "C:\Users\Hugh\Python_venvs\laptop_onshape_venv\lib\site-packages\starlette\_exception_handler.py", line 53, in wrapped_app
    |     raise exc
    |   File "C:\Users\Hugh\Python_venvs\laptop_onshape_venv\lib\site-packages\starlette\_exception_handler.py", line 42, in wrapped_app
    |     await app(scope, receive, sender)
    |   File "C:\Users\Hugh\Python_venvs\laptop_onshape_venv\lib\site-packages\starlette\routing.py", line 75, in app
    |     response = await f(request)
    |   File "C:\Users\Hugh\Python_venvs\laptop_onshape_venv\lib\site-packages\fastapi\routing.py", line 302, in app
    |     raw_response = await run_endpoint_function(
    |   File "C:\Users\Hugh\Python_venvs\laptop_onshape_venv\lib\site-packages\fastapi\routing.py", line 213, in run_endpoint_function
    |     return await dependant.call(**values)
    |   File "C:\Users\Hugh\Python_venvs\laptop_onshape_venv\lib\site-packages\nicegui\page.py", line 148, in decorated
    |     return create_error_page(e, request)
    |   File "C:\Users\Hugh\Python_venvs\laptop_onshape_venv\lib\site-packages\nicegui\page.py", line 115, in create_error_page
    |     raise e
    |   File "C:\Users\Hugh\Python_venvs\laptop_onshape_venv\lib\site-packages\nicegui\page.py", line 146, in decorated
    |     result = func(*dec_args, **dec_kwargs)
    |   File "E:\VulcanConnect2025-09\frontend\pages\profiles_export.py", line 23, in profiles_export_page
    |     options_page(ui_state)
    |   File "E:\VulcanConnect2025-09\frontend\pages\profiles_export.py", line 63, in options_page
    |     print( ui_state.ui_user_options.create_contact_sheet)
    | AttributeError: 'ProfilesUIState' object has no attribute 'ui_user_options'
    +------------------------------------

During handling of the above exception, another exception occurred:

Traceback (most recent call last):
  File "C:\Users\Hugh\Python_venvs\laptop_onshape_venv\lib\site-packages\starlette\middleware\errors.py", line 164, in __call__
    await self.app(scope, receive, _send)
  File "C:\Users\Hugh\Python_venvs\laptop_onshape_venv\lib\site-packages\starlette\middleware\base.py", line 182, in __call__
    with recv_stream, send_stream, collapse_excgroups():
  File "C:\Users\Hugh\AppData\Local\Programs\Python\Python310\lib\contextlib.py", line 153, in __exit__
    self.gen.throw(typ, value, traceback)
  File "C:\Users\Hugh\Python_venvs\laptop_onshape_venv\lib\site-packages\starlette\_utils.py", line 83, in collapse_excgroups
    raise exc
  File "C:\Users\Hugh\Python_venvs\laptop_onshape_venv\lib\site-packages\starlette\middleware\base.py", line 184, in __call__
    response = await self.dispatch_func(request, call_next)
  File "C:\Users\Hugh\Python_venvs\laptop_onshape_venv\lib\site-packages\nicegui\middlewares.py", line 23, in dispatch
    response = await call_next(request)
  File "C:\Users\Hugh\Python_venvs\laptop_onshape_venv\lib\site-packages\starlette\middleware\base.py", line 159, in call_next
    raise app_exc
  File "C:\Users\Hugh\Python_venvs\laptop_onshape_venv\lib\site-packages\starlette\middleware\base.py", line 144, in coro
    await self.app(scope, receive_or_disconnect, send_no_error)
  File "C:\Users\Hugh\Python_venvs\laptop_onshape_venv\lib\site-packages\starlette\middleware\base.py", line 182, in __call__
    with recv_stream, send_stream, collapse_excgroups():
  File "C:\Users\Hugh\AppData\Local\Programs\Python\Python310\lib\contextlib.py", line 153, in __exit__
    self.gen.throw(typ, value, traceback)
  File "C:\Users\Hugh\Python_venvs\laptop_onshape_venv\lib\site-packages\starlette\_utils.py", line 83, in collapse_excgroups
    raise exc
  File "C:\Users\Hugh\Python_venvs\laptop_onshape_venv\lib\site-packages\starlette\middleware\base.py", line 184, in __call__
    response = await self.dispatch_func(request, call_next)
  File "C:\Users\Hugh\Python_venvs\laptop_onshape_venv\lib\site-packages\nicegui\middlewares.py", line 13, in dispatch
    response = await call_next(request)
  File "C:\Users\Hugh\Python_venvs\laptop_onshape_venv\lib\site-packages\starlette\middleware\base.py", line 159, in call_next
    raise app_exc
  File "C:\Users\Hugh\Python_venvs\laptop_onshape_venv\lib\site-packages\starlette\middleware\base.py", line 144, in coro
    await self.app(scope, receive_or_disconnect, send_no_error)
  File "C:\Users\Hugh\Python_venvs\laptop_onshape_venv\lib\site-packages\starlette\middleware\gzip.py", line 29, in __call__
    await responder(scope, receive, send)
  File "C:\Users\Hugh\Python_venvs\laptop_onshape_venv\lib\site-packages\starlette\middleware\gzip.py", line 130, in __call__
    await super().__call__(scope, receive, send)
  File "C:\Users\Hugh\Python_venvs\laptop_onshape_venv\lib\site-packages\starlette\middleware\gzip.py", line 46, in __call__
    await self.app(scope, receive, self.send_with_compression)
  File "C:\Users\Hugh\Python_venvs\laptop_onshape_venv\lib\site-packages\starlette\middleware\exceptions.py", line 63, in __call__
    await wrap_app_handling_exceptions(self.app, conn)(scope, receive, send)
  File "C:\Users\Hugh\Python_venvs\laptop_onshape_venv\lib\site-packages\starlette\_exception_handler.py", line 53, in wrapped_app
    raise exc
  File "C:\Users\Hugh\Python_venvs\laptop_onshape_venv\lib\site-packages\starlette\_exception_handler.py", line 42, in wrapped_app
    await app(scope, receive, sender)
  File "C:\Users\Hugh\Python_venvs\laptop_onshape_venv\lib\site-packages\starlette\routing.py", line 716, in __call__
    await self.middleware_stack(scope, receive, send)
  File "C:\Users\Hugh\Python_venvs\laptop_onshape_venv\lib\site-packages\starlette\routing.py", line 736, in app
    await route.handle(scope, receive, send)
  File "C:\Users\Hugh\Python_venvs\laptop_onshape_venv\lib\site-packages\starlette\routing.py", line 290, in handle
    await self.app(scope, receive, send)
  File "C:\Users\Hugh\Python_venvs\laptop_onshape_venv\lib\site-packages\starlette\routing.py", line 78, in app
    await wrap_app_handling_exceptions(app, request)(scope, receive, send)
  File "C:\Users\Hugh\Python_venvs\laptop_onshape_venv\lib\site-packages\starlette\_exception_handler.py", line 53, in wrapped_app
    raise exc
  File "C:\Users\Hugh\Python_venvs\laptop_onshape_venv\lib\site-packages\starlette\_exception_handler.py", line 42, in wrapped_app
    await app(scope, receive, sender)
  File "C:\Users\Hugh\Python_venvs\laptop_onshape_venv\lib\site-packages\starlette\routing.py", line 75, in app
    response = await f(request)
  File "C:\Users\Hugh\Python_venvs\laptop_onshape_venv\lib\site-packages\fastapi\routing.py", line 302, in app
    raw_response = await run_endpoint_function(
  File "C:\Users\Hugh\Python_venvs\laptop_onshape_venv\lib\site-packages\fastapi\routing.py", line 213, in run_endpoint_function
    return await dependant.call(**values)
  File "C:\Users\Hugh\Python_venvs\laptop_onshape_venv\lib\site-packages\nicegui\page.py", line 148, in decorated
    return create_error_page(e, request)
  File "C:\Users\Hugh\Python_venvs\laptop_onshape_venv\lib\site-packages\nicegui\page.py", line 115, in create_error_page
    raise e
  File "C:\Users\Hugh\Python_venvs\laptop_onshape_venv\lib\site-packages\nicegui\page.py", line 146, in decorated
    result = func(*dec_args, **dec_kwargs)
  File "E:\VulcanConnect2025-09\frontend\pages\profiles_export.py", line 23, in profiles_export_page
    options_page(ui_state)
  File "E:\VulcanConnect2025-09\frontend\pages\profiles_export.py", line 63, in options_page
    print( ui_state.ui_user_options.create_contact_sheet)
AttributeError: 'ProfilesUIState' object has no attribute 'ui_user_options'
ERROR:nicegui:'ProfilesUIState' object has no attribute 'ui_user_options'
  + Exception Group Traceback (most recent call last):
  |   File "C:\Users\Hugh\Python_venvs\laptop_onshape_venv\lib\site-packages\starlette\_utils.py", line 77, in collapse_excgroups
  |     yield
  |   File "C:\Users\Hugh\Python_venvs\laptop_onshape_venv\lib\site-packages\starlette\middleware\base.py", line 183, in __call__
  |     async with anyio.create_task_group() as task_group:
  |   File "C:\Users\Hugh\Python_venvs\laptop_onshape_venv\lib\site-packages\anyio\_backends\_asyncio.py", line 772, in __aexit__
  |     raise BaseExceptionGroup(
  | exceptiongroup.ExceptionGroup: unhandled errors in a TaskGroup (1 sub-exception)
  +-+---------------- 1 ----------------
    | Traceback (most recent call last):
    |   File "C:\Users\Hugh\Python_venvs\laptop_onshape_venv\lib\site-packages\starlette\middleware\errors.py", line 164, in __call__
    |     await self.app(scope, receive, _send)
    |   File "C:\Users\Hugh\Python_venvs\laptop_onshape_venv\lib\site-packages\starlette\middleware\base.py", line 182, in __call__
    |     with recv_stream, send_stream, collapse_excgroups():
    |   File "C:\Users\Hugh\AppData\Local\Programs\Python\Python310\lib\contextlib.py", line 153, in __exit__
    |     self.gen.throw(typ, value, traceback)
    |   File "C:\Users\Hugh\Python_venvs\laptop_onshape_venv\lib\site-packages\starlette\_utils.py", line 83, in collapse_excgroups
    |     raise exc
    |   File "C:\Users\Hugh\Python_venvs\laptop_onshape_venv\lib\site-packages\starlette\middleware\base.py", line 184, in __call__
    |     response = await self.dispatch_func(request, call_next)
    |   File "C:\Users\Hugh\Python_venvs\laptop_onshape_venv\lib\site-packages\nicegui\middlewares.py", line 23, in dispatch
    |     response = await call_next(request)
    |   File "C:\Users\Hugh\Python_venvs\laptop_onshape_venv\lib\site-packages\starlette\middleware\base.py", line 159, in call_next
    |     raise app_exc
    |   File "C:\Users\Hugh\Python_venvs\laptop_onshape_venv\lib\site-packages\starlette\middleware\base.py", line 144, in coro
    |     await self.app(scope, receive_or_disconnect, send_no_error)
    |   File "C:\Users\Hugh\Python_venvs\laptop_onshape_venv\lib\site-packages\starlette\middleware\base.py", line 182, in __call__
    |     with recv_stream, send_stream, collapse_excgroups():
    |   File "C:\Users\Hugh\AppData\Local\Programs\Python\Python310\lib\contextlib.py", line 153, in __exit__
    |     self.gen.throw(typ, value, traceback)
    |   File "C:\Users\Hugh\Python_venvs\laptop_onshape_venv\lib\site-packages\starlette\_utils.py", line 83, in collapse_excgroups
    |     raise exc
    |   File "C:\Users\Hugh\Python_venvs\laptop_onshape_venv\lib\site-packages\starlette\middleware\base.py", line 184, in __call__
    |     response = await self.dispatch_func(request, call_next)
    |   File "C:\Users\Hugh\Python_venvs\laptop_onshape_venv\lib\site-packages\nicegui\middlewares.py", line 13, in dispatch
    |     response = await call_next(request)
    |   File "C:\Users\Hugh\Python_venvs\laptop_onshape_venv\lib\site-packages\starlette\middleware\base.py", line 159, in call_next
    |     raise app_exc
    |   File "C:\Users\Hugh\Python_venvs\laptop_onshape_venv\lib\site-packages\starlette\middleware\base.py", line 144, in coro
    |     await self.app(scope, receive_or_disconnect, send_no_error)
    |   File "C:\Users\Hugh\Python_venvs\laptop_onshape_venv\lib\site-packages\starlette\middleware\gzip.py", line 29, in __call__
    |     await responder(scope, receive, send)
    |   File "C:\Users\Hugh\Python_venvs\laptop_onshape_venv\lib\site-packages\starlette\middleware\gzip.py", line 130, in __call__
    |     await super().__call__(scope, receive, send)
    |   File "C:\Users\Hugh\Python_venvs\laptop_onshape_venv\lib\site-packages\starlette\middleware\gzip.py", line 46, in __call__
    |     await self.app(scope, receive, self.send_with_compression)
    |   File "C:\Users\Hugh\Python_venvs\laptop_onshape_venv\lib\site-packages\starlette\middleware\exceptions.py", line 63, in __call__
    |     await wrap_app_handling_exceptions(self.app, conn)(scope, receive, send)
    |   File "C:\Users\Hugh\Python_venvs\laptop_onshape_venv\lib\site-packages\starlette\_exception_handler.py", line 53, in wrapped_app
    |     raise exc
    |   File "C:\Users\Hugh\Python_venvs\laptop_onshape_venv\lib\site-packages\starlette\_exception_handler.py", line 42, in wrapped_app
    |     await app(scope, receive, sender)
    |   File "C:\Users\Hugh\Python_venvs\laptop_onshape_venv\lib\site-packages\starlette\routing.py", line 716, in __call__
    |     await self.middleware_stack(scope, receive, send)
    |   File "C:\Users\Hugh\Python_venvs\laptop_onshape_venv\lib\site-packages\starlette\routing.py", line 736, in app
    |     await route.handle(scope, receive, send)
    |   File "C:\Users\Hugh\Python_venvs\laptop_onshape_venv\lib\site-packages\starlette\routing.py", line 290, in handle
    |     await self.app(scope, receive, send)
    |   File "C:\Users\Hugh\Python_venvs\laptop_onshape_venv\lib\site-packages\starlette\routing.py", line 78, in app
    |     await wrap_app_handling_exceptions(app, request)(scope, receive, send)
    |   File "C:\Users\Hugh\Python_venvs\laptop_onshape_venv\lib\site-packages\starlette\_exception_handler.py", line 53, in wrapped_app
    |     raise exc
    |   File "C:\Users\Hugh\Python_venvs\laptop_onshape_venv\lib\site-packages\starlette\_exception_handler.py", line 42, in wrapped_app
    |     await app(scope, receive, sender)
    |   File "C:\Users\Hugh\Python_venvs\laptop_onshape_venv\lib\site-packages\starlette\routing.py", line 75, in app
    |     response = await f(request)
    |   File "C:\Users\Hugh\Python_venvs\laptop_onshape_venv\lib\site-packages\fastapi\routing.py", line 302, in app
    |     raw_response = await run_endpoint_function(
    |   File "C:\Users\Hugh\Python_venvs\laptop_onshape_venv\lib\site-packages\fastapi\routing.py", line 213, in run_endpoint_function
    |     return await dependant.call(**values)
    |   File "C:\Users\Hugh\Python_venvs\laptop_onshape_venv\lib\site-packages\nicegui\page.py", line 148, in decorated
    |     return create_error_page(e, request)
    |   File "C:\Users\Hugh\Python_venvs\laptop_onshape_venv\lib\site-packages\nicegui\page.py", line 115, in create_error_page
    |     raise e
    |   File "C:\Users\Hugh\Python_venvs\laptop_onshape_venv\lib\site-packages\nicegui\page.py", line 146, in decorated
    |     result = func(*dec_args, **dec_kwargs)
    |   File "E:\VulcanConnect2025-09\frontend\pages\profiles_export.py", line 23, in profiles_export_page
    |     options_page(ui_state)
    |   File "E:\VulcanConnect2025-09\frontend\pages\profiles_export.py", line 63, in options_page
    |     print( ui_state.ui_user_options.create_contact_sheet)
    | AttributeError: 'ProfilesUIState' object has no attribute 'ui_user_options'
    +------------------------------------

During handling of the above exception, another exception occurred:

Traceback (most recent call last):
  File "C:\Users\Hugh\Python_venvs\laptop_onshape_venv\lib\site-packages\starlette\middleware\errors.py", line 164, in __call__
    await self.app(scope, receive, _send)
  File "C:\Users\Hugh\Python_venvs\laptop_onshape_venv\lib\site-packages\starlette\middleware\base.py", line 182, in __call__
    with recv_stream, send_stream, collapse_excgroups():
  File "C:\Users\Hugh\AppData\Local\Programs\Python\Python310\lib\contextlib.py", line 153, in __exit__
    self.gen.throw(typ, value, traceback)
  File "C:\Users\Hugh\Python_venvs\laptop_onshape_venv\lib\site-packages\starlette\_utils.py", line 83, in collapse_excgroups
    raise exc
  File "C:\Users\Hugh\Python_venvs\laptop_onshape_venv\lib\site-packages\starlette\middleware\base.py", line 184, in __call__
    response = await self.dispatch_func(request, call_next)
  File "C:\Users\Hugh\Python_venvs\laptop_onshape_venv\lib\site-packages\nicegui\middlewares.py", line 23, in dispatch
    response = await call_next(request)
  File "C:\Users\Hugh\Python_venvs\laptop_onshape_venv\lib\site-packages\starlette\middleware\base.py", line 159, in call_next
    raise app_exc
  File "C:\Users\Hugh\Python_venvs\laptop_onshape_venv\lib\site-packages\starlette\middleware\base.py", line 144, in coro
    await self.app(scope, receive_or_disconnect, send_no_error)
  File "C:\Users\Hugh\Python_venvs\laptop_onshape_venv\lib\site-packages\starlette\middleware\base.py", line 182, in __call__
    with recv_stream, send_stream, collapse_excgroups():
  File "C:\Users\Hugh\AppData\Local\Programs\Python\Python310\lib\contextlib.py", line 153, in __exit__
    self.gen.throw(typ, value, traceback)
  File "C:\Users\Hugh\Python_venvs\laptop_onshape_venv\lib\site-packages\starlette\_utils.py", line 83, in collapse_excgroups
    raise exc
  File "C:\Users\Hugh\Python_venvs\laptop_onshape_venv\lib\site-packages\starlette\middleware\base.py", line 184, in __call__
    response = await self.dispatch_func(request, call_next)
  File "C:\Users\Hugh\Python_venvs\laptop_onshape_venv\lib\site-packages\nicegui\middlewares.py", line 13, in dispatch
    response = await call_next(request)
  File "C:\Users\Hugh\Python_venvs\laptop_onshape_venv\lib\site-packages\starlette\middleware\base.py", line 159, in call_next
    raise app_exc
  File "C:\Users\Hugh\Python_venvs\laptop_onshape_venv\lib\site-packages\starlette\middleware\base.py", line 144, in coro
    await self.app(scope, receive_or_disconnect, send_no_error)
  File "C:\Users\Hugh\Python_venvs\laptop_onshape_venv\lib\site-packages\starlette\middleware\gzip.py", line 29, in __call__
    await responder(scope, receive, send)
  File "C:\Users\Hugh\Python_venvs\laptop_onshape_venv\lib\site-packages\starlette\middleware\gzip.py", line 130, in __call__
    await super().__call__(scope, receive, send)
  File "C:\Users\Hugh\Python_venvs\laptop_onshape_venv\lib\site-packages\starlette\middleware\gzip.py", line 46, in __call__
    await self.app(scope, receive, self.send_with_compression)
  File "C:\Users\Hugh\Python_venvs\laptop_onshape_venv\lib\site-packages\starlette\middleware\exceptions.py", line 63, in __call__
    await wrap_app_handling_exceptions(self.app, conn)(scope, receive, send)
  File "C:\Users\Hugh\Python_venvs\laptop_onshape_venv\lib\site-packages\starlette\_exception_handler.py", line 53, in wrapped_app
    raise exc
  File "C:\Users\Hugh\Python_venvs\laptop_onshape_venv\lib\site-packages\starlette\_exception_handler.py", line 42, in wrapped_app
    await app(scope, receive, sender)
  File "C:\Users\Hugh\Python_venvs\laptop_onshape_venv\lib\site-packages\starlette\routing.py", line 716, in __call__
    await self.middleware_stack(scope, receive, send)
  File "C:\Users\Hugh\Python_venvs\laptop_onshape_venv\lib\site-packages\starlette\routing.py", line 736, in app
    await route.handle(scope, receive, send)
  File "C:\Users\Hugh\Python_venvs\laptop_onshape_venv\lib\site-packages\starlette\routing.py", line 290, in handle
    await self.app(scope, receive, send)
  File "C:\Users\Hugh\Python_venvs\laptop_onshape_venv\lib\site-packages\starlette\routing.py", line 78, in app
    await wrap_app_handling_exceptions(app, request)(scope, receive, send)
  File "C:\Users\Hugh\Python_venvs\laptop_onshape_venv\lib\site-packages\starlette\_exception_handler.py", line 53, in wrapped_app
    raise exc
  File "C:\Users\Hugh\Python_venvs\laptop_onshape_venv\lib\site-packages\starlette\_exception_handler.py", line 42, in wrapped_app
    await app(scope, receive, sender)
  File "C:\Users\Hugh\Python_venvs\laptop_onshape_venv\lib\site-packages\starlette\routing.py", line 75, in app
    response = await f(request)
  File "C:\Users\Hugh\Python_venvs\laptop_onshape_venv\lib\site-packages\fastapi\routing.py", line 302, in app
    raw_response = await run_endpoint_function(
  File "C:\Users\Hugh\Python_venvs\laptop_onshape_venv\lib\site-packages\fastapi\routing.py", line 213, in run_endpoint_function
    return await dependant.call(**values)
  File "C:\Users\Hugh\Python_venvs\laptop_onshape_venv\lib\site-packages\nicegui\page.py", line 148, in decorated
    return create_error_page(e, request)
  File "C:\Users\Hugh\Python_venvs\laptop_onshape_venv\lib\site-packages\nicegui\page.py", line 115, in create_error_page
    raise e
  File "C:\Users\Hugh\Python_venvs\laptop_onshape_venv\lib\site-packages\nicegui\page.py", line 146, in decorated
    result = func(*dec_args, **dec_kwargs)
  File "E:\VulcanConnect2025-09\frontend\pages\profiles_export.py", line 23, in profiles_export_page
    options_page(ui_state)
  File "E:\VulcanConnect2025-09\frontend\pages\profiles_export.py", line 63, in options_page
    print( ui_state.ui_user_options.create_contact_sheet)
AttributeError: 'ProfilesUIState' object has no attribute 'ui_user_options'
ERROR:nicegui:'UserOptions' object has no attribute 'ui_options'
  + Exception Group Traceback (most recent call last):
  |   File "C:\Users\Hugh\Python_venvs\laptop_onshape_venv\lib\site-packages\starlette\_utils.py", line 77, in collapse_excgroups
  |     yield
  |   File "C:\Users\Hugh\Python_venvs\laptop_onshape_venv\lib\site-packages\starlette\middleware\base.py", line 183, in __call__
  |     async with anyio.create_task_group() as task_group:
  |   File "C:\Users\Hugh\Python_venvs\laptop_onshape_venv\lib\site-packages\anyio\_backends\_asyncio.py", line 772, in __aexit__
  |     raise BaseExceptionGroup(
  | exceptiongroup.ExceptionGroup: unhandled errors in a TaskGroup (1 sub-exception)
  +-+---------------- 1 ----------------
    | Traceback (most recent call last):
    |   File "C:\Users\Hugh\Python_venvs\laptop_onshape_venv\lib\site-packages\starlette\middleware\errors.py", line 164, in __call__
    |     await self.app(scope, receive, _send)
    |   File "C:\Users\Hugh\Python_venvs\laptop_onshape_venv\lib\site-packages\starlette\middleware\base.py", line 182, in __call__
    |     with recv_stream, send_stream, collapse_excgroups():
    |   File "C:\Users\Hugh\AppData\Local\Programs\Python\Python310\lib\contextlib.py", line 153, in __exit__
    |     self.gen.throw(typ, value, traceback)
    |   File "C:\Users\Hugh\Python_venvs\laptop_onshape_venv\lib\site-packages\starlette\_utils.py", line 83, in collapse_excgroups
    |     raise exc
    |   File "C:\Users\Hugh\Python_venvs\laptop_onshape_venv\lib\site-packages\starlette\middleware\base.py", line 184, in __call__
    |     response = await self.dispatch_func(request, call_next)
    |   File "C:\Users\Hugh\Python_venvs\laptop_onshape_venv\lib\site-packages\nicegui\middlewares.py", line 23, in dispatch
    |     response = await call_next(request)
    |   File "C:\Users\Hugh\Python_venvs\laptop_onshape_venv\lib\site-packages\starlette\middleware\base.py", line 159, in call_next
    |     raise app_exc
    |   File "C:\Users\Hugh\Python_venvs\laptop_onshape_venv\lib\site-packages\starlette\middleware\base.py", line 144, in coro
    |     await self.app(scope, receive_or_disconnect, send_no_error)
    |   File "C:\Users\Hugh\Python_venvs\laptop_onshape_venv\lib\site-packages\starlette\middleware\base.py", line 182, in __call__
    |     with recv_stream, send_stream, collapse_excgroups():
    |   File "C:\Users\Hugh\AppData\Local\Programs\Python\Python310\lib\contextlib.py", line 153, in __exit__
    |     self.gen.throw(typ, value, traceback)
    |   File "C:\Users\Hugh\Python_venvs\laptop_onshape_venv\lib\site-packages\starlette\_utils.py", line 83, in collapse_excgroups
    |     raise exc
    |   File "C:\Users\Hugh\Python_venvs\laptop_onshape_venv\lib\site-packages\starlette\middleware\base.py", line 184, in __call__
    |     response = await self.dispatch_func(request, call_next)
    |   File "C:\Users\Hugh\Python_venvs\laptop_onshape_venv\lib\site-packages\nicegui\middlewares.py", line 13, in dispatch
    |     response = await call_next(request)
    |   File "C:\Users\Hugh\Python_venvs\laptop_onshape_venv\lib\site-packages\starlette\middleware\base.py", line 159, in call_next
    |     raise app_exc
    |   File "C:\Users\Hugh\Python_venvs\laptop_onshape_venv\lib\site-packages\starlette\middleware\base.py", line 144, in coro
    |     await self.app(scope, receive_or_disconnect, send_no_error)
    |   File "C:\Users\Hugh\Python_venvs\laptop_onshape_venv\lib\site-packages\starlette\middleware\gzip.py", line 29, in __call__
    |     await responder(scope, receive, send)
    |   File "C:\Users\Hugh\Python_venvs\laptop_onshape_venv\lib\site-packages\starlette\middleware\gzip.py", line 130, in __call__
    |     await super().__call__(scope, receive, send)
    |   File "C:\Users\Hugh\Python_venvs\laptop_onshape_venv\lib\site-packages\starlette\middleware\gzip.py", line 46, in __call__
    |     await self.app(scope, receive, self.send_with_compression)
    |   File "C:\Users\Hugh\Python_venvs\laptop_onshape_venv\lib\site-packages\starlette\middleware\exceptions.py", line 63, in __call__
    |     await wrap_app_handling_exceptions(self.app, conn)(scope, receive, send)
    |   File "C:\Users\Hugh\Python_venvs\laptop_onshape_venv\lib\site-packages\starlette\_exception_handler.py", line 53, in wrapped_app
    |     raise exc
    |   File "C:\Users\Hugh\Python_venvs\laptop_onshape_venv\lib\site-packages\starlette\_exception_handler.py", line 42, in wrapped_app
    |     await app(scope, receive, sender)
    |   File "C:\Users\Hugh\Python_venvs\laptop_onshape_venv\lib\site-packages\starlette\routing.py", line 716, in __call__
    |     await self.middleware_stack(scope, receive, send)
    |   File "C:\Users\Hugh\Python_venvs\laptop_onshape_venv\lib\site-packages\starlette\routing.py", line 736, in app
    |     await route.handle(scope, receive, send)
    |   File "C:\Users\Hugh\Python_venvs\laptop_onshape_venv\lib\site-packages\starlette\routing.py", line 290, in handle
    |     await self.app(scope, receive, send)
    |   File "C:\Users\Hugh\Python_venvs\laptop_onshape_venv\lib\site-packages\starlette\routing.py", line 78, in app
    |     await wrap_app_handling_exceptions(app, request)(scope, receive, send)
    |   File "C:\Users\Hugh\Python_venvs\laptop_onshape_venv\lib\site-packages\starlette\_exception_handler.py", line 53, in wrapped_app
    |     raise exc
    |   File "C:\Users\Hugh\Python_venvs\laptop_onshape_venv\lib\site-packages\starlette\_exception_handler.py", line 42, in wrapped_app
    |     await app(scope, receive, sender)
    |   File "C:\Users\Hugh\Python_venvs\laptop_onshape_venv\lib\site-packages\starlette\routing.py", line 75, in app
    |     response = await f(request)
    |   File "C:\Users\Hugh\Python_venvs\laptop_onshape_venv\lib\site-packages\fastapi\routing.py", line 302, in app
    |     raw_response = await run_endpoint_function(
    |   File "C:\Users\Hugh\Python_venvs\laptop_onshape_venv\lib\site-packages\fastapi\routing.py", line 213, in run_endpoint_function
    |     return await dependant.call(**values)
    |   File "C:\Users\Hugh\Python_venvs\laptop_onshape_venv\lib\site-packages\nicegui\page.py", line 148, in decorated
    |     return create_error_page(e, request)
    |   File "C:\Users\Hugh\Python_venvs\laptop_onshape_venv\lib\site-packages\nicegui\page.py", line 115, in create_error_page
    |     raise e
    |   File "C:\Users\Hugh\Python_venvs\laptop_onshape_venv\lib\site-packages\nicegui\page.py", line 146, in decorated
    |     result = func(*dec_args, **dec_kwargs)
    |   File "E:\VulcanConnect2025-09\frontend\pages\profiles_export.py", line 23, in profiles_export_page
    |     options_page(ui_state)
    |   File "E:\VulcanConnect2025-09\frontend\pages\profiles_export.py", line 56, in options_page
    |     ui_state.ui_options.ui_options.create_contact_sheet = ui.checkbox('Create contact sheet', value=True)
    | AttributeError: 'UserOptions' object has no attribute 'ui_options'. Did you mean: 'hole_options'?
    +------------------------------------

During handling of the above exception, another exception occurred:

Traceback (most recent call last):
  File "C:\Users\Hugh\Python_venvs\laptop_onshape_venv\lib\site-packages\starlette\middleware\errors.py", line 164, in __call__
    await self.app(scope, receive, _send)
  File "C:\Users\Hugh\Python_venvs\laptop_onshape_venv\lib\site-packages\starlette\middleware\base.py", line 182, in __call__
    with recv_stream, send_stream, collapse_excgroups():
  File "C:\Users\Hugh\AppData\Local\Programs\Python\Python310\lib\contextlib.py", line 153, in __exit__
    self.gen.throw(typ, value, traceback)
  File "C:\Users\Hugh\Python_venvs\laptop_onshape_venv\lib\site-packages\starlette\_utils.py", line 83, in collapse_excgroups
    raise exc
  File "C:\Users\Hugh\Python_venvs\laptop_onshape_venv\lib\site-packages\starlette\middleware\base.py", line 184, in __call__
    response = await self.dispatch_func(request, call_next)
  File "C:\Users\Hugh\Python_venvs\laptop_onshape_venv\lib\site-packages\nicegui\middlewares.py", line 23, in dispatch
    response = await call_next(request)
  File "C:\Users\Hugh\Python_venvs\laptop_onshape_venv\lib\site-packages\starlette\middleware\base.py", line 159, in call_next
    raise app_exc
  File "C:\Users\Hugh\Python_venvs\laptop_onshape_venv\lib\site-packages\starlette\middleware\base.py", line 144, in coro
    await self.app(scope, receive_or_disconnect, send_no_error)
  File "C:\Users\Hugh\Python_venvs\laptop_onshape_venv\lib\site-packages\starlette\middleware\base.py", line 182, in __call__
    with recv_stream, send_stream, collapse_excgroups():
  File "C:\Users\Hugh\AppData\Local\Programs\Python\Python310\lib\contextlib.py", line 153, in __exit__
    self.gen.throw(typ, value, traceback)
  File "C:\Users\Hugh\Python_venvs\laptop_onshape_venv\lib\site-packages\starlette\_utils.py", line 83, in collapse_excgroups
    raise exc
  File "C:\Users\Hugh\Python_venvs\laptop_onshape_venv\lib\site-packages\starlette\middleware\base.py", line 184, in __call__
    response = await self.dispatch_func(request, call_next)
  File "C:\Users\Hugh\Python_venvs\laptop_onshape_venv\lib\site-packages\nicegui\middlewares.py", line 13, in dispatch
    response = await call_next(request)
  File "C:\Users\Hugh\Python_venvs\laptop_onshape_venv\lib\site-packages\starlette\middleware\base.py", line 159, in call_next
    raise app_exc
  File "C:\Users\Hugh\Python_venvs\laptop_onshape_venv\lib\site-packages\starlette\middleware\base.py", line 144, in coro
    await self.app(scope, receive_or_disconnect, send_no_error)
  File "C:\Users\Hugh\Python_venvs\laptop_onshape_venv\lib\site-packages\starlette\middleware\gzip.py", line 29, in __call__
    await responder(scope, receive, send)
  File "C:\Users\Hugh\Python_venvs\laptop_onshape_venv\lib\site-packages\starlette\middleware\gzip.py", line 130, in __call__
    await super().__call__(scope, receive, send)
  File "C:\Users\Hugh\Python_venvs\laptop_onshape_venv\lib\site-packages\starlette\middleware\gzip.py", line 46, in __call__
    await self.app(scope, receive, self.send_with_compression)
  File "C:\Users\Hugh\Python_venvs\laptop_onshape_venv\lib\site-packages\starlette\middleware\exceptions.py", line 63, in __call__
    await wrap_app_handling_exceptions(self.app, conn)(scope, receive, send)
  File "C:\Users\Hugh\Python_venvs\laptop_onshape_venv\lib\site-packages\starlette\_exception_handler.py", line 53, in wrapped_app
    raise exc
  File "C:\Users\Hugh\Python_venvs\laptop_onshape_venv\lib\site-packages\starlette\_exception_handler.py", line 42, in wrapped_app
    await app(scope, receive, sender)
  File "C:\Users\Hugh\Python_venvs\laptop_onshape_venv\lib\site-packages\starlette\routing.py", line 716, in __call__
    await self.middleware_stack(scope, receive, send)
  File "C:\Users\Hugh\Python_venvs\laptop_onshape_venv\lib\site-packages\starlette\routing.py", line 736, in app
    await route.handle(scope, receive, send)
  File "C:\Users\Hugh\Python_venvs\laptop_onshape_venv\lib\site-packages\starlette\routing.py", line 290, in handle
    await self.app(scope, receive, send)
  File "C:\Users\Hugh\Python_venvs\laptop_onshape_venv\lib\site-packages\starlette\routing.py", line 78, in app
    await wrap_app_handling_exceptions(app, request)(scope, receive, send)
  File "C:\Users\Hugh\Python_venvs\laptop_onshape_venv\lib\site-packages\starlette\_exception_handler.py", line 53, in wrapped_app
    raise exc
  File "C:\Users\Hugh\Python_venvs\laptop_onshape_venv\lib\site-packages\starlette\_exception_handler.py", line 42, in wrapped_app
    await app(scope, receive, sender)
  File "C:\Users\Hugh\Python_venvs\laptop_onshape_venv\lib\site-packages\starlette\routing.py", line 75, in app
    response = await f(request)
  File "C:\Users\Hugh\Python_venvs\laptop_onshape_venv\lib\site-packages\fastapi\routing.py", line 302, in app
    raw_response = await run_endpoint_function(
  File "C:\Users\Hugh\Python_venvs\laptop_onshape_venv\lib\site-packages\fastapi\routing.py", line 213, in run_endpoint_function
    return await dependant.call(**values)
  File "C:\Users\Hugh\Python_venvs\laptop_onshape_venv\lib\site-packages\nicegui\page.py", line 148, in decorated
    return create_error_page(e, request)
  File "C:\Users\Hugh\Python_venvs\laptop_onshape_venv\lib\site-packages\nicegui\page.py", line 115, in create_error_page
    raise e
  File "C:\Users\Hugh\Python_venvs\laptop_onshape_venv\lib\site-packages\nicegui\page.py", line 146, in decorated
    result = func(*dec_args, **dec_kwargs)
  File "E:\VulcanConnect2025-09\frontend\pages\profiles_export.py", line 23, in profiles_export_page
    options_page(ui_state)
  File "E:\VulcanConnect2025-09\frontend\pages\profiles_export.py", line 56, in options_page
    ui_state.ui_options.ui_options.create_contact_sheet = ui.checkbox('Create contact sheet', value=True)
AttributeError: 'UserOptions' object has no attribute 'ui_options'. Did you mean: 'hole_options'?
ERROR:nicegui:'Tab' object has no attribute 'bind_value'
  + Exception Group Traceback (most recent call last):
  |   File "C:\Users\Hugh\Python_venvs\laptop_onshape_venv\lib\site-packages\starlette\_utils.py", line 77, in collapse_excgroups
  |     yield
  |   File "C:\Users\Hugh\Python_venvs\laptop_onshape_venv\lib\site-packages\starlette\middleware\base.py", line 183, in __call__
  |     async with anyio.create_task_group() as task_group:
  |   File "C:\Users\Hugh\Python_venvs\laptop_onshape_venv\lib\site-packages\anyio\_backends\_asyncio.py", line 772, in __aexit__
  |     raise BaseExceptionGroup(
  | exceptiongroup.ExceptionGroup: unhandled errors in a TaskGroup (1 sub-exception)
  +-+---------------- 1 ----------------
    | Traceback (most recent call last):
    |   File "C:\Users\Hugh\Python_venvs\laptop_onshape_venv\lib\site-packages\starlette\middleware\errors.py", line 164, in __call__
    |     await self.app(scope, receive, _send)
    |   File "C:\Users\Hugh\Python_venvs\laptop_onshape_venv\lib\site-packages\starlette\middleware\base.py", line 182, in __call__
    |     with recv_stream, send_stream, collapse_excgroups():
    |   File "C:\Users\Hugh\AppData\Local\Programs\Python\Python310\lib\contextlib.py", line 153, in __exit__
    |     self.gen.throw(typ, value, traceback)
    |   File "C:\Users\Hugh\Python_venvs\laptop_onshape_venv\lib\site-packages\starlette\_utils.py", line 83, in collapse_excgroups
    |     raise exc
    |   File "C:\Users\Hugh\Python_venvs\laptop_onshape_venv\lib\site-packages\starlette\middleware\base.py", line 184, in __call__
    |     response = await self.dispatch_func(request, call_next)
    |   File "C:\Users\Hugh\Python_venvs\laptop_onshape_venv\lib\site-packages\nicegui\middlewares.py", line 23, in dispatch
    |     response = await call_next(request)
    |   File "C:\Users\Hugh\Python_venvs\laptop_onshape_venv\lib\site-packages\starlette\middleware\base.py", line 159, in call_next
    |     raise app_exc
    |   File "C:\Users\Hugh\Python_venvs\laptop_onshape_venv\lib\site-packages\starlette\middleware\base.py", line 144, in coro
    |     await self.app(scope, receive_or_disconnect, send_no_error)
    |   File "C:\Users\Hugh\Python_venvs\laptop_onshape_venv\lib\site-packages\starlette\middleware\base.py", line 182, in __call__
    |     with recv_stream, send_stream, collapse_excgroups():
    |   File "C:\Users\Hugh\AppData\Local\Programs\Python\Python310\lib\contextlib.py", line 153, in __exit__
    |     self.gen.throw(typ, value, traceback)
    |   File "C:\Users\Hugh\Python_venvs\laptop_onshape_venv\lib\site-packages\starlette\_utils.py", line 83, in collapse_excgroups
    |     raise exc
    |   File "C:\Users\Hugh\Python_venvs\laptop_onshape_venv\lib\site-packages\starlette\middleware\base.py", line 184, in __call__
    |     response = await self.dispatch_func(request, call_next)
    |   File "C:\Users\Hugh\Python_venvs\laptop_onshape_venv\lib\site-packages\nicegui\middlewares.py", line 13, in dispatch
    |     response = await call_next(request)
    |   File "C:\Users\Hugh\Python_venvs\laptop_onshape_venv\lib\site-packages\starlette\middleware\base.py", line 159, in call_next
    |     raise app_exc
    |   File "C:\Users\Hugh\Python_venvs\laptop_onshape_venv\lib\site-packages\starlette\middleware\base.py", line 144, in coro
    |     await self.app(scope, receive_or_disconnect, send_no_error)
    |   File "C:\Users\Hugh\Python_venvs\laptop_onshape_venv\lib\site-packages\starlette\middleware\gzip.py", line 29, in __call__
    |     await responder(scope, receive, send)
    |   File "C:\Users\Hugh\Python_venvs\laptop_onshape_venv\lib\site-packages\starlette\middleware\gzip.py", line 130, in __call__
    |     await super().__call__(scope, receive, send)
    |   File "C:\Users\Hugh\Python_venvs\laptop_onshape_venv\lib\site-packages\starlette\middleware\gzip.py", line 46, in __call__
    |     await self.app(scope, receive, self.send_with_compression)
    |   File "C:\Users\Hugh\Python_venvs\laptop_onshape_venv\lib\site-packages\starlette\middleware\exceptions.py", line 63, in __call__
    |     await wrap_app_handling_exceptions(self.app, conn)(scope, receive, send)
    |   File "C:\Users\Hugh\Python_venvs\laptop_onshape_venv\lib\site-packages\starlette\_exception_handler.py", line 53, in wrapped_app
    |     raise exc
    |   File "C:\Users\Hugh\Python_venvs\laptop_onshape_venv\lib\site-packages\starlette\_exception_handler.py", line 42, in wrapped_app
    |     await app(scope, receive, sender)
    |   File "C:\Users\Hugh\Python_venvs\laptop_onshape_venv\lib\site-packages\starlette\routing.py", line 716, in __call__
    |     await self.middleware_stack(scope, receive, send)
    |   File "C:\Users\Hugh\Python_venvs\laptop_onshape_venv\lib\site-packages\starlette\routing.py", line 736, in app
    |     await route.handle(scope, receive, send)
    |   File "C:\Users\Hugh\Python_venvs\laptop_onshape_venv\lib\site-packages\starlette\routing.py", line 290, in handle
    |     await self.app(scope, receive, send)
    |   File "C:\Users\Hugh\Python_venvs\laptop_onshape_venv\lib\site-packages\starlette\routing.py", line 78, in app
    |     await wrap_app_handling_exceptions(app, request)(scope, receive, send)
    |   File "C:\Users\Hugh\Python_venvs\laptop_onshape_venv\lib\site-packages\starlette\_exception_handler.py", line 53, in wrapped_app
    |     raise exc
    |   File "C:\Users\Hugh\Python_venvs\laptop_onshape_venv\lib\site-packages\starlette\_exception_handler.py", line 42, in wrapped_app
    |     await app(scope, receive, sender)
    |   File "C:\Users\Hugh\Python_venvs\laptop_onshape_venv\lib\site-packages\starlette\routing.py", line 75, in app
    |     response = await f(request)
    |   File "C:\Users\Hugh\Python_venvs\laptop_onshape_venv\lib\site-packages\fastapi\routing.py", line 302, in app
    |     raw_response = await run_endpoint_function(
    |   File "C:\Users\Hugh\Python_venvs\laptop_onshape_venv\lib\site-packages\fastapi\routing.py", line 213, in run_endpoint_function
    |     return await dependant.call(**values)
    |   File "C:\Users\Hugh\Python_venvs\laptop_onshape_venv\lib\site-packages\nicegui\page.py", line 148, in decorated
    |     return create_error_page(e, request)
    |   File "C:\Users\Hugh\Python_venvs\laptop_onshape_venv\lib\site-packages\nicegui\page.py", line 115, in create_error_page
    |     raise e
    |   File "C:\Users\Hugh\Python_venvs\laptop_onshape_venv\lib\site-packages\nicegui\page.py", line 146, in decorated
    |     result = func(*dec_args, **dec_kwargs)
    |   File "E:\VulcanConnect2025-09\frontend\pages\profiles_export.py", line 25, in profiles_export_page
    |     with ui.tab_panels(tab):
    |   File "C:\Users\Hugh\Python_venvs\laptop_onshape_venv\lib\site-packages\nicegui\elements\tabs.py", line 78, in __init__
    |     tabs.bind_value(self, 'value')
    | AttributeError: 'Tab' object has no attribute 'bind_value'
    +------------------------------------

During handling of the above exception, another exception occurred:

Traceback (most recent call last):
  File "C:\Users\Hugh\Python_venvs\laptop_onshape_venv\lib\site-packages\starlette\middleware\errors.py", line 164, in __call__
    await self.app(scope, receive, _send)
  File "C:\Users\Hugh\Python_venvs\laptop_onshape_venv\lib\site-packages\starlette\middleware\base.py", line 182, in __call__
    with recv_stream, send_stream, collapse_excgroups():
  File "C:\Users\Hugh\AppData\Local\Programs\Python\Python310\lib\contextlib.py", line 153, in __exit__
    self.gen.throw(typ, value, traceback)
  File "C:\Users\Hugh\Python_venvs\laptop_onshape_venv\lib\site-packages\starlette\_utils.py", line 83, in collapse_excgroups
    raise exc
  File "C:\Users\Hugh\Python_venvs\laptop_onshape_venv\lib\site-packages\starlette\middleware\base.py", line 184, in __call__
    response = await self.dispatch_func(request, call_next)
  File "C:\Users\Hugh\Python_venvs\laptop_onshape_venv\lib\site-packages\nicegui\middlewares.py", line 23, in dispatch
    response = await call_next(request)
  File "C:\Users\Hugh\Python_venvs\laptop_onshape_venv\lib\site-packages\starlette\middleware\base.py", line 159, in call_next
    raise app_exc
  File "C:\Users\Hugh\Python_venvs\laptop_onshape_venv\lib\site-packages\starlette\middleware\base.py", line 144, in coro
    await self.app(scope, receive_or_disconnect, send_no_error)
  File "C:\Users\Hugh\Python_venvs\laptop_onshape_venv\lib\site-packages\starlette\middleware\base.py", line 182, in __call__
    with recv_stream, send_stream, collapse_excgroups():
  File "C:\Users\Hugh\AppData\Local\Programs\Python\Python310\lib\contextlib.py", line 153, in __exit__
    self.gen.throw(typ, value, traceback)
  File "C:\Users\Hugh\Python_venvs\laptop_onshape_venv\lib\site-packages\starlette\_utils.py", line 83, in collapse_excgroups
    raise exc
  File "C:\Users\Hugh\Python_venvs\laptop_onshape_venv\lib\site-packages\starlette\middleware\base.py", line 184, in __call__
    response = await self.dispatch_func(request, call_next)
  File "C:\Users\Hugh\Python_venvs\laptop_onshape_venv\lib\site-packages\nicegui\middlewares.py", line 13, in dispatch
    response = await call_next(request)
  File "C:\Users\Hugh\Python_venvs\laptop_onshape_venv\lib\site-packages\starlette\middleware\base.py", line 159, in call_next
    raise app_exc
  File "C:\Users\Hugh\Python_venvs\laptop_onshape_venv\lib\site-packages\starlette\middleware\base.py", line 144, in coro
    await self.app(scope, receive_or_disconnect, send_no_error)
  File "C:\Users\Hugh\Python_venvs\laptop_onshape_venv\lib\site-packages\starlette\middleware\gzip.py", line 29, in __call__
    await responder(scope, receive, send)
  File "C:\Users\Hugh\Python_venvs\laptop_onshape_venv\lib\site-packages\starlette\middleware\gzip.py", line 130, in __call__
    await super().__call__(scope, receive, send)
  File "C:\Users\Hugh\Python_venvs\laptop_onshape_venv\lib\site-packages\starlette\middleware\gzip.py", line 46, in __call__
    await self.app(scope, receive, self.send_with_compression)
  File "C:\Users\Hugh\Python_venvs\laptop_onshape_venv\lib\site-packages\starlette\middleware\exceptions.py", line 63, in __call__
    await wrap_app_handling_exceptions(self.app, conn)(scope, receive, send)
  File "C:\Users\Hugh\Python_venvs\laptop_onshape_venv\lib\site-packages\starlette\_exception_handler.py", line 53, in wrapped_app
    raise exc
  File "C:\Users\Hugh\Python_venvs\laptop_onshape_venv\lib\site-packages\starlette\_exception_handler.py", line 42, in wrapped_app
    await app(scope, receive, sender)
  File "C:\Users\Hugh\Python_venvs\laptop_onshape_venv\lib\site-packages\starlette\routing.py", line 716, in __call__
    await self.middleware_stack(scope, receive, send)
  File "C:\Users\Hugh\Python_venvs\laptop_onshape_venv\lib\site-packages\starlette\routing.py", line 736, in app
    await route.handle(scope, receive, send)
  File "C:\Users\Hugh\Python_venvs\laptop_onshape_venv\lib\site-packages\starlette\routing.py", line 290, in handle
    await self.app(scope, receive, send)
  File "C:\Users\Hugh\Python_venvs\laptop_onshape_venv\lib\site-packages\starlette\routing.py", line 78, in app
    await wrap_app_handling_exceptions(app, request)(scope, receive, send)
  File "C:\Users\Hugh\Python_venvs\laptop_onshape_venv\lib\site-packages\starlette\_exception_handler.py", line 53, in wrapped_app
    raise exc
  File "C:\Users\Hugh\Python_venvs\laptop_onshape_venv\lib\site-packages\starlette\_exception_handler.py", line 42, in wrapped_app
    await app(scope, receive, sender)
  File "C:\Users\Hugh\Python_venvs\laptop_onshape_venv\lib\site-packages\starlette\routing.py", line 75, in app
    response = await f(request)
  File "C:\Users\Hugh\Python_venvs\laptop_onshape_venv\lib\site-packages\fastapi\routing.py", line 302, in app
    raw_response = await run_endpoint_function(
  File "C:\Users\Hugh\Python_venvs\laptop_onshape_venv\lib\site-packages\fastapi\routing.py", line 213, in run_endpoint_function
    return await dependant.call(**values)
  File "C:\Users\Hugh\Python_venvs\laptop_onshape_venv\lib\site-packages\nicegui\page.py", line 148, in decorated
    return create_error_page(e, request)
  File "C:\Users\Hugh\Python_venvs\laptop_onshape_venv\lib\site-packages\nicegui\page.py", line 115, in create_error_page
    raise e
  File "C:\Users\Hugh\Python_venvs\laptop_onshape_venv\lib\site-packages\nicegui\page.py", line 146, in decorated
    result = func(*dec_args, **dec_kwargs)
  File "E:\VulcanConnect2025-09\frontend\pages\profiles_export.py", line 25, in profiles_export_page
    with ui.tab_panels(tab):
  File "C:\Users\Hugh\Python_venvs\laptop_onshape_venv\lib\site-packages\nicegui\elements\tabs.py", line 78, in __init__
    tabs.bind_value(self, 'value')
AttributeError: 'Tab' object has no attribute 'bind_value'
ERROR:nicegui:'Tab' object has no attribute 'bind_value'
  + Exception Group Traceback (most recent call last):
  |   File "C:\Users\Hugh\Python_venvs\laptop_onshape_venv\lib\site-packages\starlette\_utils.py", line 77, in collapse_excgroups
  |     yield
  |   File "C:\Users\Hugh\Python_venvs\laptop_onshape_venv\lib\site-packages\starlette\middleware\base.py", line 183, in __call__
  |     async with anyio.create_task_group() as task_group:
  |   File "C:\Users\Hugh\Python_venvs\laptop_onshape_venv\lib\site-packages\anyio\_backends\_asyncio.py", line 772, in __aexit__
  |     raise BaseExceptionGroup(
  | exceptiongroup.ExceptionGroup: unhandled errors in a TaskGroup (1 sub-exception)
  +-+---------------- 1 ----------------
    | Traceback (most recent call last):
    |   File "C:\Users\Hugh\Python_venvs\laptop_onshape_venv\lib\site-packages\starlette\middleware\errors.py", line 164, in __call__
    |     await self.app(scope, receive, _send)
    |   File "C:\Users\Hugh\Python_venvs\laptop_onshape_venv\lib\site-packages\starlette\middleware\base.py", line 182, in __call__
    |     with recv_stream, send_stream, collapse_excgroups():
    |   File "C:\Users\Hugh\AppData\Local\Programs\Python\Python310\lib\contextlib.py", line 153, in __exit__
    |     self.gen.throw(typ, value, traceback)
    |   File "C:\Users\Hugh\Python_venvs\laptop_onshape_venv\lib\site-packages\starlette\_utils.py", line 83, in collapse_excgroups
    |     raise exc
    |   File "C:\Users\Hugh\Python_venvs\laptop_onshape_venv\lib\site-packages\starlette\middleware\base.py", line 184, in __call__
    |     response = await self.dispatch_func(request, call_next)
    |   File "C:\Users\Hugh\Python_venvs\laptop_onshape_venv\lib\site-packages\nicegui\middlewares.py", line 23, in dispatch
    |     response = await call_next(request)
    |   File "C:\Users\Hugh\Python_venvs\laptop_onshape_venv\lib\site-packages\starlette\middleware\base.py", line 159, in call_next
    |     raise app_exc
    |   File "C:\Users\Hugh\Python_venvs\laptop_onshape_venv\lib\site-packages\starlette\middleware\base.py", line 144, in coro
    |     await self.app(scope, receive_or_disconnect, send_no_error)
    |   File "C:\Users\Hugh\Python_venvs\laptop_onshape_venv\lib\site-packages\starlette\middleware\base.py", line 182, in __call__
    |     with recv_stream, send_stream, collapse_excgroups():
    |   File "C:\Users\Hugh\AppData\Local\Programs\Python\Python310\lib\contextlib.py", line 153, in __exit__
    |     self.gen.throw(typ, value, traceback)
    |   File "C:\Users\Hugh\Python_venvs\laptop_onshape_venv\lib\site-packages\starlette\_utils.py", line 83, in collapse_excgroups
    |     raise exc
    |   File "C:\Users\Hugh\Python_venvs\laptop_onshape_venv\lib\site-packages\starlette\middleware\base.py", line 184, in __call__
    |     response = await self.dispatch_func(request, call_next)
    |   File "C:\Users\Hugh\Python_venvs\laptop_onshape_venv\lib\site-packages\nicegui\middlewares.py", line 13, in dispatch
    |     response = await call_next(request)
    |   File "C:\Users\Hugh\Python_venvs\laptop_onshape_venv\lib\site-packages\starlette\middleware\base.py", line 159, in call_next
    |     raise app_exc
    |   File "C:\Users\Hugh\Python_venvs\laptop_onshape_venv\lib\site-packages\starlette\middleware\base.py", line 144, in coro
    |     await self.app(scope, receive_or_disconnect, send_no_error)
    |   File "C:\Users\Hugh\Python_venvs\laptop_onshape_venv\lib\site-packages\starlette\middleware\gzip.py", line 29, in __call__
    |     await responder(scope, receive, send)
    |   File "C:\Users\Hugh\Python_venvs\laptop_onshape_venv\lib\site-packages\starlette\middleware\gzip.py", line 130, in __call__
    |     await super().__call__(scope, receive, send)
    |   File "C:\Users\Hugh\Python_venvs\laptop_onshape_venv\lib\site-packages\starlette\middleware\gzip.py", line 46, in __call__
    |     await self.app(scope, receive, self.send_with_compression)
    |   File "C:\Users\Hugh\Python_venvs\laptop_onshape_venv\lib\site-packages\starlette\middleware\exceptions.py", line 63, in __call__
    |     await wrap_app_handling_exceptions(self.app, conn)(scope, receive, send)
    |   File "C:\Users\Hugh\Python_venvs\laptop_onshape_venv\lib\site-packages\starlette\_exception_handler.py", line 53, in wrapped_app
    |     raise exc
    |   File "C:\Users\Hugh\Python_venvs\laptop_onshape_venv\lib\site-packages\starlette\_exception_handler.py", line 42, in wrapped_app
    |     await app(scope, receive, sender)
    |   File "C:\Users\Hugh\Python_venvs\laptop_onshape_venv\lib\site-packages\starlette\routing.py", line 716, in __call__
    |     await self.middleware_stack(scope, receive, send)
    |   File "C:\Users\Hugh\Python_venvs\laptop_onshape_venv\lib\site-packages\starlette\routing.py", line 736, in app
    |     await route.handle(scope, receive, send)
    |   File "C:\Users\Hugh\Python_venvs\laptop_onshape_venv\lib\site-packages\starlette\routing.py", line 290, in handle
    |     await self.app(scope, receive, send)
    |   File "C:\Users\Hugh\Python_venvs\laptop_onshape_venv\lib\site-packages\starlette\routing.py", line 78, in app
    |     await wrap_app_handling_exceptions(app, request)(scope, receive, send)
    |   File "C:\Users\Hugh\Python_venvs\laptop_onshape_venv\lib\site-packages\starlette\_exception_handler.py", line 53, in wrapped_app
    |     raise exc
    |   File "C:\Users\Hugh\Python_venvs\laptop_onshape_venv\lib\site-packages\starlette\_exception_handler.py", line 42, in wrapped_app
    |     await app(scope, receive, sender)
    |   File "C:\Users\Hugh\Python_venvs\laptop_onshape_venv\lib\site-packages\starlette\routing.py", line 75, in app
    |     response = await f(request)
    |   File "C:\Users\Hugh\Python_venvs\laptop_onshape_venv\lib\site-packages\fastapi\routing.py", line 302, in app
    |     raw_response = await run_endpoint_function(
    |   File "C:\Users\Hugh\Python_venvs\laptop_onshape_venv\lib\site-packages\fastapi\routing.py", line 213, in run_endpoint_function
    |     return await dependant.call(**values)
    |   File "C:\Users\Hugh\Python_venvs\laptop_onshape_venv\lib\site-packages\nicegui\page.py", line 148, in decorated
    |     return create_error_page(e, request)
    |   File "C:\Users\Hugh\Python_venvs\laptop_onshape_venv\lib\site-packages\nicegui\page.py", line 115, in create_error_page
    |     raise e
    |   File "C:\Users\Hugh\Python_venvs\laptop_onshape_venv\lib\site-packages\nicegui\page.py", line 146, in decorated
    |     result = func(*dec_args, **dec_kwargs)
    |   File "E:\VulcanConnect2025-09\frontend\pages\profiles_export.py", line 26, in profiles_export_page
    |     with ui.tab_panels(tab).classes('w-full'):
    |   File "C:\Users\Hugh\Python_venvs\laptop_onshape_venv\lib\site-packages\nicegui\elements\tabs.py", line 78, in __init__
    |     tabs.bind_value(self, 'value')
    | AttributeError: 'Tab' object has no attribute 'bind_value'
    +------------------------------------

During handling of the above exception, another exception occurred:

Traceback (most recent call last):
  File "C:\Users\Hugh\Python_venvs\laptop_onshape_venv\lib\site-packages\starlette\middleware\errors.py", line 164, in __call__
    await self.app(scope, receive, _send)
  File "C:\Users\Hugh\Python_venvs\laptop_onshape_venv\lib\site-packages\starlette\middleware\base.py", line 182, in __call__
    with recv_stream, send_stream, collapse_excgroups():
  File "C:\Users\Hugh\AppData\Local\Programs\Python\Python310\lib\contextlib.py", line 153, in __exit__
    self.gen.throw(typ, value, traceback)
  File "C:\Users\Hugh\Python_venvs\laptop_onshape_venv\lib\site-packages\starlette\_utils.py", line 83, in collapse_excgroups
    raise exc
  File "C:\Users\Hugh\Python_venvs\laptop_onshape_venv\lib\site-packages\starlette\middleware\base.py", line 184, in __call__
    response = await self.dispatch_func(request, call_next)
  File "C:\Users\Hugh\Python_venvs\laptop_onshape_venv\lib\site-packages\nicegui\middlewares.py", line 23, in dispatch
    response = await call_next(request)
  File "C:\Users\Hugh\Python_venvs\laptop_onshape_venv\lib\site-packages\starlette\middleware\base.py", line 159, in call_next
    raise app_exc
  File "C:\Users\Hugh\Python_venvs\laptop_onshape_venv\lib\site-packages\starlette\middleware\base.py", line 144, in coro
    await self.app(scope, receive_or_disconnect, send_no_error)
  File "C:\Users\Hugh\Python_venvs\laptop_onshape_venv\lib\site-packages\starlette\middleware\base.py", line 182, in __call__
    with recv_stream, send_stream, collapse_excgroups():
  File "C:\Users\Hugh\AppData\Local\Programs\Python\Python310\lib\contextlib.py", line 153, in __exit__
    self.gen.throw(typ, value, traceback)
  File "C:\Users\Hugh\Python_venvs\laptop_onshape_venv\lib\site-packages\starlette\_utils.py", line 83, in collapse_excgroups
    raise exc
  File "C:\Users\Hugh\Python_venvs\laptop_onshape_venv\lib\site-packages\starlette\middleware\base.py", line 184, in __call__
    response = await self.dispatch_func(request, call_next)
  File "C:\Users\Hugh\Python_venvs\laptop_onshape_venv\lib\site-packages\nicegui\middlewares.py", line 13, in dispatch
    response = await call_next(request)
  File "C:\Users\Hugh\Python_venvs\laptop_onshape_venv\lib\site-packages\starlette\middleware\base.py", line 159, in call_next
    raise app_exc
  File "C:\Users\Hugh\Python_venvs\laptop_onshape_venv\lib\site-packages\starlette\middleware\base.py", line 144, in coro
    await self.app(scope, receive_or_disconnect, send_no_error)
  File "C:\Users\Hugh\Python_venvs\laptop_onshape_venv\lib\site-packages\starlette\middleware\gzip.py", line 29, in __call__
    await responder(scope, receive, send)
  File "C:\Users\Hugh\Python_venvs\laptop_onshape_venv\lib\site-packages\starlette\middleware\gzip.py", line 130, in __call__
    await super().__call__(scope, receive, send)
  File "C:\Users\Hugh\Python_venvs\laptop_onshape_venv\lib\site-packages\starlette\middleware\gzip.py", line 46, in __call__
    await self.app(scope, receive, self.send_with_compression)
  File "C:\Users\Hugh\Python_venvs\laptop_onshape_venv\lib\site-packages\starlette\middleware\exceptions.py", line 63, in __call__
    await wrap_app_handling_exceptions(self.app, conn)(scope, receive, send)
  File "C:\Users\Hugh\Python_venvs\laptop_onshape_venv\lib\site-packages\starlette\_exception_handler.py", line 53, in wrapped_app
    raise exc
  File "C:\Users\Hugh\Python_venvs\laptop_onshape_venv\lib\site-packages\starlette\_exception_handler.py", line 42, in wrapped_app
    await app(scope, receive, sender)
  File "C:\Users\Hugh\Python_venvs\laptop_onshape_venv\lib\site-packages\starlette\routing.py", line 716, in __call__
    await self.middleware_stack(scope, receive, send)
  File "C:\Users\Hugh\Python_venvs\laptop_onshape_venv\lib\site-packages\starlette\routing.py", line 736, in app
    await route.handle(scope, receive, send)
  File "C:\Users\Hugh\Python_venvs\laptop_onshape_venv\lib\site-packages\starlette\routing.py", line 290, in handle
    await self.app(scope, receive, send)
  File "C:\Users\Hugh\Python_venvs\laptop_onshape_venv\lib\site-packages\starlette\routing.py", line 78, in app
    await wrap_app_handling_exceptions(app, request)(scope, receive, send)
  File "C:\Users\Hugh\Python_venvs\laptop_onshape_venv\lib\site-packages\starlette\_exception_handler.py", line 53, in wrapped_app
    raise exc
  File "C:\Users\Hugh\Python_venvs\laptop_onshape_venv\lib\site-packages\starlette\_exception_handler.py", line 42, in wrapped_app
    await app(scope, receive, sender)
  File "C:\Users\Hugh\Python_venvs\laptop_onshape_venv\lib\site-packages\starlette\routing.py", line 75, in app
    response = await f(request)
  File "C:\Users\Hugh\Python_venvs\laptop_onshape_venv\lib\site-packages\fastapi\routing.py", line 302, in app
    raw_response = await run_endpoint_function(
  File "C:\Users\Hugh\Python_venvs\laptop_onshape_venv\lib\site-packages\fastapi\routing.py", line 213, in run_endpoint_function
    return await dependant.call(**values)
  File "C:\Users\Hugh\Python_venvs\laptop_onshape_venv\lib\site-packages\nicegui\page.py", line 148, in decorated
    return create_error_page(e, request)
  File "C:\Users\Hugh\Python_venvs\laptop_onshape_venv\lib\site-packages\nicegui\page.py", line 115, in create_error_page
    raise e
  File "C:\Users\Hugh\Python_venvs\laptop_onshape_venv\lib\site-packages\nicegui\page.py", line 146, in decorated
    result = func(*dec_args, **dec_kwargs)
  File "E:\VulcanConnect2025-09\frontend\pages\profiles_export.py", line 26, in profiles_export_page
    with ui.tab_panels(tab).classes('w-full'):
  File "C:\Users\Hugh\Python_venvs\laptop_onshape_venv\lib\site-packages\nicegui\elements\tabs.py", line 78, in __init__
    tabs.bind_value(self, 'value')
AttributeError: 'Tab' object has no attribute 'bind_value'
ERROR:nicegui:test() missing 1 required positional argument: 'ui_state'
  + Exception Group Traceback (most recent call last):
  |   File "C:\Users\Hugh\Python_venvs\laptop_onshape_venv\lib\site-packages\starlette\_utils.py", line 77, in collapse_excgroups
  |     yield
  |   File "C:\Users\Hugh\Python_venvs\laptop_onshape_venv\lib\site-packages\starlette\middleware\base.py", line 183, in __call__
  |     async with anyio.create_task_group() as task_group:
  |   File "C:\Users\Hugh\Python_venvs\laptop_onshape_venv\lib\site-packages\anyio\_backends\_asyncio.py", line 772, in __aexit__
  |     raise BaseExceptionGroup(
  | exceptiongroup.ExceptionGroup: unhandled errors in a TaskGroup (1 sub-exception)
  +-+---------------- 1 ----------------
    | Traceback (most recent call last):
    |   File "C:\Users\Hugh\Python_venvs\laptop_onshape_venv\lib\site-packages\starlette\middleware\errors.py", line 164, in __call__
    |     await self.app(scope, receive, _send)
    |   File "C:\Users\Hugh\Python_venvs\laptop_onshape_venv\lib\site-packages\starlette\middleware\base.py", line 182, in __call__
    |     with recv_stream, send_stream, collapse_excgroups():
    |   File "C:\Users\Hugh\AppData\Local\Programs\Python\Python310\lib\contextlib.py", line 153, in __exit__
    |     self.gen.throw(typ, value, traceback)
    |   File "C:\Users\Hugh\Python_venvs\laptop_onshape_venv\lib\site-packages\starlette\_utils.py", line 83, in collapse_excgroups
    |     raise exc
    |   File "C:\Users\Hugh\Python_venvs\laptop_onshape_venv\lib\site-packages\starlette\middleware\base.py", line 184, in __call__
    |     response = await self.dispatch_func(request, call_next)
    |   File "C:\Users\Hugh\Python_venvs\laptop_onshape_venv\lib\site-packages\nicegui\middlewares.py", line 23, in dispatch
    |     response = await call_next(request)
    |   File "C:\Users\Hugh\Python_venvs\laptop_onshape_venv\lib\site-packages\starlette\middleware\base.py", line 159, in call_next
    |     raise app_exc
    |   File "C:\Users\Hugh\Python_venvs\laptop_onshape_venv\lib\site-packages\starlette\middleware\base.py", line 144, in coro
    |     await self.app(scope, receive_or_disconnect, send_no_error)
    |   File "C:\Users\Hugh\Python_venvs\laptop_onshape_venv\lib\site-packages\starlette\middleware\base.py", line 182, in __call__
    |     with recv_stream, send_stream, collapse_excgroups():
    |   File "C:\Users\Hugh\AppData\Local\Programs\Python\Python310\lib\contextlib.py", line 153, in __exit__
    |     self.gen.throw(typ, value, traceback)
    |   File "C:\Users\Hugh\Python_venvs\laptop_onshape_venv\lib\site-packages\starlette\_utils.py", line 83, in collapse_excgroups
    |     raise exc
    |   File "C:\Users\Hugh\Python_venvs\laptop_onshape_venv\lib\site-packages\starlette\middleware\base.py", line 184, in __call__
    |     response = await self.dispatch_func(request, call_next)
    |   File "C:\Users\Hugh\Python_venvs\laptop_onshape_venv\lib\site-packages\nicegui\middlewares.py", line 13, in dispatch
    |     response = await call_next(request)
    |   File "C:\Users\Hugh\Python_venvs\laptop_onshape_venv\lib\site-packages\starlette\middleware\base.py", line 159, in call_next
    |     raise app_exc
    |   File "C:\Users\Hugh\Python_venvs\laptop_onshape_venv\lib\site-packages\starlette\middleware\base.py", line 144, in coro
    |     await self.app(scope, receive_or_disconnect, send_no_error)
    |   File "C:\Users\Hugh\Python_venvs\laptop_onshape_venv\lib\site-packages\starlette\middleware\gzip.py", line 29, in __call__
    |     await responder(scope, receive, send)
    |   File "C:\Users\Hugh\Python_venvs\laptop_onshape_venv\lib\site-packages\starlette\middleware\gzip.py", line 130, in __call__
    |     await super().__call__(scope, receive, send)
    |   File "C:\Users\Hugh\Python_venvs\laptop_onshape_venv\lib\site-packages\starlette\middleware\gzip.py", line 46, in __call__
    |     await self.app(scope, receive, self.send_with_compression)
    |   File "C:\Users\Hugh\Python_venvs\laptop_onshape_venv\lib\site-packages\starlette\middleware\exceptions.py", line 63, in __call__
    |     await wrap_app_handling_exceptions(self.app, conn)(scope, receive, send)
    |   File "C:\Users\Hugh\Python_venvs\laptop_onshape_venv\lib\site-packages\starlette\_exception_handler.py", line 53, in wrapped_app
    |     raise exc
    |   File "C:\Users\Hugh\Python_venvs\laptop_onshape_venv\lib\site-packages\starlette\_exception_handler.py", line 42, in wrapped_app
    |     await app(scope, receive, sender)
    |   File "C:\Users\Hugh\Python_venvs\laptop_onshape_venv\lib\site-packages\starlette\routing.py", line 716, in __call__
    |     await self.middleware_stack(scope, receive, send)
    |   File "C:\Users\Hugh\Python_venvs\laptop_onshape_venv\lib\site-packages\starlette\routing.py", line 736, in app
    |     await route.handle(scope, receive, send)
    |   File "C:\Users\Hugh\Python_venvs\laptop_onshape_venv\lib\site-packages\starlette\routing.py", line 290, in handle
    |     await self.app(scope, receive, send)
    |   File "C:\Users\Hugh\Python_venvs\laptop_onshape_venv\lib\site-packages\starlette\routing.py", line 78, in app
    |     await wrap_app_handling_exceptions(app, request)(scope, receive, send)
    |   File "C:\Users\Hugh\Python_venvs\laptop_onshape_venv\lib\site-packages\starlette\_exception_handler.py", line 53, in wrapped_app
    |     raise exc
    |   File "C:\Users\Hugh\Python_venvs\laptop_onshape_venv\lib\site-packages\starlette\_exception_handler.py", line 42, in wrapped_app
    |     await app(scope, receive, sender)
    |   File "C:\Users\Hugh\Python_venvs\laptop_onshape_venv\lib\site-packages\starlette\routing.py", line 75, in app
    |     response = await f(request)
    |   File "C:\Users\Hugh\Python_venvs\laptop_onshape_venv\lib\site-packages\fastapi\routing.py", line 302, in app
    |     raw_response = await run_endpoint_function(
    |   File "C:\Users\Hugh\Python_venvs\laptop_onshape_venv\lib\site-packages\fastapi\routing.py", line 213, in run_endpoint_function
    |     return await dependant.call(**values)
    |   File "C:\Users\Hugh\Python_venvs\laptop_onshape_venv\lib\site-packages\nicegui\page.py", line 148, in decorated
    |     return create_error_page(e, request)
    |   File "C:\Users\Hugh\Python_venvs\laptop_onshape_venv\lib\site-packages\nicegui\page.py", line 115, in create_error_page
    |     raise e
    |   File "C:\Users\Hugh\Python_venvs\laptop_onshape_venv\lib\site-packages\nicegui\page.py", line 146, in decorated
    |     result = func(*dec_args, **dec_kwargs)
    |   File "E:\VulcanConnect2025-09\frontend\pages\profiles_export.py", line 39, in profiles_export_page
    |     test_button = ui.button('TEST', on_click = test())
    | TypeError: test() missing 1 required positional argument: 'ui_state'
    +------------------------------------

During handling of the above exception, another exception occurred:

Traceback (most recent call last):
  File "C:\Users\Hugh\Python_venvs\laptop_onshape_venv\lib\site-packages\starlette\middleware\errors.py", line 164, in __call__
    await self.app(scope, receive, _send)
  File "C:\Users\Hugh\Python_venvs\laptop_onshape_venv\lib\site-packages\starlette\middleware\base.py", line 182, in __call__
    with recv_stream, send_stream, collapse_excgroups():
  File "C:\Users\Hugh\AppData\Local\Programs\Python\Python310\lib\contextlib.py", line 153, in __exit__
    self.gen.throw(typ, value, traceback)
  File "C:\Users\Hugh\Python_venvs\laptop_onshape_venv\lib\site-packages\starlette\_utils.py", line 83, in collapse_excgroups
    raise exc
  File "C:\Users\Hugh\Python_venvs\laptop_onshape_venv\lib\site-packages\starlette\middleware\base.py", line 184, in __call__
    response = await self.dispatch_func(request, call_next)
  File "C:\Users\Hugh\Python_venvs\laptop_onshape_venv\lib\site-packages\nicegui\middlewares.py", line 23, in dispatch
    response = await call_next(request)
  File "C:\Users\Hugh\Python_venvs\laptop_onshape_venv\lib\site-packages\starlette\middleware\base.py", line 159, in call_next
    raise app_exc
  File "C:\Users\Hugh\Python_venvs\laptop_onshape_venv\lib\site-packages\starlette\middleware\base.py", line 144, in coro
    await self.app(scope, receive_or_disconnect, send_no_error)
  File "C:\Users\Hugh\Python_venvs\laptop_onshape_venv\lib\site-packages\starlette\middleware\base.py", line 182, in __call__
    with recv_stream, send_stream, collapse_excgroups():
  File "C:\Users\Hugh\AppData\Local\Programs\Python\Python310\lib\contextlib.py", line 153, in __exit__
    self.gen.throw(typ, value, traceback)
  File "C:\Users\Hugh\Python_venvs\laptop_onshape_venv\lib\site-packages\starlette\_utils.py", line 83, in collapse_excgroups
    raise exc
  File "C:\Users\Hugh\Python_venvs\laptop_onshape_venv\lib\site-packages\starlette\middleware\base.py", line 184, in __call__
    response = await self.dispatch_func(request, call_next)
  File "C:\Users\Hugh\Python_venvs\laptop_onshape_venv\lib\site-packages\nicegui\middlewares.py", line 13, in dispatch
    response = await call_next(request)
  File "C:\Users\Hugh\Python_venvs\laptop_onshape_venv\lib\site-packages\starlette\middleware\base.py", line 159, in call_next
    raise app_exc
  File "C:\Users\Hugh\Python_venvs\laptop_onshape_venv\lib\site-packages\starlette\middleware\base.py", line 144, in coro
    await self.app(scope, receive_or_disconnect, send_no_error)
  File "C:\Users\Hugh\Python_venvs\laptop_onshape_venv\lib\site-packages\starlette\middleware\gzip.py", line 29, in __call__
    await responder(scope, receive, send)
  File "C:\Users\Hugh\Python_venvs\laptop_onshape_venv\lib\site-packages\starlette\middleware\gzip.py", line 130, in __call__
    await super().__call__(scope, receive, send)
  File "C:\Users\Hugh\Python_venvs\laptop_onshape_venv\lib\site-packages\starlette\middleware\gzip.py", line 46, in __call__
    await self.app(scope, receive, self.send_with_compression)
  File "C:\Users\Hugh\Python_venvs\laptop_onshape_venv\lib\site-packages\starlette\middleware\exceptions.py", line 63, in __call__
    await wrap_app_handling_exceptions(self.app, conn)(scope, receive, send)
  File "C:\Users\Hugh\Python_venvs\laptop_onshape_venv\lib\site-packages\starlette\_exception_handler.py", line 53, in wrapped_app
    raise exc
  File "C:\Users\Hugh\Python_venvs\laptop_onshape_venv\lib\site-packages\starlette\_exception_handler.py", line 42, in wrapped_app
    await app(scope, receive, sender)
  File "C:\Users\Hugh\Python_venvs\laptop_onshape_venv\lib\site-packages\starlette\routing.py", line 716, in __call__
    await self.middleware_stack(scope, receive, send)
  File "C:\Users\Hugh\Python_venvs\laptop_onshape_venv\lib\site-packages\starlette\routing.py", line 736, in app
    await route.handle(scope, receive, send)
  File "C:\Users\Hugh\Python_venvs\laptop_onshape_venv\lib\site-packages\starlette\routing.py", line 290, in handle
    await self.app(scope, receive, send)
  File "C:\Users\Hugh\Python_venvs\laptop_onshape_venv\lib\site-packages\starlette\routing.py", line 78, in app
    await wrap_app_handling_exceptions(app, request)(scope, receive, send)
  File "C:\Users\Hugh\Python_venvs\laptop_onshape_venv\lib\site-packages\starlette\_exception_handler.py", line 53, in wrapped_app
    raise exc
  File "C:\Users\Hugh\Python_venvs\laptop_onshape_venv\lib\site-packages\starlette\_exception_handler.py", line 42, in wrapped_app
    await app(scope, receive, sender)
  File "C:\Users\Hugh\Python_venvs\laptop_onshape_venv\lib\site-packages\starlette\routing.py", line 75, in app
    response = await f(request)
  File "C:\Users\Hugh\Python_venvs\laptop_onshape_venv\lib\site-packages\fastapi\routing.py", line 302, in app
    raw_response = await run_endpoint_function(
  File "C:\Users\Hugh\Python_venvs\laptop_onshape_venv\lib\site-packages\fastapi\routing.py", line 213, in run_endpoint_function
    return await dependant.call(**values)
  File "C:\Users\Hugh\Python_venvs\laptop_onshape_venv\lib\site-packages\nicegui\page.py", line 148, in decorated
    return create_error_page(e, request)
  File "C:\Users\Hugh\Python_venvs\laptop_onshape_venv\lib\site-packages\nicegui\page.py", line 115, in create_error_page
    raise e
  File "C:\Users\Hugh\Python_venvs\laptop_onshape_venv\lib\site-packages\nicegui\page.py", line 146, in decorated
    result = func(*dec_args, **dec_kwargs)
  File "E:\VulcanConnect2025-09\frontend\pages\profiles_export.py", line 39, in profiles_export_page
    test_button = ui.button('TEST', on_click = test())
TypeError: test() missing 1 required positional argument: 'ui_state'
ERROR:nicegui:'Label' object has no attribute 'add_to'
Traceback (most recent call last):
  File "C:\Users\Hugh\Python_venvs\laptop_onshape_venv\lib\site-packages\nicegui\events.py", line 433, in handle_event
    result = cast(Callable[[], Any], handler)()
  File "E:\VulcanConnect2025-09\frontend\pages\profiles_export.py", line 30, in find_and_display
    ui.label(results).style('color: green').add_to(tab)
AttributeError: 'Label' object has no attribute 'add_to'
ERROR:nicegui:'Label' object has no attribute 'add_to'
Traceback (most recent call last):
  File "C:\Users\Hugh\Python_venvs\laptop_onshape_venv\lib\site-packages\nicegui\events.py", line 433, in handle_event
    result = cast(Callable[[], Any], handler)()
  File "E:\VulcanConnect2025-09\frontend\pages\profiles_export.py", line 30, in find_and_display
    ui.label(results).style('color: green').add_to(tab)
AttributeError: 'Label' object has no attribute 'add_to'
ERROR:nicegui:'Label' object has no attribute 'add_to'
Traceback (most recent call last):
  File "C:\Users\Hugh\Python_venvs\laptop_onshape_venv\lib\site-packages\nicegui\events.py", line 433, in handle_event
    result = cast(Callable[[], Any], handler)()
  File "E:\VulcanConnect2025-09\frontend\pages\profiles_export.py", line 30, in find_and_display
    ui.label(results).style('color: green').add_to(tab)
AttributeError: 'Label' object has no attribute 'add_to'
ERROR:nicegui:'Label' object has no attribute 'add_to'
Traceback (most recent call last):
  File "C:\Users\Hugh\Python_venvs\laptop_onshape_venv\lib\site-packages\nicegui\events.py", line 433, in handle_event
    result = cast(Callable[[], Any], handler)()
  File "E:\VulcanConnect2025-09\frontend\pages\profiles_export.py", line 30, in find_and_display
    ui.label(results).style('color: green').add_to(tab)
AttributeError: 'Label' object has no attribute 'add_to'
ERROR:nicegui:'Label' object has no attribute 'add_to'
Traceback (most recent call last):
  File "C:\Users\Hugh\Python_venvs\laptop_onshape_venv\lib\site-packages\nicegui\events.py", line 433, in handle_event
    result = cast(Callable[[], Any], handler)()
  File "E:\VulcanConnect2025-09\frontend\pages\profiles_export.py", line 30, in find_and_display
    ui.label(results).style('color: green').add_to(tab)
AttributeError: 'Label' object has no attribute 'add_to'
ERROR:nicegui:'Label' object has no attribute 'add_to'
Traceback (most recent call last):
  File "C:\Users\Hugh\Python_venvs\laptop_onshape_venv\lib\site-packages\nicegui\events.py", line 433, in handle_event
    result = cast(Callable[[], Any], handler)()
  File "E:\VulcanConnect2025-09\frontend\pages\profiles_export.py", line 30, in find_and_display
    ui.label(results).style('color: green').add_to(tab)
AttributeError: 'Label' object has no attribute 'add_to'
ERROR:nicegui:'Label' object has no attribute 'add_to'
Traceback (most recent call last):
  File "C:\Users\Hugh\Python_venvs\laptop_onshape_venv\lib\site-packages\nicegui\events.py", line 433, in handle_event
    result = cast(Callable[[], Any], handler)()
  File "E:\VulcanConnect2025-09\frontend\pages\profiles_export.py", line 30, in find_and_display
    ui.label(results).style('color: green').add_to(tab)
AttributeError: 'Label' object has no attribute 'add_to'
ERROR:nicegui:'NoneType' object has no attribute 'on_click'
  + Exception Group Traceback (most recent call last):
  |   File "C:\Users\Hugh\Python_venvs\workstation1_venv\Lib\site-packages\starlette\_utils.py", line 77, in collapse_excgroups
  |     yield
  |   File "C:\Users\Hugh\Python_venvs\workstation1_venv\Lib\site-packages\starlette\middleware\base.py", line 183, in __call__
  |     async with anyio.create_task_group() as task_group:
  |                ~~~~~~~~~~~~~~~~~~~~~~~^^
  |   File "C:\Users\Hugh\Python_venvs\workstation1_venv\Lib\site-packages\anyio\_backends\_asyncio.py", line 772, in __aexit__
  |     raise BaseExceptionGroup(
  |         "unhandled errors in a TaskGroup", self._exceptions
  |     ) from None
  | ExceptionGroup: unhandled errors in a TaskGroup (1 sub-exception)
  +-+---------------- 1 ----------------
    | Traceback (most recent call last):
    |   File "C:\Users\Hugh\Python_venvs\workstation1_venv\Lib\site-packages\starlette\middleware\errors.py", line 164, in __call__
    |     await self.app(scope, receive, _send)
    |   File "C:\Users\Hugh\Python_venvs\workstation1_venv\Lib\site-packages\starlette\middleware\base.py", line 182, in __call__
    |     with recv_stream, send_stream, collapse_excgroups():
    |                                    ~~~~~~~~~~~~~~~~~~^^
    |   File "C:\Users\Hugh\AppData\Local\Programs\Python\Python313\Lib\contextlib.py", line 162, in __exit__
    |     self.gen.throw(value)
    |     ~~~~~~~~~~~~~~^^^^^^^
    |   File "C:\Users\Hugh\Python_venvs\workstation1_venv\Lib\site-packages\starlette\_utils.py", line 83, in collapse_excgroups
    |     raise exc
    |   File "C:\Users\Hugh\Python_venvs\workstation1_venv\Lib\site-packages\starlette\middleware\base.py", line 184, in __call__
    |     response = await self.dispatch_func(request, call_next)
    |                ^^^^^^^^^^^^^^^^^^^^^^^^^^^^^^^^^^^^^^^^^^^^
    |   File "C:\Users\Hugh\Python_venvs\workstation1_venv\Lib\site-packages\nicegui\middlewares.py", line 23, in dispatch
    |     response = await call_next(request)
    |                ^^^^^^^^^^^^^^^^^^^^^^^^
    |   File "C:\Users\Hugh\Python_venvs\workstation1_venv\Lib\site-packages\starlette\middleware\base.py", line 159, in call_next
    |     raise app_exc
    |   File "C:\Users\Hugh\Python_venvs\workstation1_venv\Lib\site-packages\starlette\middleware\base.py", line 144, in coro
    |     await self.app(scope, receive_or_disconnect, send_no_error)
    |   File "C:\Users\Hugh\Python_venvs\workstation1_venv\Lib\site-packages\starlette\middleware\base.py", line 182, in __call__
    |     with recv_stream, send_stream, collapse_excgroups():
    |                                    ~~~~~~~~~~~~~~~~~~^^
    |   File "C:\Users\Hugh\AppData\Local\Programs\Python\Python313\Lib\contextlib.py", line 162, in __exit__
    |     self.gen.throw(value)
    |     ~~~~~~~~~~~~~~^^^^^^^
    |   File "C:\Users\Hugh\Python_venvs\workstation1_venv\Lib\site-packages\starlette\_utils.py", line 83, in collapse_excgroups
    |     raise exc
    |   File "C:\Users\Hugh\Python_venvs\workstation1_venv\Lib\site-packages\starlette\middleware\base.py", line 184, in __call__
    |     response = await self.dispatch_func(request, call_next)
    |                ^^^^^^^^^^^^^^^^^^^^^^^^^^^^^^^^^^^^^^^^^^^^
    |   File "C:\Users\Hugh\Python_venvs\workstation1_venv\Lib\site-packages\nicegui\middlewares.py", line 13, in dispatch
    |     response = await call_next(request)
    |                ^^^^^^^^^^^^^^^^^^^^^^^^
    |   File "C:\Users\Hugh\Python_venvs\workstation1_venv\Lib\site-packages\starlette\middleware\base.py", line 159, in call_next
    |     raise app_exc
    |   File "C:\Users\Hugh\Python_venvs\workstation1_venv\Lib\site-packages\starlette\middleware\base.py", line 144, in coro
    |     await self.app(scope, receive_or_disconnect, send_no_error)
    |   File "C:\Users\Hugh\Python_venvs\workstation1_venv\Lib\site-packages\starlette\middleware\gzip.py", line 29, in __call__
    |     await responder(scope, receive, send)
    |   File "C:\Users\Hugh\Python_venvs\workstation1_venv\Lib\site-packages\starlette\middleware\gzip.py", line 130, in __call__
    |     await super().__call__(scope, receive, send)
    |   File "C:\Users\Hugh\Python_venvs\workstation1_venv\Lib\site-packages\starlette\middleware\gzip.py", line 46, in __call__
    |     await self.app(scope, receive, self.send_with_compression)
    |   File "C:\Users\Hugh\Python_venvs\workstation1_venv\Lib\site-packages\starlette\middleware\exceptions.py", line 63, in __call__
    |     await wrap_app_handling_exceptions(self.app, conn)(scope, receive, send)
    |   File "C:\Users\Hugh\Python_venvs\workstation1_venv\Lib\site-packages\starlette\_exception_handler.py", line 53, in wrapped_app
    |     raise exc
    |   File "C:\Users\Hugh\Python_venvs\workstation1_venv\Lib\site-packages\starlette\_exception_handler.py", line 42, in wrapped_app
    |     await app(scope, receive, sender)
    |   File "C:\Users\Hugh\Python_venvs\workstation1_venv\Lib\site-packages\starlette\routing.py", line 716, in __call__
    |     await self.middleware_stack(scope, receive, send)
    |   File "C:\Users\Hugh\Python_venvs\workstation1_venv\Lib\site-packages\starlette\routing.py", line 736, in app
    |     await route.handle(scope, receive, send)
    |   File "C:\Users\Hugh\Python_venvs\workstation1_venv\Lib\site-packages\starlette\routing.py", line 290, in handle
    |     await self.app(scope, receive, send)
    |   File "C:\Users\Hugh\Python_venvs\workstation1_venv\Lib\site-packages\starlette\routing.py", line 78, in app
    |     await wrap_app_handling_exceptions(app, request)(scope, receive, send)
    |   File "C:\Users\Hugh\Python_venvs\workstation1_venv\Lib\site-packages\starlette\_exception_handler.py", line 53, in wrapped_app
    |     raise exc
    |   File "C:\Users\Hugh\Python_venvs\workstation1_venv\Lib\site-packages\starlette\_exception_handler.py", line 42, in wrapped_app
    |     await app(scope, receive, sender)
    |   File "C:\Users\Hugh\Python_venvs\workstation1_venv\Lib\site-packages\starlette\routing.py", line 75, in app
    |     response = await f(request)
    |                ^^^^^^^^^^^^^^^^
    |   File "C:\Users\Hugh\Python_venvs\workstation1_venv\Lib\site-packages\fastapi\routing.py", line 302, in app
    |     raw_response = await run_endpoint_function(
    |                    ^^^^^^^^^^^^^^^^^^^^^^^^^^^^
    |     ...<3 lines>...
    |     )
    |     ^
    |   File "C:\Users\Hugh\Python_venvs\workstation1_venv\Lib\site-packages\fastapi\routing.py", line 213, in run_endpoint_function
    |     return await dependant.call(**values)
    |            ^^^^^^^^^^^^^^^^^^^^^^^^^^^^^^
    |   File "C:\Users\Hugh\Python_venvs\workstation1_venv\Lib\site-packages\nicegui\page.py", line 148, in decorated
    |     return create_error_page(e, request)
    |   File "C:\Users\Hugh\Python_venvs\workstation1_venv\Lib\site-packages\nicegui\page.py", line 115, in create_error_page
    |     raise e
    |   File "C:\Users\Hugh\Python_venvs\workstation1_venv\Lib\site-packages\nicegui\page.py", line 146, in decorated
    |     result = func(*dec_args, **dec_kwargs)
    |   File "F:\VulcanConnect2025-09\frontend\pages\profiles_export.py", line 43, in profiles_export_page
    |     ui_state.process_button.on_click(process)
    |     ^^^^^^^^^^^^^^^^^^^^^^^^^^^^^^^^
    | AttributeError: 'NoneType' object has no attribute 'on_click'
    +------------------------------------

During handling of the above exception, another exception occurred:

Traceback (most recent call last):
  File "C:\Users\Hugh\Python_venvs\workstation1_venv\Lib\site-packages\starlette\middleware\errors.py", line 164, in __call__
    await self.app(scope, receive, _send)
  File "C:\Users\Hugh\Python_venvs\workstation1_venv\Lib\site-packages\starlette\middleware\base.py", line 182, in __call__
    with recv_stream, send_stream, collapse_excgroups():
                                   ~~~~~~~~~~~~~~~~~~^^
  File "C:\Users\Hugh\AppData\Local\Programs\Python\Python313\Lib\contextlib.py", line 162, in __exit__
    self.gen.throw(value)
    ~~~~~~~~~~~~~~^^^^^^^
  File "C:\Users\Hugh\Python_venvs\workstation1_venv\Lib\site-packages\starlette\_utils.py", line 83, in collapse_excgroups
    raise exc
  File "C:\Users\Hugh\Python_venvs\workstation1_venv\Lib\site-packages\starlette\middleware\base.py", line 184, in __call__
    response = await self.dispatch_func(request, call_next)
               ^^^^^^^^^^^^^^^^^^^^^^^^^^^^^^^^^^^^^^^^^^^^
  File "C:\Users\Hugh\Python_venvs\workstation1_venv\Lib\site-packages\nicegui\middlewares.py", line 23, in dispatch
    response = await call_next(request)
               ^^^^^^^^^^^^^^^^^^^^^^^^
  File "C:\Users\Hugh\Python_venvs\workstation1_venv\Lib\site-packages\starlette\middleware\base.py", line 159, in call_next
    raise app_exc
  File "C:\Users\Hugh\Python_venvs\workstation1_venv\Lib\site-packages\starlette\middleware\base.py", line 144, in coro
    await self.app(scope, receive_or_disconnect, send_no_error)
  File "C:\Users\Hugh\Python_venvs\workstation1_venv\Lib\site-packages\starlette\middleware\base.py", line 182, in __call__
    with recv_stream, send_stream, collapse_excgroups():
                                   ~~~~~~~~~~~~~~~~~~^^
  File "C:\Users\Hugh\AppData\Local\Programs\Python\Python313\Lib\contextlib.py", line 162, in __exit__
    self.gen.throw(value)
    ~~~~~~~~~~~~~~^^^^^^^
  File "C:\Users\Hugh\Python_venvs\workstation1_venv\Lib\site-packages\starlette\_utils.py", line 83, in collapse_excgroups
    raise exc
  File "C:\Users\Hugh\Python_venvs\workstation1_venv\Lib\site-packages\starlette\middleware\base.py", line 184, in __call__
    response = await self.dispatch_func(request, call_next)
               ^^^^^^^^^^^^^^^^^^^^^^^^^^^^^^^^^^^^^^^^^^^^
  File "C:\Users\Hugh\Python_venvs\workstation1_venv\Lib\site-packages\nicegui\middlewares.py", line 13, in dispatch
    response = await call_next(request)
               ^^^^^^^^^^^^^^^^^^^^^^^^
  File "C:\Users\Hugh\Python_venvs\workstation1_venv\Lib\site-packages\starlette\middleware\base.py", line 159, in call_next
    raise app_exc
  File "C:\Users\Hugh\Python_venvs\workstation1_venv\Lib\site-packages\starlette\middleware\base.py", line 144, in coro
    await self.app(scope, receive_or_disconnect, send_no_error)
  File "C:\Users\Hugh\Python_venvs\workstation1_venv\Lib\site-packages\starlette\middleware\gzip.py", line 29, in __call__
    await responder(scope, receive, send)
  File "C:\Users\Hugh\Python_venvs\workstation1_venv\Lib\site-packages\starlette\middleware\gzip.py", line 130, in __call__
    await super().__call__(scope, receive, send)
  File "C:\Users\Hugh\Python_venvs\workstation1_venv\Lib\site-packages\starlette\middleware\gzip.py", line 46, in __call__
    await self.app(scope, receive, self.send_with_compression)
  File "C:\Users\Hugh\Python_venvs\workstation1_venv\Lib\site-packages\starlette\middleware\exceptions.py", line 63, in __call__
    await wrap_app_handling_exceptions(self.app, conn)(scope, receive, send)
  File "C:\Users\Hugh\Python_venvs\workstation1_venv\Lib\site-packages\starlette\_exception_handler.py", line 53, in wrapped_app
    raise exc
  File "C:\Users\Hugh\Python_venvs\workstation1_venv\Lib\site-packages\starlette\_exception_handler.py", line 42, in wrapped_app
    await app(scope, receive, sender)
  File "C:\Users\Hugh\Python_venvs\workstation1_venv\Lib\site-packages\starlette\routing.py", line 716, in __call__
    await self.middleware_stack(scope, receive, send)
  File "C:\Users\Hugh\Python_venvs\workstation1_venv\Lib\site-packages\starlette\routing.py", line 736, in app
    await route.handle(scope, receive, send)
  File "C:\Users\Hugh\Python_venvs\workstation1_venv\Lib\site-packages\starlette\routing.py", line 290, in handle
    await self.app(scope, receive, send)
  File "C:\Users\Hugh\Python_venvs\workstation1_venv\Lib\site-packages\starlette\routing.py", line 78, in app
    await wrap_app_handling_exceptions(app, request)(scope, receive, send)
  File "C:\Users\Hugh\Python_venvs\workstation1_venv\Lib\site-packages\starlette\_exception_handler.py", line 53, in wrapped_app
    raise exc
  File "C:\Users\Hugh\Python_venvs\workstation1_venv\Lib\site-packages\starlette\_exception_handler.py", line 42, in wrapped_app
    await app(scope, receive, sender)
  File "C:\Users\Hugh\Python_venvs\workstation1_venv\Lib\site-packages\starlette\routing.py", line 75, in app
    response = await f(request)
               ^^^^^^^^^^^^^^^^
  File "C:\Users\Hugh\Python_venvs\workstation1_venv\Lib\site-packages\fastapi\routing.py", line 302, in app
    raw_response = await run_endpoint_function(
                   ^^^^^^^^^^^^^^^^^^^^^^^^^^^^
    ...<3 lines>...
    )
    ^
  File "C:\Users\Hugh\Python_venvs\workstation1_venv\Lib\site-packages\fastapi\routing.py", line 213, in run_endpoint_function
    return await dependant.call(**values)
           ^^^^^^^^^^^^^^^^^^^^^^^^^^^^^^
  File "C:\Users\Hugh\Python_venvs\workstation1_venv\Lib\site-packages\nicegui\page.py", line 148, in decorated
    return create_error_page(e, request)
  File "C:\Users\Hugh\Python_venvs\workstation1_venv\Lib\site-packages\nicegui\page.py", line 115, in create_error_page
    raise e
  File "C:\Users\Hugh\Python_venvs\workstation1_venv\Lib\site-packages\nicegui\page.py", line 146, in decorated
    result = func(*dec_args, **dec_kwargs)
  File "F:\VulcanConnect2025-09\frontend\pages\profiles_export.py", line 43, in profiles_export_page
    ui_state.process_button.on_click(process)
    ^^^^^^^^^^^^^^^^^^^^^^^^^^^^^^^^
AttributeError: 'NoneType' object has no attribute 'on_click'
ERROR:nicegui:'NoneType' object has no attribute 'on_click'
  + Exception Group Traceback (most recent call last):
  |   File "C:\Users\Hugh\Python_venvs\workstation1_venv\Lib\site-packages\starlette\_utils.py", line 77, in collapse_excgroups
  |     yield
  |   File "C:\Users\Hugh\Python_venvs\workstation1_venv\Lib\site-packages\starlette\middleware\base.py", line 183, in __call__
  |     async with anyio.create_task_group() as task_group:
  |                ~~~~~~~~~~~~~~~~~~~~~~~^^
  |   File "C:\Users\Hugh\Python_venvs\workstation1_venv\Lib\site-packages\anyio\_backends\_asyncio.py", line 772, in __aexit__
  |     raise BaseExceptionGroup(
  |         "unhandled errors in a TaskGroup", self._exceptions
  |     ) from None
  | ExceptionGroup: unhandled errors in a TaskGroup (1 sub-exception)
  +-+---------------- 1 ----------------
    | Traceback (most recent call last):
    |   File "C:\Users\Hugh\Python_venvs\workstation1_venv\Lib\site-packages\starlette\middleware\errors.py", line 164, in __call__
    |     await self.app(scope, receive, _send)
    |   File "C:\Users\Hugh\Python_venvs\workstation1_venv\Lib\site-packages\starlette\middleware\base.py", line 182, in __call__
    |     with recv_stream, send_stream, collapse_excgroups():
    |                                    ~~~~~~~~~~~~~~~~~~^^
    |   File "C:\Users\Hugh\AppData\Local\Programs\Python\Python313\Lib\contextlib.py", line 162, in __exit__
    |     self.gen.throw(value)
    |     ~~~~~~~~~~~~~~^^^^^^^
    |   File "C:\Users\Hugh\Python_venvs\workstation1_venv\Lib\site-packages\starlette\_utils.py", line 83, in collapse_excgroups
    |     raise exc
    |   File "C:\Users\Hugh\Python_venvs\workstation1_venv\Lib\site-packages\starlette\middleware\base.py", line 184, in __call__
    |     response = await self.dispatch_func(request, call_next)
    |                ^^^^^^^^^^^^^^^^^^^^^^^^^^^^^^^^^^^^^^^^^^^^
    |   File "C:\Users\Hugh\Python_venvs\workstation1_venv\Lib\site-packages\nicegui\middlewares.py", line 23, in dispatch
    |     response = await call_next(request)
    |                ^^^^^^^^^^^^^^^^^^^^^^^^
    |   File "C:\Users\Hugh\Python_venvs\workstation1_venv\Lib\site-packages\starlette\middleware\base.py", line 159, in call_next
    |     raise app_exc
    |   File "C:\Users\Hugh\Python_venvs\workstation1_venv\Lib\site-packages\starlette\middleware\base.py", line 144, in coro
    |     await self.app(scope, receive_or_disconnect, send_no_error)
    |   File "C:\Users\Hugh\Python_venvs\workstation1_venv\Lib\site-packages\starlette\middleware\base.py", line 182, in __call__
    |     with recv_stream, send_stream, collapse_excgroups():
    |                                    ~~~~~~~~~~~~~~~~~~^^
    |   File "C:\Users\Hugh\AppData\Local\Programs\Python\Python313\Lib\contextlib.py", line 162, in __exit__
    |     self.gen.throw(value)
    |     ~~~~~~~~~~~~~~^^^^^^^
    |   File "C:\Users\Hugh\Python_venvs\workstation1_venv\Lib\site-packages\starlette\_utils.py", line 83, in collapse_excgroups
    |     raise exc
    |   File "C:\Users\Hugh\Python_venvs\workstation1_venv\Lib\site-packages\starlette\middleware\base.py", line 184, in __call__
    |     response = await self.dispatch_func(request, call_next)
    |                ^^^^^^^^^^^^^^^^^^^^^^^^^^^^^^^^^^^^^^^^^^^^
    |   File "C:\Users\Hugh\Python_venvs\workstation1_venv\Lib\site-packages\nicegui\middlewares.py", line 13, in dispatch
    |     response = await call_next(request)
    |                ^^^^^^^^^^^^^^^^^^^^^^^^
    |   File "C:\Users\Hugh\Python_venvs\workstation1_venv\Lib\site-packages\starlette\middleware\base.py", line 159, in call_next
    |     raise app_exc
    |   File "C:\Users\Hugh\Python_venvs\workstation1_venv\Lib\site-packages\starlette\middleware\base.py", line 144, in coro
    |     await self.app(scope, receive_or_disconnect, send_no_error)
    |   File "C:\Users\Hugh\Python_venvs\workstation1_venv\Lib\site-packages\starlette\middleware\gzip.py", line 29, in __call__
    |     await responder(scope, receive, send)
    |   File "C:\Users\Hugh\Python_venvs\workstation1_venv\Lib\site-packages\starlette\middleware\gzip.py", line 130, in __call__
    |     await super().__call__(scope, receive, send)
    |   File "C:\Users\Hugh\Python_venvs\workstation1_venv\Lib\site-packages\starlette\middleware\gzip.py", line 46, in __call__
    |     await self.app(scope, receive, self.send_with_compression)
    |   File "C:\Users\Hugh\Python_venvs\workstation1_venv\Lib\site-packages\starlette\middleware\exceptions.py", line 63, in __call__
    |     await wrap_app_handling_exceptions(self.app, conn)(scope, receive, send)
    |   File "C:\Users\Hugh\Python_venvs\workstation1_venv\Lib\site-packages\starlette\_exception_handler.py", line 53, in wrapped_app
    |     raise exc
    |   File "C:\Users\Hugh\Python_venvs\workstation1_venv\Lib\site-packages\starlette\_exception_handler.py", line 42, in wrapped_app
    |     await app(scope, receive, sender)
    |   File "C:\Users\Hugh\Python_venvs\workstation1_venv\Lib\site-packages\starlette\routing.py", line 716, in __call__
    |     await self.middleware_stack(scope, receive, send)
    |   File "C:\Users\Hugh\Python_venvs\workstation1_venv\Lib\site-packages\starlette\routing.py", line 736, in app
    |     await route.handle(scope, receive, send)
    |   File "C:\Users\Hugh\Python_venvs\workstation1_venv\Lib\site-packages\starlette\routing.py", line 290, in handle
    |     await self.app(scope, receive, send)
    |   File "C:\Users\Hugh\Python_venvs\workstation1_venv\Lib\site-packages\starlette\routing.py", line 78, in app
    |     await wrap_app_handling_exceptions(app, request)(scope, receive, send)
    |   File "C:\Users\Hugh\Python_venvs\workstation1_venv\Lib\site-packages\starlette\_exception_handler.py", line 53, in wrapped_app
    |     raise exc
    |   File "C:\Users\Hugh\Python_venvs\workstation1_venv\Lib\site-packages\starlette\_exception_handler.py", line 42, in wrapped_app
    |     await app(scope, receive, sender)
    |   File "C:\Users\Hugh\Python_venvs\workstation1_venv\Lib\site-packages\starlette\routing.py", line 75, in app
    |     response = await f(request)
    |                ^^^^^^^^^^^^^^^^
    |   File "C:\Users\Hugh\Python_venvs\workstation1_venv\Lib\site-packages\fastapi\routing.py", line 302, in app
    |     raw_response = await run_endpoint_function(
    |                    ^^^^^^^^^^^^^^^^^^^^^^^^^^^^
    |     ...<3 lines>...
    |     )
    |     ^
    |   File "C:\Users\Hugh\Python_venvs\workstation1_venv\Lib\site-packages\fastapi\routing.py", line 213, in run_endpoint_function
    |     return await dependant.call(**values)
    |            ^^^^^^^^^^^^^^^^^^^^^^^^^^^^^^
    |   File "C:\Users\Hugh\Python_venvs\workstation1_venv\Lib\site-packages\nicegui\page.py", line 148, in decorated
    |     return create_error_page(e, request)
    |   File "C:\Users\Hugh\Python_venvs\workstation1_venv\Lib\site-packages\nicegui\page.py", line 115, in create_error_page
    |     raise e
    |   File "C:\Users\Hugh\Python_venvs\workstation1_venv\Lib\site-packages\nicegui\page.py", line 146, in decorated
    |     result = func(*dec_args, **dec_kwargs)
    |   File "F:\VulcanConnect2025-09\frontend\pages\profiles_export.py", line 44, in profiles_export_page
    |     ui_state.process_button.on_click(process)
    |     ^^^^^^^^^^^^^^^^^^^^^^^^^^^^^^^^
    | AttributeError: 'NoneType' object has no attribute 'on_click'
    +------------------------------------

During handling of the above exception, another exception occurred:

Traceback (most recent call last):
  File "C:\Users\Hugh\Python_venvs\workstation1_venv\Lib\site-packages\starlette\middleware\errors.py", line 164, in __call__
    await self.app(scope, receive, _send)
  File "C:\Users\Hugh\Python_venvs\workstation1_venv\Lib\site-packages\starlette\middleware\base.py", line 182, in __call__
    with recv_stream, send_stream, collapse_excgroups():
                                   ~~~~~~~~~~~~~~~~~~^^
  File "C:\Users\Hugh\AppData\Local\Programs\Python\Python313\Lib\contextlib.py", line 162, in __exit__
    self.gen.throw(value)
    ~~~~~~~~~~~~~~^^^^^^^
  File "C:\Users\Hugh\Python_venvs\workstation1_venv\Lib\site-packages\starlette\_utils.py", line 83, in collapse_excgroups
    raise exc
  File "C:\Users\Hugh\Python_venvs\workstation1_venv\Lib\site-packages\starlette\middleware\base.py", line 184, in __call__
    response = await self.dispatch_func(request, call_next)
               ^^^^^^^^^^^^^^^^^^^^^^^^^^^^^^^^^^^^^^^^^^^^
  File "C:\Users\Hugh\Python_venvs\workstation1_venv\Lib\site-packages\nicegui\middlewares.py", line 23, in dispatch
    response = await call_next(request)
               ^^^^^^^^^^^^^^^^^^^^^^^^
  File "C:\Users\Hugh\Python_venvs\workstation1_venv\Lib\site-packages\starlette\middleware\base.py", line 159, in call_next
    raise app_exc
  File "C:\Users\Hugh\Python_venvs\workstation1_venv\Lib\site-packages\starlette\middleware\base.py", line 144, in coro
    await self.app(scope, receive_or_disconnect, send_no_error)
  File "C:\Users\Hugh\Python_venvs\workstation1_venv\Lib\site-packages\starlette\middleware\base.py", line 182, in __call__
    with recv_stream, send_stream, collapse_excgroups():
                                   ~~~~~~~~~~~~~~~~~~^^
  File "C:\Users\Hugh\AppData\Local\Programs\Python\Python313\Lib\contextlib.py", line 162, in __exit__
    self.gen.throw(value)
    ~~~~~~~~~~~~~~^^^^^^^
  File "C:\Users\Hugh\Python_venvs\workstation1_venv\Lib\site-packages\starlette\_utils.py", line 83, in collapse_excgroups
    raise exc
  File "C:\Users\Hugh\Python_venvs\workstation1_venv\Lib\site-packages\starlette\middleware\base.py", line 184, in __call__
    response = await self.dispatch_func(request, call_next)
               ^^^^^^^^^^^^^^^^^^^^^^^^^^^^^^^^^^^^^^^^^^^^
  File "C:\Users\Hugh\Python_venvs\workstation1_venv\Lib\site-packages\nicegui\middlewares.py", line 13, in dispatch
    response = await call_next(request)
               ^^^^^^^^^^^^^^^^^^^^^^^^
  File "C:\Users\Hugh\Python_venvs\workstation1_venv\Lib\site-packages\starlette\middleware\base.py", line 159, in call_next
    raise app_exc
  File "C:\Users\Hugh\Python_venvs\workstation1_venv\Lib\site-packages\starlette\middleware\base.py", line 144, in coro
    await self.app(scope, receive_or_disconnect, send_no_error)
  File "C:\Users\Hugh\Python_venvs\workstation1_venv\Lib\site-packages\starlette\middleware\gzip.py", line 29, in __call__
    await responder(scope, receive, send)
  File "C:\Users\Hugh\Python_venvs\workstation1_venv\Lib\site-packages\starlette\middleware\gzip.py", line 130, in __call__
    await super().__call__(scope, receive, send)
  File "C:\Users\Hugh\Python_venvs\workstation1_venv\Lib\site-packages\starlette\middleware\gzip.py", line 46, in __call__
    await self.app(scope, receive, self.send_with_compression)
  File "C:\Users\Hugh\Python_venvs\workstation1_venv\Lib\site-packages\starlette\middleware\exceptions.py", line 63, in __call__
    await wrap_app_handling_exceptions(self.app, conn)(scope, receive, send)
  File "C:\Users\Hugh\Python_venvs\workstation1_venv\Lib\site-packages\starlette\_exception_handler.py", line 53, in wrapped_app
    raise exc
  File "C:\Users\Hugh\Python_venvs\workstation1_venv\Lib\site-packages\starlette\_exception_handler.py", line 42, in wrapped_app
    await app(scope, receive, sender)
  File "C:\Users\Hugh\Python_venvs\workstation1_venv\Lib\site-packages\starlette\routing.py", line 716, in __call__
    await self.middleware_stack(scope, receive, send)
  File "C:\Users\Hugh\Python_venvs\workstation1_venv\Lib\site-packages\starlette\routing.py", line 736, in app
    await route.handle(scope, receive, send)
  File "C:\Users\Hugh\Python_venvs\workstation1_venv\Lib\site-packages\starlette\routing.py", line 290, in handle
    await self.app(scope, receive, send)
  File "C:\Users\Hugh\Python_venvs\workstation1_venv\Lib\site-packages\starlette\routing.py", line 78, in app
    await wrap_app_handling_exceptions(app, request)(scope, receive, send)
  File "C:\Users\Hugh\Python_venvs\workstation1_venv\Lib\site-packages\starlette\_exception_handler.py", line 53, in wrapped_app
    raise exc
  File "C:\Users\Hugh\Python_venvs\workstation1_venv\Lib\site-packages\starlette\_exception_handler.py", line 42, in wrapped_app
    await app(scope, receive, sender)
  File "C:\Users\Hugh\Python_venvs\workstation1_venv\Lib\site-packages\starlette\routing.py", line 75, in app
    response = await f(request)
               ^^^^^^^^^^^^^^^^
  File "C:\Users\Hugh\Python_venvs\workstation1_venv\Lib\site-packages\fastapi\routing.py", line 302, in app
    raw_response = await run_endpoint_function(
                   ^^^^^^^^^^^^^^^^^^^^^^^^^^^^
    ...<3 lines>...
    )
    ^
  File "C:\Users\Hugh\Python_venvs\workstation1_venv\Lib\site-packages\fastapi\routing.py", line 213, in run_endpoint_function
    return await dependant.call(**values)
           ^^^^^^^^^^^^^^^^^^^^^^^^^^^^^^
  File "C:\Users\Hugh\Python_venvs\workstation1_venv\Lib\site-packages\nicegui\page.py", line 148, in decorated
    return create_error_page(e, request)
  File "C:\Users\Hugh\Python_venvs\workstation1_venv\Lib\site-packages\nicegui\page.py", line 115, in create_error_page
    raise e
  File "C:\Users\Hugh\Python_venvs\workstation1_venv\Lib\site-packages\nicegui\page.py", line 146, in decorated
    result = func(*dec_args, **dec_kwargs)
  File "F:\VulcanConnect2025-09\frontend\pages\profiles_export.py", line 44, in profiles_export_page
    ui_state.process_button.on_click(process)
    ^^^^^^^^^^^^^^^^^^^^^^^^^^^^^^^^
AttributeError: 'NoneType' object has no attribute 'on_click'
ERROR:nicegui:'NoneType' object has no attribute 'on_click'
  + Exception Group Traceback (most recent call last):
  |   File "C:\Users\Hugh\Python_venvs\workstation1_venv\Lib\site-packages\starlette\_utils.py", line 77, in collapse_excgroups
  |     yield
  |   File "C:\Users\Hugh\Python_venvs\workstation1_venv\Lib\site-packages\starlette\middleware\base.py", line 183, in __call__
  |     async with anyio.create_task_group() as task_group:
  |                ~~~~~~~~~~~~~~~~~~~~~~~^^
  |   File "C:\Users\Hugh\Python_venvs\workstation1_venv\Lib\site-packages\anyio\_backends\_asyncio.py", line 772, in __aexit__
  |     raise BaseExceptionGroup(
  |         "unhandled errors in a TaskGroup", self._exceptions
  |     ) from None
  | ExceptionGroup: unhandled errors in a TaskGroup (1 sub-exception)
  +-+---------------- 1 ----------------
    | Traceback (most recent call last):
    |   File "C:\Users\Hugh\Python_venvs\workstation1_venv\Lib\site-packages\starlette\middleware\errors.py", line 164, in __call__
    |     await self.app(scope, receive, _send)
    |   File "C:\Users\Hugh\Python_venvs\workstation1_venv\Lib\site-packages\starlette\middleware\base.py", line 182, in __call__
    |     with recv_stream, send_stream, collapse_excgroups():
    |                                    ~~~~~~~~~~~~~~~~~~^^
    |   File "C:\Users\Hugh\AppData\Local\Programs\Python\Python313\Lib\contextlib.py", line 162, in __exit__
    |     self.gen.throw(value)
    |     ~~~~~~~~~~~~~~^^^^^^^
    |   File "C:\Users\Hugh\Python_venvs\workstation1_venv\Lib\site-packages\starlette\_utils.py", line 83, in collapse_excgroups
    |     raise exc
    |   File "C:\Users\Hugh\Python_venvs\workstation1_venv\Lib\site-packages\starlette\middleware\base.py", line 184, in __call__
    |     response = await self.dispatch_func(request, call_next)
    |                ^^^^^^^^^^^^^^^^^^^^^^^^^^^^^^^^^^^^^^^^^^^^
    |   File "C:\Users\Hugh\Python_venvs\workstation1_venv\Lib\site-packages\nicegui\middlewares.py", line 23, in dispatch
    |     response = await call_next(request)
    |                ^^^^^^^^^^^^^^^^^^^^^^^^
    |   File "C:\Users\Hugh\Python_venvs\workstation1_venv\Lib\site-packages\starlette\middleware\base.py", line 159, in call_next
    |     raise app_exc
    |   File "C:\Users\Hugh\Python_venvs\workstation1_venv\Lib\site-packages\starlette\middleware\base.py", line 144, in coro
    |     await self.app(scope, receive_or_disconnect, send_no_error)
    |   File "C:\Users\Hugh\Python_venvs\workstation1_venv\Lib\site-packages\starlette\middleware\base.py", line 182, in __call__
    |     with recv_stream, send_stream, collapse_excgroups():
    |                                    ~~~~~~~~~~~~~~~~~~^^
    |   File "C:\Users\Hugh\AppData\Local\Programs\Python\Python313\Lib\contextlib.py", line 162, in __exit__
    |     self.gen.throw(value)
    |     ~~~~~~~~~~~~~~^^^^^^^
    |   File "C:\Users\Hugh\Python_venvs\workstation1_venv\Lib\site-packages\starlette\_utils.py", line 83, in collapse_excgroups
    |     raise exc
    |   File "C:\Users\Hugh\Python_venvs\workstation1_venv\Lib\site-packages\starlette\middleware\base.py", line 184, in __call__
    |     response = await self.dispatch_func(request, call_next)
    |                ^^^^^^^^^^^^^^^^^^^^^^^^^^^^^^^^^^^^^^^^^^^^
    |   File "C:\Users\Hugh\Python_venvs\workstation1_venv\Lib\site-packages\nicegui\middlewares.py", line 13, in dispatch
    |     response = await call_next(request)
    |                ^^^^^^^^^^^^^^^^^^^^^^^^
    |   File "C:\Users\Hugh\Python_venvs\workstation1_venv\Lib\site-packages\starlette\middleware\base.py", line 159, in call_next
    |     raise app_exc
    |   File "C:\Users\Hugh\Python_venvs\workstation1_venv\Lib\site-packages\starlette\middleware\base.py", line 144, in coro
    |     await self.app(scope, receive_or_disconnect, send_no_error)
    |   File "C:\Users\Hugh\Python_venvs\workstation1_venv\Lib\site-packages\starlette\middleware\gzip.py", line 29, in __call__
    |     await responder(scope, receive, send)
    |   File "C:\Users\Hugh\Python_venvs\workstation1_venv\Lib\site-packages\starlette\middleware\gzip.py", line 130, in __call__
    |     await super().__call__(scope, receive, send)
    |   File "C:\Users\Hugh\Python_venvs\workstation1_venv\Lib\site-packages\starlette\middleware\gzip.py", line 46, in __call__
    |     await self.app(scope, receive, self.send_with_compression)
    |   File "C:\Users\Hugh\Python_venvs\workstation1_venv\Lib\site-packages\starlette\middleware\exceptions.py", line 63, in __call__
    |     await wrap_app_handling_exceptions(self.app, conn)(scope, receive, send)
    |   File "C:\Users\Hugh\Python_venvs\workstation1_venv\Lib\site-packages\starlette\_exception_handler.py", line 53, in wrapped_app
    |     raise exc
    |   File "C:\Users\Hugh\Python_venvs\workstation1_venv\Lib\site-packages\starlette\_exception_handler.py", line 42, in wrapped_app
    |     await app(scope, receive, sender)
    |   File "C:\Users\Hugh\Python_venvs\workstation1_venv\Lib\site-packages\starlette\routing.py", line 716, in __call__
    |     await self.middleware_stack(scope, receive, send)
    |   File "C:\Users\Hugh\Python_venvs\workstation1_venv\Lib\site-packages\starlette\routing.py", line 736, in app
    |     await route.handle(scope, receive, send)
    |   File "C:\Users\Hugh\Python_venvs\workstation1_venv\Lib\site-packages\starlette\routing.py", line 290, in handle
    |     await self.app(scope, receive, send)
    |   File "C:\Users\Hugh\Python_venvs\workstation1_venv\Lib\site-packages\starlette\routing.py", line 78, in app
    |     await wrap_app_handling_exceptions(app, request)(scope, receive, send)
    |   File "C:\Users\Hugh\Python_venvs\workstation1_venv\Lib\site-packages\starlette\_exception_handler.py", line 53, in wrapped_app
    |     raise exc
    |   File "C:\Users\Hugh\Python_venvs\workstation1_venv\Lib\site-packages\starlette\_exception_handler.py", line 42, in wrapped_app
    |     await app(scope, receive, sender)
    |   File "C:\Users\Hugh\Python_venvs\workstation1_venv\Lib\site-packages\starlette\routing.py", line 75, in app
    |     response = await f(request)
    |                ^^^^^^^^^^^^^^^^
    |   File "C:\Users\Hugh\Python_venvs\workstation1_venv\Lib\site-packages\fastapi\routing.py", line 302, in app
    |     raw_response = await run_endpoint_function(
    |                    ^^^^^^^^^^^^^^^^^^^^^^^^^^^^
    |     ...<3 lines>...
    |     )
    |     ^
    |   File "C:\Users\Hugh\Python_venvs\workstation1_venv\Lib\site-packages\fastapi\routing.py", line 213, in run_endpoint_function
    |     return await dependant.call(**values)
    |            ^^^^^^^^^^^^^^^^^^^^^^^^^^^^^^
    |   File "C:\Users\Hugh\Python_venvs\workstation1_venv\Lib\site-packages\nicegui\page.py", line 148, in decorated
    |     return create_error_page(e, request)
    |   File "C:\Users\Hugh\Python_venvs\workstation1_venv\Lib\site-packages\nicegui\page.py", line 115, in create_error_page
    |     raise e
    |   File "C:\Users\Hugh\Python_venvs\workstation1_venv\Lib\site-packages\nicegui\page.py", line 146, in decorated
    |     result = func(*dec_args, **dec_kwargs)
    |   File "F:\VulcanConnect2025-09\frontend\pages\profiles_export.py", line 44, in profiles_export_page
    |     ui_state.process_button.on_click(process(ui_state))
    |     ^^^^^^^^^^^^^^^^^^^^^^^^^^^^^^^^
    | AttributeError: 'NoneType' object has no attribute 'on_click'
    +------------------------------------

During handling of the above exception, another exception occurred:

Traceback (most recent call last):
  File "C:\Users\Hugh\Python_venvs\workstation1_venv\Lib\site-packages\starlette\middleware\errors.py", line 164, in __call__
    await self.app(scope, receive, _send)
  File "C:\Users\Hugh\Python_venvs\workstation1_venv\Lib\site-packages\starlette\middleware\base.py", line 182, in __call__
    with recv_stream, send_stream, collapse_excgroups():
                                   ~~~~~~~~~~~~~~~~~~^^
  File "C:\Users\Hugh\AppData\Local\Programs\Python\Python313\Lib\contextlib.py", line 162, in __exit__
    self.gen.throw(value)
    ~~~~~~~~~~~~~~^^^^^^^
  File "C:\Users\Hugh\Python_venvs\workstation1_venv\Lib\site-packages\starlette\_utils.py", line 83, in collapse_excgroups
    raise exc
  File "C:\Users\Hugh\Python_venvs\workstation1_venv\Lib\site-packages\starlette\middleware\base.py", line 184, in __call__
    response = await self.dispatch_func(request, call_next)
               ^^^^^^^^^^^^^^^^^^^^^^^^^^^^^^^^^^^^^^^^^^^^
  File "C:\Users\Hugh\Python_venvs\workstation1_venv\Lib\site-packages\nicegui\middlewares.py", line 23, in dispatch
    response = await call_next(request)
               ^^^^^^^^^^^^^^^^^^^^^^^^
  File "C:\Users\Hugh\Python_venvs\workstation1_venv\Lib\site-packages\starlette\middleware\base.py", line 159, in call_next
    raise app_exc
  File "C:\Users\Hugh\Python_venvs\workstation1_venv\Lib\site-packages\starlette\middleware\base.py", line 144, in coro
    await self.app(scope, receive_or_disconnect, send_no_error)
  File "C:\Users\Hugh\Python_venvs\workstation1_venv\Lib\site-packages\starlette\middleware\base.py", line 182, in __call__
    with recv_stream, send_stream, collapse_excgroups():
                                   ~~~~~~~~~~~~~~~~~~^^
  File "C:\Users\Hugh\AppData\Local\Programs\Python\Python313\Lib\contextlib.py", line 162, in __exit__
    self.gen.throw(value)
    ~~~~~~~~~~~~~~^^^^^^^
  File "C:\Users\Hugh\Python_venvs\workstation1_venv\Lib\site-packages\starlette\_utils.py", line 83, in collapse_excgroups
    raise exc
  File "C:\Users\Hugh\Python_venvs\workstation1_venv\Lib\site-packages\starlette\middleware\base.py", line 184, in __call__
    response = await self.dispatch_func(request, call_next)
               ^^^^^^^^^^^^^^^^^^^^^^^^^^^^^^^^^^^^^^^^^^^^
  File "C:\Users\Hugh\Python_venvs\workstation1_venv\Lib\site-packages\nicegui\middlewares.py", line 13, in dispatch
    response = await call_next(request)
               ^^^^^^^^^^^^^^^^^^^^^^^^
  File "C:\Users\Hugh\Python_venvs\workstation1_venv\Lib\site-packages\starlette\middleware\base.py", line 159, in call_next
    raise app_exc
  File "C:\Users\Hugh\Python_venvs\workstation1_venv\Lib\site-packages\starlette\middleware\base.py", line 144, in coro
    await self.app(scope, receive_or_disconnect, send_no_error)
  File "C:\Users\Hugh\Python_venvs\workstation1_venv\Lib\site-packages\starlette\middleware\gzip.py", line 29, in __call__
    await responder(scope, receive, send)
  File "C:\Users\Hugh\Python_venvs\workstation1_venv\Lib\site-packages\starlette\middleware\gzip.py", line 130, in __call__
    await super().__call__(scope, receive, send)
  File "C:\Users\Hugh\Python_venvs\workstation1_venv\Lib\site-packages\starlette\middleware\gzip.py", line 46, in __call__
    await self.app(scope, receive, self.send_with_compression)
  File "C:\Users\Hugh\Python_venvs\workstation1_venv\Lib\site-packages\starlette\middleware\exceptions.py", line 63, in __call__
    await wrap_app_handling_exceptions(self.app, conn)(scope, receive, send)
  File "C:\Users\Hugh\Python_venvs\workstation1_venv\Lib\site-packages\starlette\_exception_handler.py", line 53, in wrapped_app
    raise exc
  File "C:\Users\Hugh\Python_venvs\workstation1_venv\Lib\site-packages\starlette\_exception_handler.py", line 42, in wrapped_app
    await app(scope, receive, sender)
  File "C:\Users\Hugh\Python_venvs\workstation1_venv\Lib\site-packages\starlette\routing.py", line 716, in __call__
    await self.middleware_stack(scope, receive, send)
  File "C:\Users\Hugh\Python_venvs\workstation1_venv\Lib\site-packages\starlette\routing.py", line 736, in app
    await route.handle(scope, receive, send)
  File "C:\Users\Hugh\Python_venvs\workstation1_venv\Lib\site-packages\starlette\routing.py", line 290, in handle
    await self.app(scope, receive, send)
  File "C:\Users\Hugh\Python_venvs\workstation1_venv\Lib\site-packages\starlette\routing.py", line 78, in app
    await wrap_app_handling_exceptions(app, request)(scope, receive, send)
  File "C:\Users\Hugh\Python_venvs\workstation1_venv\Lib\site-packages\starlette\_exception_handler.py", line 53, in wrapped_app
    raise exc
  File "C:\Users\Hugh\Python_venvs\workstation1_venv\Lib\site-packages\starlette\_exception_handler.py", line 42, in wrapped_app
    await app(scope, receive, sender)
  File "C:\Users\Hugh\Python_venvs\workstation1_venv\Lib\site-packages\starlette\routing.py", line 75, in app
    response = await f(request)
               ^^^^^^^^^^^^^^^^
  File "C:\Users\Hugh\Python_venvs\workstation1_venv\Lib\site-packages\fastapi\routing.py", line 302, in app
    raw_response = await run_endpoint_function(
                   ^^^^^^^^^^^^^^^^^^^^^^^^^^^^
    ...<3 lines>...
    )
    ^
  File "C:\Users\Hugh\Python_venvs\workstation1_venv\Lib\site-packages\fastapi\routing.py", line 213, in run_endpoint_function
    return await dependant.call(**values)
           ^^^^^^^^^^^^^^^^^^^^^^^^^^^^^^
  File "C:\Users\Hugh\Python_venvs\workstation1_venv\Lib\site-packages\nicegui\page.py", line 148, in decorated
    return create_error_page(e, request)
  File "C:\Users\Hugh\Python_venvs\workstation1_venv\Lib\site-packages\nicegui\page.py", line 115, in create_error_page
    raise e
  File "C:\Users\Hugh\Python_venvs\workstation1_venv\Lib\site-packages\nicegui\page.py", line 146, in decorated
    result = func(*dec_args, **dec_kwargs)
  File "F:\VulcanConnect2025-09\frontend\pages\profiles_export.py", line 44, in profiles_export_page
    ui_state.process_button.on_click(process(ui_state))
    ^^^^^^^^^^^^^^^^^^^^^^^^^^^^^^^^
AttributeError: 'NoneType' object has no attribute 'on_click'
ERROR:nicegui:'ClickEventArguments' object has no attribute 'url_input' and no __dict__ for setting new attributes
Traceback (most recent call last):
  File "C:\Users\Hugh\Python_venvs\workstation1_venv\Lib\site-packages\nicegui\events.py", line 431, in handle_event
    result = cast(Callable[[EventT], Any], handler)(arguments)
  File "F:\VulcanConnect2025-09\frontend\pages\profiles_export.py", line 33, in find_and_display
    ui_state.url_input = url_input.value
    ^^^^^^^^^^^^^^^^^^
AttributeError: 'ClickEventArguments' object has no attribute 'url_input' and no __dict__ for setting new attributes
ERROR:nicegui:'ClickEventArguments' object has no attribute 'ui_options'
Traceback (most recent call last):
  File "C:\Users\Hugh\Python_venvs\workstation1_venv\Lib\site-packages\nicegui\events.py", line 431, in handle_event
    result = cast(Callable[[EventT], Any], handler)(arguments)
  File "F:\VulcanConnect2025-09\frontend\pages\profiles_export.py", line 50, in process
    print(f'Processing {ui_state.ui_options}')
                        ^^^^^^^^^^^^^^^^^^^
AttributeError: 'ClickEventArguments' object has no attribute 'ui_options'
ERROR:nicegui:'ClickEventArguments' object has no attribute 'ui_options'
Traceback (most recent call last):
  File "C:\Users\Hugh\Python_venvs\workstation1_venv\Lib\site-packages\nicegui\events.py", line 431, in handle_event
    result = cast(Callable[[EventT], Any], handler)(arguments)
  File "F:\VulcanConnect2025-09\frontend\pages\profiles_export.py", line 50, in process
    print(f'Processing {ui_state.ui_options}')
                        ^^^^^^^^^^^^^^^^^^^
AttributeError: 'ClickEventArguments' object has no attribute 'ui_options'
ERROR:nicegui:'ClickEventArguments' object has no attribute 'ui_options'
Traceback (most recent call last):
  File "C:\Users\Hugh\Python_venvs\workstation1_venv\Lib\site-packages\nicegui\events.py", line 431, in handle_event
    result = cast(Callable[[EventT], Any], handler)(arguments)
  File "F:\VulcanConnect2025-09\frontend\pages\profiles_export.py", line 50, in process
    print(f'Processing {ui_state.ui_options}')
                        ^^^^^^^^^^^^^^^^^^^
AttributeError: 'ClickEventArguments' object has no attribute 'ui_options'
ERROR:nicegui:'ClickEventArguments' object has no attribute 'ui_options'
Traceback (most recent call last):
  File "C:\Users\Hugh\Python_venvs\workstation1_venv\Lib\site-packages\nicegui\events.py", line 431, in handle_event
    result = cast(Callable[[EventT], Any], handler)(arguments)
  File "F:\VulcanConnect2025-09\frontend\pages\profiles_export.py", line 50, in process
    print(f'Processing {ui_state.ui_options}')
                        ^^^^^^^^^^^^^^^^^^^
AttributeError: 'ClickEventArguments' object has no attribute 'ui_options'
ERROR:nicegui:'ClickEventArguments' object has no attribute 'ui_options'
Traceback (most recent call last):
  File "C:\Users\Hugh\Python_venvs\workstation1_venv\Lib\site-packages\nicegui\events.py", line 431, in handle_event
    result = cast(Callable[[EventT], Any], handler)(arguments)
  File "F:\VulcanConnect2025-09\frontend\pages\profiles_export.py", line 50, in process
    print(f'Processing {ui_state.ui_options}')
                        ^^^^^^^^^^^^^^^^^^^
AttributeError: 'ClickEventArguments' object has no attribute 'ui_options'
ERROR:nicegui:'ClickEventArguments' object has no attribute 'ui_options'
Traceback (most recent call last):
  File "C:\Users\Hugh\Python_venvs\workstation1_venv\Lib\site-packages\nicegui\events.py", line 431, in handle_event
    result = cast(Callable[[EventT], Any], handler)(arguments)
  File "F:\VulcanConnect2025-09\frontend\pages\profiles_export.py", line 50, in process
    print(f'Processing {ui_state.ui_options}')
                        ^^^^^^^^^^^^^^^^^^^
AttributeError: 'ClickEventArguments' object has no attribute 'ui_options'
ERROR:nicegui:'ClickEventArguments' object has no attribute 'ui_options'
Traceback (most recent call last):
  File "C:\Users\Hugh\Python_venvs\workstation1_venv\Lib\site-packages\nicegui\events.py", line 431, in handle_event
    result = cast(Callable[[EventT], Any], handler)(arguments)
  File "F:\VulcanConnect2025-09\frontend\pages\profiles_export.py", line 50, in process
    print(f'Processing {ui_state.ui_options}')
                        ^^^^^^^^^^^^^^^^^^^
AttributeError: 'ClickEventArguments' object has no attribute 'ui_options'
ERROR:nicegui:'ClickEventArguments' object has no attribute 'ui_options'
Traceback (most recent call last):
  File "C:\Users\Hugh\Python_venvs\workstation1_venv\Lib\site-packages\nicegui\events.py", line 431, in handle_event
    result = cast(Callable[[EventT], Any], handler)(arguments)
  File "F:\VulcanConnect2025-09\frontend\pages\profiles_export.py", line 50, in process
    print(f'Processing {ui_state.ui_options}')
                        ^^^^^^^^^^^^^^^^^^^
AttributeError: 'ClickEventArguments' object has no attribute 'ui_options'
ERROR:nicegui:'ClickEventArguments' object has no attribute 'ui_options'
Traceback (most recent call last):
  File "C:\Users\Hugh\Python_venvs\workstation1_venv\Lib\site-packages\nicegui\events.py", line 431, in handle_event
    result = cast(Callable[[EventT], Any], handler)(arguments)
  File "F:\VulcanConnect2025-09\frontend\pages\profiles_export.py", line 50, in process
    print(f'Processing {ui_state.ui_options}')
                        ^^^^^^^^^^^^^^^^^^^
AttributeError: 'ClickEventArguments' object has no attribute 'ui_options'
ERROR:nicegui:'ClickEventArguments' object has no attribute 'ui_options'
Traceback (most recent call last):
  File "C:\Users\Hugh\Python_venvs\workstation1_venv\Lib\site-packages\nicegui\events.py", line 431, in handle_event
    result = cast(Callable[[EventT], Any], handler)(arguments)
  File "F:\VulcanConnect2025-09\frontend\pages\profiles_export.py", line 50, in process
    print(f'Processing {ui_state.ui_options}')
                        ^^^^^^^^^^^^^^^^^^^
AttributeError: 'ClickEventArguments' object has no attribute 'ui_options'
ERROR:nicegui:'ClickEventArguments' object has no attribute 'ui_options'
Traceback (most recent call last):
  File "C:\Users\Hugh\Python_venvs\workstation1_venv\Lib\site-packages\nicegui\events.py", line 431, in handle_event
    result = cast(Callable[[EventT], Any], handler)(arguments)
  File "F:\VulcanConnect2025-09\frontend\pages\profiles_export.py", line 50, in process
    print(f'Processing {ui_state.ui_options}')
                        ^^^^^^^^^^^^^^^^^^^
AttributeError: 'ClickEventArguments' object has no attribute 'ui_options'
ERROR:nicegui:'ClickEventArguments' object has no attribute 'ui_options'
Traceback (most recent call last):
  File "C:\Users\Hugh\Python_venvs\workstation1_venv\Lib\site-packages\nicegui\events.py", line 431, in handle_event
    result = cast(Callable[[EventT], Any], handler)(arguments)
  File "F:\VulcanConnect2025-09\frontend\pages\profiles_export.py", line 50, in process
    print(f'Processing {ui_state.ui_options}')
                        ^^^^^^^^^^^^^^^^^^^
AttributeError: 'ClickEventArguments' object has no attribute 'ui_options'
ERROR:nicegui:'ClickEventArguments' object has no attribute 'ui_options'
Traceback (most recent call last):
  File "C:\Users\Hugh\Python_venvs\workstation1_venv\Lib\site-packages\nicegui\events.py", line 431, in handle_event
    result = cast(Callable[[EventT], Any], handler)(arguments)
  File "F:\VulcanConnect2025-09\frontend\pages\profiles_export.py", line 50, in process
    print(f'Processing {ui_state.ui_options}')
                        ^^^^^^^^^^^^^^^^^^^
AttributeError: 'ClickEventArguments' object has no attribute 'ui_options'
ERROR:nicegui:'ClickEventArguments' object has no attribute 'ui_options'
Traceback (most recent call last):
  File "C:\Users\Hugh\Python_venvs\workstation1_venv\Lib\site-packages\nicegui\events.py", line 431, in handle_event
    result = cast(Callable[[EventT], Any], handler)(arguments)
  File "F:\VulcanConnect2025-09\frontend\pages\profiles_export.py", line 50, in process
    print(f'Processing {ui_state.ui_options}')
                        ^^^^^^^^^^^^^^^^^^^
AttributeError: 'ClickEventArguments' object has no attribute 'ui_options'
ERROR:nicegui:'ClickEventArguments' object has no attribute 'url_input' and no __dict__ for setting new attributes
Traceback (most recent call last):
  File "C:\Users\Hugh\Python_venvs\workstation1_venv\Lib\site-packages\nicegui\events.py", line 431, in handle_event
    result = cast(Callable[[EventT], Any], handler)(arguments)
  File "F:\VulcanConnect2025-09\frontend\pages\profiles_export.py", line 33, in find_and_display
    ui_state.url_input = url_input.value
    ^^^^^^^^^^^^^^^^^^
AttributeError: 'ClickEventArguments' object has no attribute 'url_input' and no __dict__ for setting new attributes
ERROR:nicegui:'ClickEventArguments' object has no attribute 'url_input' and no __dict__ for setting new attributes
Traceback (most recent call last):
  File "C:\Users\Hugh\Python_venvs\workstation1_venv\Lib\site-packages\nicegui\events.py", line 431, in handle_event
    result = cast(Callable[[EventT], Any], handler)(arguments)
  File "F:\VulcanConnect2025-09\frontend\pages\profiles_export.py", line 33, in find_and_display
    ui_state.url_input = url_input.value
    ^^^^^^^^^^^^^^^^^^
AttributeError: 'ClickEventArguments' object has no attribute 'url_input' and no __dict__ for setting new attributes
ERROR:nicegui:'ClickEventArguments' object has no attribute 'url_input' and no __dict__ for setting new attributes
Traceback (most recent call last):
  File "C:\Users\Hugh\Python_venvs\workstation1_venv\Lib\site-packages\nicegui\events.py", line 431, in handle_event
    result = cast(Callable[[EventT], Any], handler)(arguments)
  File "F:\VulcanConnect2025-09\frontend\pages\profiles_export.py", line 33, in find_and_display
    ui_state.url_input = url_input.value
    ^^^^^^^^^^^^^^^^^^
AttributeError: 'ClickEventArguments' object has no attribute 'url_input' and no __dict__ for setting new attributes
ERROR:nicegui:'ClickEventArguments' object has no attribute 'url_input' and no __dict__ for setting new attributes
Traceback (most recent call last):
  File "C:\Users\Hugh\Python_venvs\workstation1_venv\Lib\site-packages\nicegui\events.py", line 431, in handle_event
    result = cast(Callable[[EventT], Any], handler)(arguments)
  File "F:\VulcanConnect2025-09\frontend\pages\profiles_export.py", line 33, in find_and_display
    ui_state.url_input = url_input.value
    ^^^^^^^^^^^^^^^^^^
AttributeError: 'ClickEventArguments' object has no attribute 'url_input' and no __dict__ for setting new attributes
ERROR:nicegui:'ClickEventArguments' object has no attribute 'url_input' and no __dict__ for setting new attributes
Traceback (most recent call last):
  File "C:\Users\Hugh\Python_venvs\workstation1_venv\Lib\site-packages\nicegui\events.py", line 431, in handle_event
    result = cast(Callable[[EventT], Any], handler)(arguments)
  File "F:\VulcanConnect2025-09\frontend\pages\profiles_export.py", line 33, in find_and_display
    ui_state.url_input = url_input.value
    ^^^^^^^^^^^^^^^^^^
AttributeError: 'ClickEventArguments' object has no attribute 'url_input' and no __dict__ for setting new attributes
ERROR:nicegui:'ClickEventArguments' object has no attribute 'url_input' and no __dict__ for setting new attributes
Traceback (most recent call last):
  File "C:\Users\Hugh\Python_venvs\workstation1_venv\Lib\site-packages\nicegui\events.py", line 431, in handle_event
    result = cast(Callable[[EventT], Any], handler)(arguments)
  File "F:\VulcanConnect2025-09\frontend\pages\profiles_export.py", line 33, in find_and_display
    ui_state.url_input = url_input.value
    ^^^^^^^^^^^^^^^^^^
AttributeError: 'ClickEventArguments' object has no attribute 'url_input' and no __dict__ for setting new attributes
ERROR:nicegui:'ClickEventArguments' object has no attribute 'url_input' and no __dict__ for setting new attributes
Traceback (most recent call last):
  File "C:\Users\Hugh\Python_venvs\workstation1_venv\Lib\site-packages\nicegui\events.py", line 431, in handle_event
    result = cast(Callable[[EventT], Any], handler)(arguments)
  File "F:\VulcanConnect2025-09\frontend\pages\profiles_export.py", line 33, in find_and_display
    ui_state.url_input = url_input.value
    ^^^^^^^^^^^^^^^^^^
AttributeError: 'ClickEventArguments' object has no attribute 'url_input' and no __dict__ for setting new attributes
ERROR:nicegui:'ClickEventArguments' object has no attribute 'url_input' and no __dict__ for setting new attributes
Traceback (most recent call last):
  File "C:\Users\Hugh\Python_venvs\workstation1_venv\Lib\site-packages\nicegui\events.py", line 431, in handle_event
    result = cast(Callable[[EventT], Any], handler)(arguments)
  File "F:\VulcanConnect2025-09\frontend\pages\profiles_export.py", line 33, in find_and_display
    ui_state.url_input = url_input.value
    ^^^^^^^^^^^^^^^^^^
AttributeError: 'ClickEventArguments' object has no attribute 'url_input' and no __dict__ for setting new attributes
ERROR:nicegui:'ClickEventArguments' object has no attribute 'url_input' and no __dict__ for setting new attributes
Traceback (most recent call last):
  File "C:\Users\Hugh\Python_venvs\workstation1_venv\Lib\site-packages\nicegui\events.py", line 431, in handle_event
    result = cast(Callable[[EventT], Any], handler)(arguments)
  File "F:\VulcanConnect2025-09\frontend\pages\profiles_export.py", line 33, in find_and_display
    ui_state.url_input = url_input.value
    ^^^^^^^^^^^^^^^^^^
AttributeError: 'ClickEventArguments' object has no attribute 'url_input' and no __dict__ for setting new attributes
ERROR:nicegui:'ClickEventArguments' object has no attribute 'url_input' and no __dict__ for setting new attributes
Traceback (most recent call last):
  File "C:\Users\Hugh\Python_venvs\workstation1_venv\Lib\site-packages\nicegui\events.py", line 431, in handle_event
    result = cast(Callable[[EventT], Any], handler)(arguments)
  File "F:\VulcanConnect2025-09\frontend\pages\profiles_export.py", line 33, in find_and_display
    ui_state.url_input = url_input.value
    ^^^^^^^^^^^^^^^^^^
AttributeError: 'ClickEventArguments' object has no attribute 'url_input' and no __dict__ for setting new attributes
ERROR:nicegui:'GenericEventArguments' object has no attribute 'value'
Traceback (most recent call last):
  File "C:\Users\Hugh\Python_venvs\workstation1_venv\Lib\site-packages\nicegui\events.py", line 431, in handle_event
    result = cast(Callable[[EventT], Any], handler)(arguments)
  File "F:\VulcanConnect2025-09\frontend\table_display.py", line 60, in update_highlight
    if not e.value:  # empty or None
           ^^^^^^^
AttributeError: 'GenericEventArguments' object has no attribute 'value'
ERROR:nicegui:'GenericEventArguments' object has no attribute 'value'
Traceback (most recent call last):
  File "C:\Users\Hugh\Python_venvs\workstation1_venv\Lib\site-packages\nicegui\events.py", line 431, in handle_event
    result = cast(Callable[[EventT], Any], handler)(arguments)
  File "F:\VulcanConnect2025-09\frontend\table_display.py", line 60, in update_highlight
    if not e.value:  # empty or None
           ^^^^^^^
AttributeError: 'GenericEventArguments' object has no attribute 'value'
ERROR:nicegui:name 'component' is not defined
Traceback (most recent call last):
  File "C:\Users\Hugh\Python_venvs\workstation1_venv\Lib\site-packages\nicegui\events.py", line 433, in handle_event
    result = cast(Callable[[], Any], handler)()
  File "F:\VulcanConnect2025-09\frontend\pages\profiles_export.py", line 58, in process
    table_display(profileData, materials)
    ~~~~~~~~~~~~~^^^^^^^^^^^^^^^^^^^^^^^^
  File "F:\VulcanConnect2025-09\frontend\table_display.py", line 60, in table_display
    editor[key] = component
                  ^^^^^^^^^
NameError: name 'component' is not defined
ERROR:nicegui:'GenericEventArguments' object has no attribute 'value'
Traceback (most recent call last):
  File "C:\Users\Hugh\Python_venvs\workstation1_venv\Lib\site-packages\nicegui\events.py", line 431, in handle_event
    result = cast(Callable[[EventT], Any], handler)(arguments)
  File "F:\VulcanConnect2025-09\frontend\table_display.py", line 60, in update_highlight
    if not e.value:  # empty or None
           ^^^^^^^
AttributeError: 'GenericEventArguments' object has no attribute 'value'
ERROR:nicegui:'GenericEventArguments' object has no attribute 'value'
Traceback (most recent call last):
  File "C:\Users\Hugh\Python_venvs\workstation1_venv\Lib\site-packages\nicegui\events.py", line 431, in handle_event
    result = cast(Callable[[EventT], Any], handler)(arguments)
  File "F:\VulcanConnect2025-09\frontend\table_display.py", line 93, in enforce_non_empty
    if e.value in (None, ''):
       ^^^^^^^
AttributeError: 'GenericEventArguments' object has no attribute 'value'
ERROR:nicegui:'GenericEventArguments' object has no attribute 'value'
Traceback (most recent call last):
  File "C:\Users\Hugh\Python_venvs\workstation1_venv\Lib\site-packages\nicegui\events.py", line 431, in handle_event
    result = cast(Callable[[EventT], Any], handler)(arguments)
  File "F:\VulcanConnect2025-09\frontend\table_display.py", line 93, in enforce_non_empty
    if e.value in (None, ''):
       ^^^^^^^
AttributeError: 'GenericEventArguments' object has no attribute 'value'
ERROR:nicegui:'GenericEventArguments' object has no attribute 'value'
Traceback (most recent call last):
  File "C:\Users\Hugh\Python_venvs\workstation1_venv\Lib\site-packages\nicegui\events.py", line 431, in handle_event
    result = cast(Callable[[EventT], Any], handler)(arguments)
  File "F:\VulcanConnect2025-09\frontend\table_display.py", line 93, in enforce_non_empty
    if e.value in (None, ''):
       ^^^^^^^
AttributeError: 'GenericEventArguments' object has no attribute 'value'
ERROR:nicegui:'GenericEventArguments' object has no attribute 'value'
Traceback (most recent call last):
  File "C:\Users\Hugh\Python_venvs\workstation1_venv\Lib\site-packages\nicegui\events.py", line 431, in handle_event
    result = cast(Callable[[EventT], Any], handler)(arguments)
  File "F:\VulcanConnect2025-09\frontend\table_display.py", line 95, in enforce_non_empty
    if e.value in (None, ''):
       ^^^^^^^
AttributeError: 'GenericEventArguments' object has no attribute 'value'
ERROR:nicegui:'GenericEventArguments' object has no attribute 'value'
Traceback (most recent call last):
  File "C:\Users\Hugh\Python_venvs\workstation1_venv\Lib\site-packages\nicegui\events.py", line 431, in handle_event
    result = cast(Callable[[EventT], Any], handler)(arguments)
  File "F:\VulcanConnect2025-09\frontend\table_display.py", line 95, in enforce_non_empty
    if e.value in (None, ''):
       ^^^^^^^
AttributeError: 'GenericEventArguments' object has no attribute 'value'
ERROR:nicegui:'GenericEventArguments' object has no attribute 'value'
Traceback (most recent call last):
  File "C:\Users\Hugh\Python_venvs\workstation1_venv\Lib\site-packages\nicegui\events.py", line 431, in handle_event
    result = cast(Callable[[EventT], Any], handler)(arguments)
  File "F:\VulcanConnect2025-09\frontend\table_display.py", line 107, in enforce_non_empty
    if e.value in (None, ''):
       ^^^^^^^
AttributeError: 'GenericEventArguments' object has no attribute 'value'
ERROR:nicegui:'GenericEventArguments' object has no attribute 'value'
Traceback (most recent call last):
  File "C:\Users\Hugh\Python_venvs\workstation1_venv\Lib\site-packages\nicegui\events.py", line 431, in handle_event
    result = cast(Callable[[EventT], Any], handler)(arguments)
  File "F:\VulcanConnect2025-09\frontend\table_display.py", line 107, in enforce_non_empty
    if e.value in (None, ''):
       ^^^^^^^
AttributeError: 'GenericEventArguments' object has no attribute 'value'
ERROR:nicegui:'GenericEventArguments' object has no attribute 'value'
Traceback (most recent call last):
  File "C:\Users\Hugh\Python_venvs\workstation1_venv\Lib\site-packages\nicegui\events.py", line 431, in handle_event
    result = cast(Callable[[EventT], Any], handler)(arguments)
  File "F:\VulcanConnect2025-09\frontend\table_display.py", line 107, in enforce_non_empty
    if e.value in (None, ''):
       ^^^^^^^
AttributeError: 'GenericEventArguments' object has no attribute 'value'
ERROR:nicegui:'GenericEventArguments' object has no attribute 'value'
Traceback (most recent call last):
  File "C:\Users\Hugh\Python_venvs\workstation1_venv\Lib\site-packages\nicegui\events.py", line 431, in handle_event
    result = cast(Callable[[EventT], Any], handler)(arguments)
  File "F:\VulcanConnect2025-09\frontend\table_display.py", line 117, in enforce_non_empty
    if e.value in (None, ''):
       ^^^^^^^
AttributeError: 'GenericEventArguments' object has no attribute 'value'
ERROR:nicegui:'GenericEventArguments' object has no attribute 'value'
Traceback (most recent call last):
  File "C:\Users\Hugh\Python_venvs\workstation1_venv\Lib\site-packages\nicegui\events.py", line 431, in handle_event
    result = cast(Callable[[EventT], Any], handler)(arguments)
  File "F:\VulcanConnect2025-09\frontend\table_display.py", line 117, in enforce_non_empty
    if e.value in (None, ''):
       ^^^^^^^
AttributeError: 'GenericEventArguments' object has no attribute 'value'
ERROR:nicegui:'GenericEventArguments' object has no attribute 'value'
Traceback (most recent call last):
  File "C:\Users\Hugh\Python_venvs\workstation1_venv\Lib\site-packages\nicegui\events.py", line 431, in handle_event
    result = cast(Callable[[EventT], Any], handler)(arguments)
  File "F:\VulcanConnect2025-09\frontend\table_display.py", line 117, in enforce_non_empty
    if e.value in (None, ''):
       ^^^^^^^
AttributeError: 'GenericEventArguments' object has no attribute 'value'
ERROR:nicegui:'GenericEventArguments' object has no attribute 'value'
Traceback (most recent call last):
  File "C:\Users\Hugh\Python_venvs\workstation1_venv\Lib\site-packages\nicegui\events.py", line 431, in handle_event
    result = cast(Callable[[EventT], Any], handler)(arguments)
  File "F:\VulcanConnect2025-09\frontend\table_display.py", line 117, in enforce_non_empty
    if e.value in (None, ''):
       ^^^^^^^
AttributeError: 'GenericEventArguments' object has no attribute 'value'
ERROR:nicegui:'GenericEventArguments' object has no attribute 'value'
Traceback (most recent call last):
  File "C:\Users\Hugh\Python_venvs\workstation1_venv\Lib\site-packages\nicegui\events.py", line 431, in handle_event
    result = cast(Callable[[EventT], Any], handler)(arguments)
  File "F:\VulcanConnect2025-09\frontend\table_display.py", line 117, in enforce_non_empty
    if e.value in (None, ''):
       ^^^^^^^
AttributeError: 'GenericEventArguments' object has no attribute 'value'
ERROR:nicegui:'GenericEventArguments' object has no attribute 'value'
Traceback (most recent call last):
  File "C:\Users\Hugh\Python_venvs\workstation1_venv\Lib\site-packages\nicegui\events.py", line 431, in handle_event
    result = cast(Callable[[EventT], Any], handler)(arguments)
  File "F:\VulcanConnect2025-09\frontend\table_display.py", line 117, in enforce_non_empty
    if e.value in (None, ''):
       ^^^^^^^
AttributeError: 'GenericEventArguments' object has no attribute 'value'
ERROR:nicegui:'GenericEventArguments' object has no attribute 'value'
Traceback (most recent call last):
  File "C:\Users\Hugh\Python_venvs\workstation1_venv\Lib\site-packages\nicegui\events.py", line 431, in handle_event
    result = cast(Callable[[EventT], Any], handler)(arguments)
  File "F:\VulcanConnect2025-09\frontend\table_display.py", line 82, in enforce_non_empty
    if e.value in (None, ''):
       ^^^^^^^
AttributeError: 'GenericEventArguments' object has no attribute 'value'
ERROR:nicegui:'GenericEventArguments' object has no attribute 'value'
Traceback (most recent call last):
  File "C:\Users\Hugh\Python_venvs\workstation1_venv\Lib\site-packages\nicegui\events.py", line 431, in handle_event
    result = cast(Callable[[EventT], Any], handler)(arguments)
  File "F:\VulcanConnect2025-09\frontend\table_display.py", line 82, in enforce_non_empty
    if e.value in (None, ''):
       ^^^^^^^
AttributeError: 'GenericEventArguments' object has no attribute 'value'
ERROR:nicegui:'GenericEventArguments' object has no attribute 'value'
Traceback (most recent call last):
  File "C:\Users\Hugh\Python_venvs\workstation1_venv\Lib\site-packages\nicegui\events.py", line 431, in handle_event
    result = cast(Callable[[EventT], Any], handler)(arguments)
  File "F:\VulcanConnect2025-09\frontend\table_display.py", line 82, in enforce_non_empty
    if e.value in (None, ''):
       ^^^^^^^
AttributeError: 'GenericEventArguments' object has no attribute 'value'
ERROR:nicegui:'GenericEventArguments' object has no attribute 'value'
Traceback (most recent call last):
  File "C:\Users\Hugh\Python_venvs\workstation1_venv\Lib\site-packages\nicegui\events.py", line 431, in handle_event
    result = cast(Callable[[EventT], Any], handler)(arguments)
  File "F:\VulcanConnect2025-09\frontend\table_display.py", line 121, in enforce_non_empty
    if e.value in (None, ''):
       ^^^^^^^
AttributeError: 'GenericEventArguments' object has no attribute 'value'
ERROR:nicegui:'GenericEventArguments' object has no attribute 'value'
Traceback (most recent call last):
  File "C:\Users\Hugh\Python_venvs\workstation1_venv\Lib\site-packages\nicegui\events.py", line 431, in handle_event
    result = cast(Callable[[EventT], Any], handler)(arguments)
  File "F:\VulcanConnect2025-09\frontend\table_display.py", line 106, in enforce_non_empty
    if e.value in (None, ''):
       ^^^^^^^
AttributeError: 'GenericEventArguments' object has no attribute 'value'
ERROR:nicegui:'GenericEventArguments' object has no attribute 'value'
Traceback (most recent call last):
  File "C:\Users\Hugh\Python_venvs\workstation1_venv\Lib\site-packages\nicegui\events.py", line 431, in handle_event
    result = cast(Callable[[EventT], Any], handler)(arguments)
  File "F:\VulcanConnect2025-09\frontend\table_display.py", line 106, in enforce_non_empty
    if e.value in (None, ''):
       ^^^^^^^
AttributeError: 'GenericEventArguments' object has no attribute 'value'
ERROR:nicegui:'GenericEventArguments' object has no attribute 'value'
Traceback (most recent call last):
  File "C:\Users\Hugh\Python_venvs\workstation1_venv\Lib\site-packages\nicegui\events.py", line 431, in handle_event
    result = cast(Callable[[EventT], Any], handler)(arguments)
  File "F:\VulcanConnect2025-09\frontend\table_display.py", line 130, in enforce_non_empty
    if e.value in (None, ''):
       ^^^^^^^
AttributeError: 'GenericEventArguments' object has no attribute 'value'
ERROR:nicegui:'GenericEventArguments' object has no attribute 'value'
Traceback (most recent call last):
  File "C:\Users\Hugh\Python_venvs\workstation1_venv\Lib\site-packages\nicegui\events.py", line 431, in handle_event
    result = cast(Callable[[EventT], Any], handler)(arguments)
  File "F:\VulcanConnect2025-09\frontend\table_display.py", line 130, in enforce_non_empty
    if e.value in (None, ''):
       ^^^^^^^
AttributeError: 'GenericEventArguments' object has no attribute 'value'
ERROR:nicegui:'GenericEventArguments' object has no attribute 'value'
Traceback (most recent call last):
  File "C:\Users\Hugh\Python_venvs\workstation1_venv\Lib\site-packages\nicegui\events.py", line 431, in handle_event
    result = cast(Callable[[EventT], Any], handler)(arguments)
  File "F:\VulcanConnect2025-09\frontend\table_display.py", line 130, in enforce_non_empty
    if e.value in (None, ''):
       ^^^^^^^
AttributeError: 'GenericEventArguments' object has no attribute 'value'
ERROR:nicegui:'GenericEventArguments' object has no attribute 'value'
Traceback (most recent call last):
  File "C:\Users\Hugh\Python_venvs\workstation1_venv\Lib\site-packages\nicegui\events.py", line 431, in handle_event
    result = cast(Callable[[EventT], Any], handler)(arguments)
  File "F:\VulcanConnect2025-09\frontend\table_display.py", line 130, in enforce_non_empty
    if e.value in (None, ''):
       ^^^^^^^
AttributeError: 'GenericEventArguments' object has no attribute 'value'
ERROR:nicegui:'GenericEventArguments' object has no attribute 'value'
Traceback (most recent call last):
  File "C:\Users\Hugh\Python_venvs\workstation1_venv\Lib\site-packages\nicegui\events.py", line 431, in handle_event
    result = cast(Callable[[EventT], Any], handler)(arguments)
  File "F:\VulcanConnect2025-09\frontend\table_display.py", line 130, in enforce_non_empty
    if e.value in (None, ''):
       ^^^^^^^
AttributeError: 'GenericEventArguments' object has no attribute 'value'
ERROR:nicegui:'GenericEventArguments' object has no attribute 'value'
Traceback (most recent call last):
  File "C:\Users\Hugh\Python_venvs\workstation1_venv\Lib\site-packages\nicegui\events.py", line 431, in handle_event
    result = cast(Callable[[EventT], Any], handler)(arguments)
  File "F:\VulcanConnect2025-09\frontend\table_display.py", line 130, in enforce_non_empty
    if e.value in (None, ''):
       ^^^^^^^
AttributeError: 'GenericEventArguments' object has no attribute 'value'
ERROR:nicegui:'GenericEventArguments' object has no attribute 'value'
Traceback (most recent call last):
  File "C:\Users\Hugh\Python_venvs\workstation1_venv\Lib\site-packages\nicegui\events.py", line 431, in handle_event
    result = cast(Callable[[EventT], Any], handler)(arguments)
  File "F:\VulcanConnect2025-09\frontend\table_display.py", line 130, in enforce_non_empty
    if e.value in (None, ''):
       ^^^^^^^
AttributeError: 'GenericEventArguments' object has no attribute 'value'
ERROR:nicegui:'GenericEventArguments' object has no attribute 'value'
Traceback (most recent call last):
  File "C:\Users\Hugh\Python_venvs\workstation1_venv\Lib\site-packages\nicegui\events.py", line 431, in handle_event
    result = cast(Callable[[EventT], Any], handler)(arguments)
  File "F:\VulcanConnect2025-09\frontend\table_display.py", line 81, in enforce_non_empty
    if e.value in (None, ''):
       ^^^^^^^
AttributeError: 'GenericEventArguments' object has no attribute 'value'
ERROR:nicegui:Select.__init__() takes 2 positional arguments but 3 positional arguments (and 2 keyword-only arguments) were given
  + Exception Group Traceback (most recent call last):
  |   File "C:\Users\Hugh\Python_venvs\workstation1_venv\Lib\site-packages\starlette\_utils.py", line 77, in collapse_excgroups
  |     yield
  |   File "C:\Users\Hugh\Python_venvs\workstation1_venv\Lib\site-packages\starlette\middleware\base.py", line 183, in __call__
  |     async with anyio.create_task_group() as task_group:
  |                ~~~~~~~~~~~~~~~~~~~~~~~^^
  |   File "C:\Users\Hugh\Python_venvs\workstation1_venv\Lib\site-packages\anyio\_backends\_asyncio.py", line 772, in __aexit__
  |     raise BaseExceptionGroup(
  |         "unhandled errors in a TaskGroup", self._exceptions
  |     ) from None
  | ExceptionGroup: unhandled errors in a TaskGroup (1 sub-exception)
  +-+---------------- 1 ----------------
    | Traceback (most recent call last):
    |   File "C:\Users\Hugh\Python_venvs\workstation1_venv\Lib\site-packages\starlette\middleware\errors.py", line 164, in __call__
    |     await self.app(scope, receive, _send)
    |   File "C:\Users\Hugh\Python_venvs\workstation1_venv\Lib\site-packages\starlette\middleware\base.py", line 182, in __call__
    |     with recv_stream, send_stream, collapse_excgroups():
    |                                    ~~~~~~~~~~~~~~~~~~^^
    |   File "C:\Users\Hugh\AppData\Local\Programs\Python\Python313\Lib\contextlib.py", line 162, in __exit__
    |     self.gen.throw(value)
    |     ~~~~~~~~~~~~~~^^^^^^^
    |   File "C:\Users\Hugh\Python_venvs\workstation1_venv\Lib\site-packages\starlette\_utils.py", line 83, in collapse_excgroups
    |     raise exc
    |   File "C:\Users\Hugh\Python_venvs\workstation1_venv\Lib\site-packages\starlette\middleware\base.py", line 184, in __call__
    |     response = await self.dispatch_func(request, call_next)
    |                ^^^^^^^^^^^^^^^^^^^^^^^^^^^^^^^^^^^^^^^^^^^^
    |   File "C:\Users\Hugh\Python_venvs\workstation1_venv\Lib\site-packages\nicegui\middlewares.py", line 23, in dispatch
    |     response = await call_next(request)
    |                ^^^^^^^^^^^^^^^^^^^^^^^^
    |   File "C:\Users\Hugh\Python_venvs\workstation1_venv\Lib\site-packages\starlette\middleware\base.py", line 159, in call_next
    |     raise app_exc
    |   File "C:\Users\Hugh\Python_venvs\workstation1_venv\Lib\site-packages\starlette\middleware\base.py", line 144, in coro
    |     await self.app(scope, receive_or_disconnect, send_no_error)
    |   File "C:\Users\Hugh\Python_venvs\workstation1_venv\Lib\site-packages\starlette\middleware\base.py", line 182, in __call__
    |     with recv_stream, send_stream, collapse_excgroups():
    |                                    ~~~~~~~~~~~~~~~~~~^^
    |   File "C:\Users\Hugh\AppData\Local\Programs\Python\Python313\Lib\contextlib.py", line 162, in __exit__
    |     self.gen.throw(value)
    |     ~~~~~~~~~~~~~~^^^^^^^
    |   File "C:\Users\Hugh\Python_venvs\workstation1_venv\Lib\site-packages\starlette\_utils.py", line 83, in collapse_excgroups
    |     raise exc
    |   File "C:\Users\Hugh\Python_venvs\workstation1_venv\Lib\site-packages\starlette\middleware\base.py", line 184, in __call__
    |     response = await self.dispatch_func(request, call_next)
    |                ^^^^^^^^^^^^^^^^^^^^^^^^^^^^^^^^^^^^^^^^^^^^
    |   File "C:\Users\Hugh\Python_venvs\workstation1_venv\Lib\site-packages\nicegui\middlewares.py", line 13, in dispatch
    |     response = await call_next(request)
    |                ^^^^^^^^^^^^^^^^^^^^^^^^
    |   File "C:\Users\Hugh\Python_venvs\workstation1_venv\Lib\site-packages\starlette\middleware\base.py", line 159, in call_next
    |     raise app_exc
    |   File "C:\Users\Hugh\Python_venvs\workstation1_venv\Lib\site-packages\starlette\middleware\base.py", line 144, in coro
    |     await self.app(scope, receive_or_disconnect, send_no_error)
    |   File "C:\Users\Hugh\Python_venvs\workstation1_venv\Lib\site-packages\starlette\middleware\gzip.py", line 29, in __call__
    |     await responder(scope, receive, send)
    |   File "C:\Users\Hugh\Python_venvs\workstation1_venv\Lib\site-packages\starlette\middleware\gzip.py", line 130, in __call__
    |     await super().__call__(scope, receive, send)
    |   File "C:\Users\Hugh\Python_venvs\workstation1_venv\Lib\site-packages\starlette\middleware\gzip.py", line 46, in __call__
    |     await self.app(scope, receive, self.send_with_compression)
    |   File "C:\Users\Hugh\Python_venvs\workstation1_venv\Lib\site-packages\starlette\middleware\exceptions.py", line 63, in __call__
    |     await wrap_app_handling_exceptions(self.app, conn)(scope, receive, send)
    |   File "C:\Users\Hugh\Python_venvs\workstation1_venv\Lib\site-packages\starlette\_exception_handler.py", line 53, in wrapped_app
    |     raise exc
    |   File "C:\Users\Hugh\Python_venvs\workstation1_venv\Lib\site-packages\starlette\_exception_handler.py", line 42, in wrapped_app
    |     await app(scope, receive, sender)
    |   File "C:\Users\Hugh\Python_venvs\workstation1_venv\Lib\site-packages\starlette\routing.py", line 716, in __call__
    |     await self.middleware_stack(scope, receive, send)
    |   File "C:\Users\Hugh\Python_venvs\workstation1_venv\Lib\site-packages\starlette\routing.py", line 736, in app
    |     await route.handle(scope, receive, send)
    |   File "C:\Users\Hugh\Python_venvs\workstation1_venv\Lib\site-packages\starlette\routing.py", line 290, in handle
    |     await self.app(scope, receive, send)
    |   File "C:\Users\Hugh\Python_venvs\workstation1_venv\Lib\site-packages\starlette\routing.py", line 78, in app
    |     await wrap_app_handling_exceptions(app, request)(scope, receive, send)
    |   File "C:\Users\Hugh\Python_venvs\workstation1_venv\Lib\site-packages\starlette\_exception_handler.py", line 53, in wrapped_app
    |     raise exc
    |   File "C:\Users\Hugh\Python_venvs\workstation1_venv\Lib\site-packages\starlette\_exception_handler.py", line 42, in wrapped_app
    |     await app(scope, receive, sender)
    |   File "C:\Users\Hugh\Python_venvs\workstation1_venv\Lib\site-packages\starlette\routing.py", line 75, in app
    |     response = await f(request)
    |                ^^^^^^^^^^^^^^^^
    |   File "C:\Users\Hugh\Python_venvs\workstation1_venv\Lib\site-packages\fastapi\routing.py", line 302, in app
    |     raw_response = await run_endpoint_function(
    |                    ^^^^^^^^^^^^^^^^^^^^^^^^^^^^
    |     ...<3 lines>...
    |     )
    |     ^
    |   File "C:\Users\Hugh\Python_venvs\workstation1_venv\Lib\site-packages\fastapi\routing.py", line 213, in run_endpoint_function
    |     return await dependant.call(**values)
    |            ^^^^^^^^^^^^^^^^^^^^^^^^^^^^^^
    |   File "C:\Users\Hugh\Python_venvs\workstation1_venv\Lib\site-packages\nicegui\page.py", line 148, in decorated
    |     return create_error_page(e, request)
    |   File "C:\Users\Hugh\Python_venvs\workstation1_venv\Lib\site-packages\nicegui\page.py", line 115, in create_error_page
    |     raise e
    |   File "C:\Users\Hugh\Python_venvs\workstation1_venv\Lib\site-packages\nicegui\page.py", line 146, in decorated
    |     result = func(*dec_args, **dec_kwargs)
    |   File "F:\VulcanConnect2025-09\frontend\pages\profiles_export.py", line 30, in profiles_export_page
    |     options_page(ui_state)
    |     ~~~~~~~~~~~~^^^^^^^^^^
    |   File "F:\VulcanConnect2025-09\frontend\pages\profiles_export.py", line 89, in options_page
    |     ui.select('Default Supplier', supplier_names, label='Default Supplier', value=supplier_names[0]).bind_value(ui_options, 'supplier')
    |     ~~~~~~~~~^^^^^^^^^^^^^^^^^^^^^^^^^^^^^^^^^^^^^^^^^^^^^^^^^^^^^^^^^^^^^^^^^^^^^^^^^^^^^^^^^^^^^^^
    | TypeError: Select.__init__() takes 2 positional arguments but 3 positional arguments (and 2 keyword-only arguments) were given
    +------------------------------------

During handling of the above exception, another exception occurred:

Traceback (most recent call last):
  File "C:\Users\Hugh\Python_venvs\workstation1_venv\Lib\site-packages\starlette\middleware\errors.py", line 164, in __call__
    await self.app(scope, receive, _send)
  File "C:\Users\Hugh\Python_venvs\workstation1_venv\Lib\site-packages\starlette\middleware\base.py", line 182, in __call__
    with recv_stream, send_stream, collapse_excgroups():
                                   ~~~~~~~~~~~~~~~~~~^^
  File "C:\Users\Hugh\AppData\Local\Programs\Python\Python313\Lib\contextlib.py", line 162, in __exit__
    self.gen.throw(value)
    ~~~~~~~~~~~~~~^^^^^^^
  File "C:\Users\Hugh\Python_venvs\workstation1_venv\Lib\site-packages\starlette\_utils.py", line 83, in collapse_excgroups
    raise exc
  File "C:\Users\Hugh\Python_venvs\workstation1_venv\Lib\site-packages\starlette\middleware\base.py", line 184, in __call__
    response = await self.dispatch_func(request, call_next)
               ^^^^^^^^^^^^^^^^^^^^^^^^^^^^^^^^^^^^^^^^^^^^
  File "C:\Users\Hugh\Python_venvs\workstation1_venv\Lib\site-packages\nicegui\middlewares.py", line 23, in dispatch
    response = await call_next(request)
               ^^^^^^^^^^^^^^^^^^^^^^^^
  File "C:\Users\Hugh\Python_venvs\workstation1_venv\Lib\site-packages\starlette\middleware\base.py", line 159, in call_next
    raise app_exc
  File "C:\Users\Hugh\Python_venvs\workstation1_venv\Lib\site-packages\starlette\middleware\base.py", line 144, in coro
    await self.app(scope, receive_or_disconnect, send_no_error)
  File "C:\Users\Hugh\Python_venvs\workstation1_venv\Lib\site-packages\starlette\middleware\base.py", line 182, in __call__
    with recv_stream, send_stream, collapse_excgroups():
                                   ~~~~~~~~~~~~~~~~~~^^
  File "C:\Users\Hugh\AppData\Local\Programs\Python\Python313\Lib\contextlib.py", line 162, in __exit__
    self.gen.throw(value)
    ~~~~~~~~~~~~~~^^^^^^^
  File "C:\Users\Hugh\Python_venvs\workstation1_venv\Lib\site-packages\starlette\_utils.py", line 83, in collapse_excgroups
    raise exc
  File "C:\Users\Hugh\Python_venvs\workstation1_venv\Lib\site-packages\starlette\middleware\base.py", line 184, in __call__
    response = await self.dispatch_func(request, call_next)
               ^^^^^^^^^^^^^^^^^^^^^^^^^^^^^^^^^^^^^^^^^^^^
  File "C:\Users\Hugh\Python_venvs\workstation1_venv\Lib\site-packages\nicegui\middlewares.py", line 13, in dispatch
    response = await call_next(request)
               ^^^^^^^^^^^^^^^^^^^^^^^^
  File "C:\Users\Hugh\Python_venvs\workstation1_venv\Lib\site-packages\starlette\middleware\base.py", line 159, in call_next
    raise app_exc
  File "C:\Users\Hugh\Python_venvs\workstation1_venv\Lib\site-packages\starlette\middleware\base.py", line 144, in coro
    await self.app(scope, receive_or_disconnect, send_no_error)
  File "C:\Users\Hugh\Python_venvs\workstation1_venv\Lib\site-packages\starlette\middleware\gzip.py", line 29, in __call__
    await responder(scope, receive, send)
  File "C:\Users\Hugh\Python_venvs\workstation1_venv\Lib\site-packages\starlette\middleware\gzip.py", line 130, in __call__
    await super().__call__(scope, receive, send)
  File "C:\Users\Hugh\Python_venvs\workstation1_venv\Lib\site-packages\starlette\middleware\gzip.py", line 46, in __call__
    await self.app(scope, receive, self.send_with_compression)
  File "C:\Users\Hugh\Python_venvs\workstation1_venv\Lib\site-packages\starlette\middleware\exceptions.py", line 63, in __call__
    await wrap_app_handling_exceptions(self.app, conn)(scope, receive, send)
  File "C:\Users\Hugh\Python_venvs\workstation1_venv\Lib\site-packages\starlette\_exception_handler.py", line 53, in wrapped_app
    raise exc
  File "C:\Users\Hugh\Python_venvs\workstation1_venv\Lib\site-packages\starlette\_exception_handler.py", line 42, in wrapped_app
    await app(scope, receive, sender)
  File "C:\Users\Hugh\Python_venvs\workstation1_venv\Lib\site-packages\starlette\routing.py", line 716, in __call__
    await self.middleware_stack(scope, receive, send)
  File "C:\Users\Hugh\Python_venvs\workstation1_venv\Lib\site-packages\starlette\routing.py", line 736, in app
    await route.handle(scope, receive, send)
  File "C:\Users\Hugh\Python_venvs\workstation1_venv\Lib\site-packages\starlette\routing.py", line 290, in handle
    await self.app(scope, receive, send)
  File "C:\Users\Hugh\Python_venvs\workstation1_venv\Lib\site-packages\starlette\routing.py", line 78, in app
    await wrap_app_handling_exceptions(app, request)(scope, receive, send)
  File "C:\Users\Hugh\Python_venvs\workstation1_venv\Lib\site-packages\starlette\_exception_handler.py", line 53, in wrapped_app
    raise exc
  File "C:\Users\Hugh\Python_venvs\workstation1_venv\Lib\site-packages\starlette\_exception_handler.py", line 42, in wrapped_app
    await app(scope, receive, sender)
  File "C:\Users\Hugh\Python_venvs\workstation1_venv\Lib\site-packages\starlette\routing.py", line 75, in app
    response = await f(request)
               ^^^^^^^^^^^^^^^^
  File "C:\Users\Hugh\Python_venvs\workstation1_venv\Lib\site-packages\fastapi\routing.py", line 302, in app
    raw_response = await run_endpoint_function(
                   ^^^^^^^^^^^^^^^^^^^^^^^^^^^^
    ...<3 lines>...
    )
    ^
  File "C:\Users\Hugh\Python_venvs\workstation1_venv\Lib\site-packages\fastapi\routing.py", line 213, in run_endpoint_function
    return await dependant.call(**values)
           ^^^^^^^^^^^^^^^^^^^^^^^^^^^^^^
  File "C:\Users\Hugh\Python_venvs\workstation1_venv\Lib\site-packages\nicegui\page.py", line 148, in decorated
    return create_error_page(e, request)
  File "C:\Users\Hugh\Python_venvs\workstation1_venv\Lib\site-packages\nicegui\page.py", line 115, in create_error_page
    raise e
  File "C:\Users\Hugh\Python_venvs\workstation1_venv\Lib\site-packages\nicegui\page.py", line 146, in decorated
    result = func(*dec_args, **dec_kwargs)
  File "F:\VulcanConnect2025-09\frontend\pages\profiles_export.py", line 30, in profiles_export_page
    options_page(ui_state)
    ~~~~~~~~~~~~^^^^^^^^^^
  File "F:\VulcanConnect2025-09\frontend\pages\profiles_export.py", line 89, in options_page
    ui.select('Default Supplier', supplier_names, label='Default Supplier', value=supplier_names[0]).bind_value(ui_options, 'supplier')
    ~~~~~~~~~^^^^^^^^^^^^^^^^^^^^^^^^^^^^^^^^^^^^^^^^^^^^^^^^^^^^^^^^^^^^^^^^^^^^^^^^^^^^^^^^^^^^^^^
TypeError: Select.__init__() takes 2 positional arguments but 3 positional arguments (and 2 keyword-only arguments) were given
ERROR:nicegui:Select.__init__() takes 2 positional arguments but 3 positional arguments (and 1 keyword-only argument) were given
  + Exception Group Traceback (most recent call last):
  |   File "C:\Users\Hugh\Python_venvs\workstation1_venv\Lib\site-packages\starlette\_utils.py", line 77, in collapse_excgroups
  |     yield
  |   File "C:\Users\Hugh\Python_venvs\workstation1_venv\Lib\site-packages\starlette\middleware\base.py", line 183, in __call__
  |     async with anyio.create_task_group() as task_group:
  |                ~~~~~~~~~~~~~~~~~~~~~~~^^
  |   File "C:\Users\Hugh\Python_venvs\workstation1_venv\Lib\site-packages\anyio\_backends\_asyncio.py", line 772, in __aexit__
  |     raise BaseExceptionGroup(
  |         "unhandled errors in a TaskGroup", self._exceptions
  |     ) from None
  | ExceptionGroup: unhandled errors in a TaskGroup (1 sub-exception)
  +-+---------------- 1 ----------------
    | Traceback (most recent call last):
    |   File "C:\Users\Hugh\Python_venvs\workstation1_venv\Lib\site-packages\starlette\middleware\errors.py", line 164, in __call__
    |     await self.app(scope, receive, _send)
    |   File "C:\Users\Hugh\Python_venvs\workstation1_venv\Lib\site-packages\starlette\middleware\base.py", line 182, in __call__
    |     with recv_stream, send_stream, collapse_excgroups():
    |                                    ~~~~~~~~~~~~~~~~~~^^
    |   File "C:\Users\Hugh\AppData\Local\Programs\Python\Python313\Lib\contextlib.py", line 162, in __exit__
    |     self.gen.throw(value)
    |     ~~~~~~~~~~~~~~^^^^^^^
    |   File "C:\Users\Hugh\Python_venvs\workstation1_venv\Lib\site-packages\starlette\_utils.py", line 83, in collapse_excgroups
    |     raise exc
    |   File "C:\Users\Hugh\Python_venvs\workstation1_venv\Lib\site-packages\starlette\middleware\base.py", line 184, in __call__
    |     response = await self.dispatch_func(request, call_next)
    |                ^^^^^^^^^^^^^^^^^^^^^^^^^^^^^^^^^^^^^^^^^^^^
    |   File "C:\Users\Hugh\Python_venvs\workstation1_venv\Lib\site-packages\nicegui\middlewares.py", line 23, in dispatch
    |     response = await call_next(request)
    |                ^^^^^^^^^^^^^^^^^^^^^^^^
    |   File "C:\Users\Hugh\Python_venvs\workstation1_venv\Lib\site-packages\starlette\middleware\base.py", line 159, in call_next
    |     raise app_exc
    |   File "C:\Users\Hugh\Python_venvs\workstation1_venv\Lib\site-packages\starlette\middleware\base.py", line 144, in coro
    |     await self.app(scope, receive_or_disconnect, send_no_error)
    |   File "C:\Users\Hugh\Python_venvs\workstation1_venv\Lib\site-packages\starlette\middleware\base.py", line 182, in __call__
    |     with recv_stream, send_stream, collapse_excgroups():
    |                                    ~~~~~~~~~~~~~~~~~~^^
    |   File "C:\Users\Hugh\AppData\Local\Programs\Python\Python313\Lib\contextlib.py", line 162, in __exit__
    |     self.gen.throw(value)
    |     ~~~~~~~~~~~~~~^^^^^^^
    |   File "C:\Users\Hugh\Python_venvs\workstation1_venv\Lib\site-packages\starlette\_utils.py", line 83, in collapse_excgroups
    |     raise exc
    |   File "C:\Users\Hugh\Python_venvs\workstation1_venv\Lib\site-packages\starlette\middleware\base.py", line 184, in __call__
    |     response = await self.dispatch_func(request, call_next)
    |                ^^^^^^^^^^^^^^^^^^^^^^^^^^^^^^^^^^^^^^^^^^^^
    |   File "C:\Users\Hugh\Python_venvs\workstation1_venv\Lib\site-packages\nicegui\middlewares.py", line 13, in dispatch
    |     response = await call_next(request)
    |                ^^^^^^^^^^^^^^^^^^^^^^^^
    |   File "C:\Users\Hugh\Python_venvs\workstation1_venv\Lib\site-packages\starlette\middleware\base.py", line 159, in call_next
    |     raise app_exc
    |   File "C:\Users\Hugh\Python_venvs\workstation1_venv\Lib\site-packages\starlette\middleware\base.py", line 144, in coro
    |     await self.app(scope, receive_or_disconnect, send_no_error)
    |   File "C:\Users\Hugh\Python_venvs\workstation1_venv\Lib\site-packages\starlette\middleware\gzip.py", line 29, in __call__
    |     await responder(scope, receive, send)
    |   File "C:\Users\Hugh\Python_venvs\workstation1_venv\Lib\site-packages\starlette\middleware\gzip.py", line 130, in __call__
    |     await super().__call__(scope, receive, send)
    |   File "C:\Users\Hugh\Python_venvs\workstation1_venv\Lib\site-packages\starlette\middleware\gzip.py", line 46, in __call__
    |     await self.app(scope, receive, self.send_with_compression)
    |   File "C:\Users\Hugh\Python_venvs\workstation1_venv\Lib\site-packages\starlette\middleware\exceptions.py", line 63, in __call__
    |     await wrap_app_handling_exceptions(self.app, conn)(scope, receive, send)
    |   File "C:\Users\Hugh\Python_venvs\workstation1_venv\Lib\site-packages\starlette\_exception_handler.py", line 53, in wrapped_app
    |     raise exc
    |   File "C:\Users\Hugh\Python_venvs\workstation1_venv\Lib\site-packages\starlette\_exception_handler.py", line 42, in wrapped_app
    |     await app(scope, receive, sender)
    |   File "C:\Users\Hugh\Python_venvs\workstation1_venv\Lib\site-packages\starlette\routing.py", line 716, in __call__
    |     await self.middleware_stack(scope, receive, send)
    |   File "C:\Users\Hugh\Python_venvs\workstation1_venv\Lib\site-packages\starlette\routing.py", line 736, in app
    |     await route.handle(scope, receive, send)
    |   File "C:\Users\Hugh\Python_venvs\workstation1_venv\Lib\site-packages\starlette\routing.py", line 290, in handle
    |     await self.app(scope, receive, send)
    |   File "C:\Users\Hugh\Python_venvs\workstation1_venv\Lib\site-packages\starlette\routing.py", line 78, in app
    |     await wrap_app_handling_exceptions(app, request)(scope, receive, send)
    |   File "C:\Users\Hugh\Python_venvs\workstation1_venv\Lib\site-packages\starlette\_exception_handler.py", line 53, in wrapped_app
    |     raise exc
    |   File "C:\Users\Hugh\Python_venvs\workstation1_venv\Lib\site-packages\starlette\_exception_handler.py", line 42, in wrapped_app
    |     await app(scope, receive, sender)
    |   File "C:\Users\Hugh\Python_venvs\workstation1_venv\Lib\site-packages\starlette\routing.py", line 75, in app
    |     response = await f(request)
    |                ^^^^^^^^^^^^^^^^
    |   File "C:\Users\Hugh\Python_venvs\workstation1_venv\Lib\site-packages\fastapi\routing.py", line 302, in app
    |     raw_response = await run_endpoint_function(
    |                    ^^^^^^^^^^^^^^^^^^^^^^^^^^^^
    |     ...<3 lines>...
    |     )
    |     ^
    |   File "C:\Users\Hugh\Python_venvs\workstation1_venv\Lib\site-packages\fastapi\routing.py", line 213, in run_endpoint_function
    |     return await dependant.call(**values)
    |            ^^^^^^^^^^^^^^^^^^^^^^^^^^^^^^
    |   File "C:\Users\Hugh\Python_venvs\workstation1_venv\Lib\site-packages\nicegui\page.py", line 148, in decorated
    |     return create_error_page(e, request)
    |   File "C:\Users\Hugh\Python_venvs\workstation1_venv\Lib\site-packages\nicegui\page.py", line 115, in create_error_page
    |     raise e
    |   File "C:\Users\Hugh\Python_venvs\workstation1_venv\Lib\site-packages\nicegui\page.py", line 146, in decorated
    |     result = func(*dec_args, **dec_kwargs)
    |   File "F:\VulcanConnect2025-09\frontend\pages\profiles_export.py", line 30, in profiles_export_page
    |     options_page(ui_state)
    |     ~~~~~~~~~~~~^^^^^^^^^^
    |   File "F:\VulcanConnect2025-09\frontend\pages\profiles_export.py", line 89, in options_page
    |     ui.select('Default Supplier', supplier_names, value=supplier_names[0]).bind_value(ui_options, 'supplier')
    |     ~~~~~~~~~^^^^^^^^^^^^^^^^^^^^^^^^^^^^^^^^^^^^^^^^^^^^^^^^^^^^^^^^^^^^^
    | TypeError: Select.__init__() takes 2 positional arguments but 3 positional arguments (and 1 keyword-only argument) were given
    +------------------------------------

During handling of the above exception, another exception occurred:

Traceback (most recent call last):
  File "C:\Users\Hugh\Python_venvs\workstation1_venv\Lib\site-packages\starlette\middleware\errors.py", line 164, in __call__
    await self.app(scope, receive, _send)
  File "C:\Users\Hugh\Python_venvs\workstation1_venv\Lib\site-packages\starlette\middleware\base.py", line 182, in __call__
    with recv_stream, send_stream, collapse_excgroups():
                                   ~~~~~~~~~~~~~~~~~~^^
  File "C:\Users\Hugh\AppData\Local\Programs\Python\Python313\Lib\contextlib.py", line 162, in __exit__
    self.gen.throw(value)
    ~~~~~~~~~~~~~~^^^^^^^
  File "C:\Users\Hugh\Python_venvs\workstation1_venv\Lib\site-packages\starlette\_utils.py", line 83, in collapse_excgroups
    raise exc
  File "C:\Users\Hugh\Python_venvs\workstation1_venv\Lib\site-packages\starlette\middleware\base.py", line 184, in __call__
    response = await self.dispatch_func(request, call_next)
               ^^^^^^^^^^^^^^^^^^^^^^^^^^^^^^^^^^^^^^^^^^^^
  File "C:\Users\Hugh\Python_venvs\workstation1_venv\Lib\site-packages\nicegui\middlewares.py", line 23, in dispatch
    response = await call_next(request)
               ^^^^^^^^^^^^^^^^^^^^^^^^
  File "C:\Users\Hugh\Python_venvs\workstation1_venv\Lib\site-packages\starlette\middleware\base.py", line 159, in call_next
    raise app_exc
  File "C:\Users\Hugh\Python_venvs\workstation1_venv\Lib\site-packages\starlette\middleware\base.py", line 144, in coro
    await self.app(scope, receive_or_disconnect, send_no_error)
  File "C:\Users\Hugh\Python_venvs\workstation1_venv\Lib\site-packages\starlette\middleware\base.py", line 182, in __call__
    with recv_stream, send_stream, collapse_excgroups():
                                   ~~~~~~~~~~~~~~~~~~^^
  File "C:\Users\Hugh\AppData\Local\Programs\Python\Python313\Lib\contextlib.py", line 162, in __exit__
    self.gen.throw(value)
    ~~~~~~~~~~~~~~^^^^^^^
  File "C:\Users\Hugh\Python_venvs\workstation1_venv\Lib\site-packages\starlette\_utils.py", line 83, in collapse_excgroups
    raise exc
  File "C:\Users\Hugh\Python_venvs\workstation1_venv\Lib\site-packages\starlette\middleware\base.py", line 184, in __call__
    response = await self.dispatch_func(request, call_next)
               ^^^^^^^^^^^^^^^^^^^^^^^^^^^^^^^^^^^^^^^^^^^^
  File "C:\Users\Hugh\Python_venvs\workstation1_venv\Lib\site-packages\nicegui\middlewares.py", line 13, in dispatch
    response = await call_next(request)
               ^^^^^^^^^^^^^^^^^^^^^^^^
  File "C:\Users\Hugh\Python_venvs\workstation1_venv\Lib\site-packages\starlette\middleware\base.py", line 159, in call_next
    raise app_exc
  File "C:\Users\Hugh\Python_venvs\workstation1_venv\Lib\site-packages\starlette\middleware\base.py", line 144, in coro
    await self.app(scope, receive_or_disconnect, send_no_error)
  File "C:\Users\Hugh\Python_venvs\workstation1_venv\Lib\site-packages\starlette\middleware\gzip.py", line 29, in __call__
    await responder(scope, receive, send)
  File "C:\Users\Hugh\Python_venvs\workstation1_venv\Lib\site-packages\starlette\middleware\gzip.py", line 130, in __call__
    await super().__call__(scope, receive, send)
  File "C:\Users\Hugh\Python_venvs\workstation1_venv\Lib\site-packages\starlette\middleware\gzip.py", line 46, in __call__
    await self.app(scope, receive, self.send_with_compression)
  File "C:\Users\Hugh\Python_venvs\workstation1_venv\Lib\site-packages\starlette\middleware\exceptions.py", line 63, in __call__
    await wrap_app_handling_exceptions(self.app, conn)(scope, receive, send)
  File "C:\Users\Hugh\Python_venvs\workstation1_venv\Lib\site-packages\starlette\_exception_handler.py", line 53, in wrapped_app
    raise exc
  File "C:\Users\Hugh\Python_venvs\workstation1_venv\Lib\site-packages\starlette\_exception_handler.py", line 42, in wrapped_app
    await app(scope, receive, sender)
  File "C:\Users\Hugh\Python_venvs\workstation1_venv\Lib\site-packages\starlette\routing.py", line 716, in __call__
    await self.middleware_stack(scope, receive, send)
  File "C:\Users\Hugh\Python_venvs\workstation1_venv\Lib\site-packages\starlette\routing.py", line 736, in app
    await route.handle(scope, receive, send)
  File "C:\Users\Hugh\Python_venvs\workstation1_venv\Lib\site-packages\starlette\routing.py", line 290, in handle
    await self.app(scope, receive, send)
  File "C:\Users\Hugh\Python_venvs\workstation1_venv\Lib\site-packages\starlette\routing.py", line 78, in app
    await wrap_app_handling_exceptions(app, request)(scope, receive, send)
  File "C:\Users\Hugh\Python_venvs\workstation1_venv\Lib\site-packages\starlette\_exception_handler.py", line 53, in wrapped_app
    raise exc
  File "C:\Users\Hugh\Python_venvs\workstation1_venv\Lib\site-packages\starlette\_exception_handler.py", line 42, in wrapped_app
    await app(scope, receive, sender)
  File "C:\Users\Hugh\Python_venvs\workstation1_venv\Lib\site-packages\starlette\routing.py", line 75, in app
    response = await f(request)
               ^^^^^^^^^^^^^^^^
  File "C:\Users\Hugh\Python_venvs\workstation1_venv\Lib\site-packages\fastapi\routing.py", line 302, in app
    raw_response = await run_endpoint_function(
                   ^^^^^^^^^^^^^^^^^^^^^^^^^^^^
    ...<3 lines>...
    )
    ^
  File "C:\Users\Hugh\Python_venvs\workstation1_venv\Lib\site-packages\fastapi\routing.py", line 213, in run_endpoint_function
    return await dependant.call(**values)
           ^^^^^^^^^^^^^^^^^^^^^^^^^^^^^^
  File "C:\Users\Hugh\Python_venvs\workstation1_venv\Lib\site-packages\nicegui\page.py", line 148, in decorated
    return create_error_page(e, request)
  File "C:\Users\Hugh\Python_venvs\workstation1_venv\Lib\site-packages\nicegui\page.py", line 115, in create_error_page
    raise e
  File "C:\Users\Hugh\Python_venvs\workstation1_venv\Lib\site-packages\nicegui\page.py", line 146, in decorated
    result = func(*dec_args, **dec_kwargs)
  File "F:\VulcanConnect2025-09\frontend\pages\profiles_export.py", line 30, in profiles_export_page
    options_page(ui_state)
    ~~~~~~~~~~~~^^^^^^^^^^
  File "F:\VulcanConnect2025-09\frontend\pages\profiles_export.py", line 89, in options_page
    ui.select('Default Supplier', supplier_names, value=supplier_names[0]).bind_value(ui_options, 'supplier')
    ~~~~~~~~~^^^^^^^^^^^^^^^^^^^^^^^^^^^^^^^^^^^^^^^^^^^^^^^^^^^^^^^^^^^^^
TypeError: Select.__init__() takes 2 positional arguments but 3 positional arguments (and 1 keyword-only argument) were given
